id,loan_amnt,funded_amnt,term_months,int_rate,installment,grade,sub_grade,emp_length_years,home_ownership,annual_inc,income_capped,verification_status,issue_dt,issue_year,issue_month_num,issue_yyyymm,loan_status,is_resolved,is_default,purpose,addr_state,dti,dti_valid,dti_band,income_band,credit_history_years,risk_category,fico_range_low,fico_range_high,delinq_2yrs,inq_last_6mths,open_acc,pub_rec,revol_bal,revol_util,total_acc,total_pymnt,total_rec_prncp,total_rec_int,recoveries,application_type,mort_acc,pub_rec_bankruptcies
68433672,24000.0,24000.0,60.0,13.989999771118164,558.3200073242188,C,C4,0.0,MORTGAGE,125000.0,125000.0,Verified,2015-12-01,2015,12,2015-12,Late (31-120 days),0,0,debt_consolidation,GA,17.920000076293945,1,10-20,$120k+,10.417522245037645,Medium Risk,700.0,704.0,0,3,10,0,22990.0,34.79999923706055,19,20639.189453125,12793.4697265625,7845.72021484375,0.0,Individual,1,0
81524947,8000.0,8000.0,36.0,11.489999771118164,263.7799987792969,B,B5,3.0,RENT,57324.80078125,57324.80078125,Verified,2016-06-01,2016,6,2016-06,Fully Paid,1,0,debt_consolidation,CT,28.6299991607666,1,20-30,$30k-60k,12.084873374401095,Low Risk,740.0,744.0,0,0,23,0,21826.0,22.200000762939453,28,9156.93359375,8000.0,1156.9300537109375,0.0,Individual,0,0
125865584,14400.0,14400.0,60.0,9.4399995803833,302.010009765625,B,B1,10.0,MORTGAGE,80000.0,80000.0,Not Verified,2017-12-01,2017,12,2017-12,Current,0,0,debt_consolidation,MI,10.869999885559082,1,10-20,$60k-90k,18.50239561943874,Low Risk,750.0,754.0,0,1,26,0,19898.0,11.699999809265137,37,4522.60009765625,2992.280029296875,1530.3199462890625,0.0,Joint App,5,0
130960375,11000.0,11000.0,36.0,13.579999923706055,373.7200012207031,C,C2,0.0,MORTGAGE,65000.0,65000.0,Source Verified,2018-04-01,2018,4,2018-04,Fully Paid,1,0,debt_consolidation,CA,22.969999313354492,1,20-30,$60k-90k,25.831622176591377,Medium Risk,745.0,749.0,0,3,25,1,1605.0,2.9000000953674316,47,12053.4794921875,11000.0,1053.47998046875,0.0,Individual,1,1
90736472,14700.0,14700.0,36.0,14.489999771118164,505.9200134277344,C,C4,9.0,RENT,35000.0,35000.0,Verified,2016-10-01,2016,10,2016-10,Fully Paid,1,0,debt_consolidation,GA,12.930000305175781,1,10-20,$30k-60k,27.419575633127995,Medium Risk,690.0,694.0,0,0,7,0,18746.0,56.29999923706055,10,16887.201171875,14700.0,2187.199951171875,0.0,Individual,2,0
81363464,7000.0,7000.0,36.0,11.470000267028809,230.74000549316406,B,B5,10.0,MORTGAGE,54000.0,54000.0,Source Verified,2016-06-01,2016,6,2016-06,Current,0,0,car,NY,25.18000030517578,1,20-30,$30k-60k,16.084873374401095,Low Risk,680.0,684.0,1,0,5,0,758.0,15.5,25,7605.5,6318.330078125,1287.1700439453125,0.0,Individual,1,0
120195326,10000.0,10000.0,36.0,7.349999904632568,310.3800048828125,A,A4,3.0,RENT,75000.0,75000.0,Verified,2017-10-01,2017,10,2017-10,Current,0,0,debt_consolidation,IL,28.34000015258789,1,20-30,$60k-90k,6.587268993839836,Low Risk,725.0,729.0,0,0,9,0,15470.0,35.20000076293945,27,5272.3798828125,4449.22998046875,823.1500244140625,0.0,Individual,0,0
68586919,12000.0,12000.0,36.0,5.320000171661377,361.3800048828125,A,A1,9.0,MORTGAGE,98000.0,98000.0,Not Verified,2015-12-01,2015,12,2015-12,Fully Paid,1,0,major_purchase,CA,17.729999542236328,1,10-20,$90k-120k,26.247775496235455,Low Risk,775.0,779.0,0,0,20,0,27483.0,19.799999237060547,50,12867.5205078125,12000.0,867.52001953125,0.0,Individual,2,0
428826,25000.0,25000.0,36.0,16.0,878.9400024414062,E,E2,10.0,MORTGAGE,245000.0,245000.0,Verified,2009-07-01,2009,7,2009-07,Does not meet the credit policy. Status:Fully Paid,1,0,credit_card,NJ,17.93000030517578,1,10-20,$120k+,15.3347022587269,High Risk,690.0,694.0,0,6,14,0,181638.0,70.69999694824219,52,27729.876953125,25000.0,2729.8798828125,0.0,Individual,-1,0
100450575,20000.0,20000.0,60.0,11.4399995803833,439.25,B,B4,10.0,MORTGAGE,64000.0,64000.0,Not Verified,2017-03-01,2017,3,2017-03,Current,0,0,debt_consolidation,ME,22.43000030517578,1,20-30,$60k-90k,12.83230663928816,Low Risk,715.0,719.0,0,0,11,0,5300.0,28.299999237060547,33,10499.3095703125,6668.18017578125,3831.1298828125,0.0,Joint App,5,0
85586880,12000.0,12000.0,36.0,7.989999771118164,375.989990234375,A,A4,3.0,MORTGAGE,80000.0,80000.0,Not Verified,2016-07-01,2016,7,2016-07,Current,0,0,debt_consolidation,MT,28.610000610351562,1,20-30,$60k-90k,16.334017796030118,Low Risk,715.0,719.0,0,0,13,0,30808.0,49.900001525878906,31,12026.349609375,10521.099609375,1505.25,0.0,Individual,2,0
103658914,16000.0,16000.0,36.0,15.989999771118164,562.4400024414062,C,C5,4.0,RENT,52250.0,52250.0,Source Verified,2017-04-01,2017,4,2017-04,Current,0,0,credit_card,TX,26.100000381469727,1,20-30,$30k-60k,9.66735112936345,Medium Risk,670.0,674.0,0,1,9,0,18202.0,93.80000305175781,13,12943.23046875,9327.41015625,3615.820068359375,0.0,Individual,0,0
85609107,7475.0,7475.0,36.0,16.989999771118164,266.4700012207031,D,D1,10.0,MORTGAGE,67000.0,67000.0,Verified,2016-07-01,2016,7,2016-07,Fully Paid,1,0,debt_consolidation,NY,14.859999656677246,1,10-20,$60k-90k,32.917180013689254,Medium Risk,670.0,674.0,3,0,11,0,12055.0,62.20000076293945,18,8711.1337890625,7475.0,1236.1300048828125,0.0,Individual,1,0
120157418,5000.0,5000.0,36.0,18.059999465942383,180.9199981689453,D,D2,10.0,MORTGAGE,99000.0,99000.0,Verified,2017-10-01,2017,10,2017-10,Current,0,0,debt_consolidation,OH,15.789999961853027,1,10-20,$90k-120k,16.58590006844627,Medium Risk,670.0,674.0,0,3,9,0,14377.0,72.0,16,3070.6201171875,2029.8399658203125,1040.780029296875,0.0,Individual,0,0
72083499,15000.0,15000.0,60.0,11.989999771118164,333.6000061035156,C,C1,10.0,MORTGAGE,110000.0,110000.0,Not Verified,2016-02-01,2016,2,2016-02,Current,0,0,debt_consolidation,NJ,11.979999542236328,1,10-20,$90k-120k,24.251882272416154,Medium Risk,675.0,679.0,0,2,14,1,13166.0,31.899999618530273,30,12051.759765625,7913.10009765625,4138.66015625,0.0,Individual,4,1
139694215,6250.0,6250.0,36.0,10.079999923706055,201.91000366210938,B,B1,10.0,RENT,45000.0,45000.0,Not Verified,2018-09-01,2018,9,2018-09,Current,0,0,debt_consolidation,NY,8.029999732971191,1,<10,$30k-60k,3.5044490075290895,Low Risk,670.0,674.0,0,0,5,0,7880.0,55.099998474121094,6,1214.9599609375,915.5,299.4599914550781,0.0,Individual,0,0
63897307,6700.0,6700.0,36.0,7.889999866485596,209.6199951171875,A,A5,7.0,RENT,40000.0,40000.0,Source Verified,2015-11-01,2015,11,2015-11,Fully Paid,1,0,credit_card,NC,27.989999771118164,1,20-30,$30k-60k,11.249828884325805,Low Risk,680.0,684.0,0,0,21,0,6609.0,67.4000015258789,26,7557.8212890625,6700.0,857.8200073242188,0.0,Individual,0,0
140372715,3200.0,3200.0,36.0,19.920000076293945,118.80000305175781,D,D3,0.0,MORTGAGE,15000.0,15000.0,Not Verified,2018-09-01,2018,9,2018-09,Current,0,0,debt_consolidation,PA,31.280000686645508,1,30-40,<$30k,18.833675564681723,Medium Risk,695.0,699.0,1,0,4,0,639.0,26.600000381469727,12,709.260009765625,410.79998779296875,298.4599914550781,0.0,Individual,1,0
71013642,24000.0,24000.0,60.0,11.989999771118164,533.75,C,C1,10.0,RENT,122500.0,122500.0,Not Verified,2016-02-01,2016,2,2016-02,Current,0,0,credit_card,MO,15.079999923706055,1,10-20,$120k+,20.0,Medium Risk,660.0,664.0,1,1,16,0,18565.0,48.20000076293945,39,19693.580078125,13080.9599609375,6612.6201171875,0.0,Individual,0,0
84575316,40000.0,40000.0,60.0,22.389999389648438,1113.6500244140625,E,E1,0.0,MORTGAGE,141000.0,141000.0,Source Verified,2016-07-01,2016,7,2016-07,Fully Paid,1,0,debt_consolidation,AR,24.020000457763672,1,20-30,$120k+,15.3347022587269,High Risk,685.0,689.0,0,1,20,0,65407.0,37.5,32,43372.69921875,40000.0,3372.699951171875,0.0,Individual,2,0
139301423,10000.0,10000.0,36.0,10.470000267028809,324.8900146484375,B,B2,10.0,MORTGAGE,100000.0,100000.0,Source Verified,2018-08-01,2018,8,2018-08,Fully Paid,1,0,home_improvement,IL,19.520000457763672,1,10-20,$90k-120k,23.665982203969882,Low Risk,685.0,689.0,0,3,17,0,25747.0,41.900001525878906,31,10350.857421875,10000.0,350.8599853515625,0.0,Individual,3,0
37157370,10000.0,10000.0,36.0,6.03000020980835,304.3599853515625,A,A1,10.0,OWN,80000.0,80000.0,Not Verified,2014-12-01,2014,12,2014-12,Charged Off,1,1,credit_card,NV,13.1899995803833,1,10-20,$60k-90k,14.080766598220396,Low Risk,695.0,699.0,4,0,10,0,13712.0,56.70000076293945,20,8671.51953125,7619.43994140625,901.6699829101562,150.41000366210938,Individual,4,0
111548630,12800.0,12800.0,36.0,10.420000076293945,415.54998779296875,B,B3,10.0,MORTGAGE,98000.0,98000.0,Source Verified,2017-06-01,2017,6,2017-06,In Grace Period,0,0,home_improvement,OH,16.989999771118164,1,10-20,$90k-120k,18.49965776865161,Low Risk,675.0,679.0,0,1,9,1,17405.0,81.30000305175781,33,8302.169921875,6617.43994140625,1684.72998046875,0.0,Individual,5,0
111493723,3000.0,3000.0,36.0,16.020000457763672,105.51000213623047,C,C5,10.0,OWN,60970.0,60970.0,Source Verified,2017-06-01,2017,6,2017-06,Fully Paid,1,0,other,NJ,1.7300000190734863,1,<10,$60k-90k,23.748117727583846,Medium Risk,660.0,664.0,1,1,7,3,2541.0,19.5,11,3042.603515625,3000.0,42.599998474121094,0.0,Individual,0,1
126608347,12000.0,12000.0,36.0,10.420000076293945,389.5799865722656,B,B3,8.0,MORTGAGE,105000.0,105000.0,Source Verified,2018-01-01,2018,1,2018-01,Fully Paid,1,0,credit_card,WI,10.279999732971191,1,10-20,$90k-120k,17.418206707734427,Low Risk,665.0,669.0,1,0,8,0,9397.0,34.0,31,13141.1328125,12000.0,1141.1300048828125,0.0,Individual,2,0
133432186,25000.0,25000.0,36.0,6.190000057220459,762.7100219726562,A,A2,10.0,MORTGAGE,65000.0,65000.0,Source Verified,2018-05-01,2018,5,2018-05,Current,0,0,credit_card,GA,17.469999313354492,1,10-20,$60k-90k,16.0,Low Risk,725.0,729.0,0,1,10,0,19329.0,57.70000076293945,17,7618.5,6486.669921875,1131.8299560546875,0.0,Individual,5,0
73864783,2350.0,2350.0,36.0,28.670000076293945,98.05999755859375,G,G4,3.0,OWN,50000.0,50000.0,Source Verified,2016-03-01,2016,3,2016-03,Charged Off,1,1,debt_consolidation,IN,31.299999237060547,1,30-40,$30k-60k,4.8350444900752905,High Risk,675.0,679.0,0,0,7,1,1122.0,51.0,9,1238.4200439453125,364.739990234375,412.25,461.42999267578125,Individual,0,0
122656142,3675.0,3675.0,36.0,16.020000457763672,129.24000549316406,C,C5,0.0,RENT,50000.0,50000.0,Not Verified,2017-11-01,2017,11,2017-11,Current,0,0,other,CA,7.420000076293945,1,<10,$30k-60k,11.917864476386036,Medium Risk,665.0,669.0,0,0,9,0,8380.0,90.0999984741211,33,2089.909912109375,1416.0699462890625,658.8400268554688,0.0,Individual,0,0
70431630,12000.0,12000.0,60.0,10.779999732971191,259.6000061035156,B,B4,5.0,MORTGAGE,89000.0,89000.0,Not Verified,2016-02-01,2016,2,2016-02,Fully Paid,1,0,home_improvement,CO,8.539999961853027,1,<10,$60k-90k,14.50239561943874,Low Risk,690.0,694.0,0,0,10,1,3931.0,22.0,21,13542.5400390625,12000.0,1542.5400390625,0.0,Individual,2,1
79621558,5000.0,5000.0,36.0,7.889999866485596,156.42999267578125,A,A5,2.0,OWN,60000.0,60000.0,Source Verified,2016-06-01,2016,6,2016-06,Fully Paid,1,0,debt_consolidation,OR,7.159999847412109,1,<10,$60k-90k,8.251882272416154,Low Risk,665.0,669.0,0,0,13,0,1439.0,31.299999237060547,21,5628.89013671875,5000.0,628.8900146484375,0.0,Individual,0,0
57378285,15000.0,15000.0,60.0,15.609999656677246,361.6700134277344,D,D1,9.0,RENT,50000.0,50000.0,Source Verified,2015-08-01,2015,8,2015-08,Current,0,0,credit_card,CA,36.5099983215332,1,30-40,$30k-60k,10.494182067077345,Medium Risk,695.0,699.0,0,0,10,0,17174.0,51.400001525878906,19,15538.7998046875,9515.7998046875,6023.0,0.0,Individual,0,0
95437446,6625.0,6625.0,36.0,16.989999771118164,236.1699981689453,D,D1,0.0,MORTGAGE,60000.0,60000.0,Source Verified,2016-12-01,2016,12,2016-12,Fully Paid,1,0,debt_consolidation,TX,20.84000015258789,1,20-30,$60k-90k,18.754277891854894,Medium Risk,700.0,704.0,0,0,16,0,8288.0,49.900001525878906,52,7961.23046875,6625.0,1336.22998046875,0.0,Individual,3,0
61401961,5000.0,5000.0,36.0,12.289999961853027,166.77000427246094,C,C1,10.0,RENT,115000.0,115000.0,Source Verified,2015-10-01,2015,10,2015-10,Fully Paid,1,0,other,MD,11.050000190734863,1,10-20,$90k-120k,18.830937713894592,Medium Risk,670.0,674.0,2,0,11,0,5487.0,18.5,36,5266.27001953125,5000.0,266.2699890136719,0.0,Individual,3,0
13627648,10375.0,10375.0,60.0,25.56999969482422,308.0,F,F5,8.0,RENT,40194.0,40194.0,Source Verified,2014-04-01,2014,4,2014-04,Charged Off,1,1,debt_consolidation,TX,34.25,1,30-40,$30k-60k,11.498973305954825,High Risk,660.0,664.0,0,0,7,1,10398.0,84.4000015258789,15,3598.669921875,648.7899780273438,1507.2099609375,1442.6700439453125,Individual,0,1
65763143,33600.0,33600.0,60.0,18.489999771118164,862.2100219726562,E,E2,0.0,MORTGAGE,80000.0,80000.0,Source Verified,2015-11-01,2015,11,2015-11,Charged Off,1,1,other,NJ,8.270000457763672,1,<10,$60k-90k,32.67077344284736,High Risk,685.0,689.0,4,2,8,0,4840.0,47.5,20,28957.220703125,13565.6904296875,14573.6796875,688.52001953125,Individual,4,0
35843457,12000.0,12000.0,36.0,10.489999771118164,389.9800109863281,B,B3,10.0,RENT,55000.0,55000.0,Not Verified,2014-11-01,2014,11,2014-11,Fully Paid,1,0,debt_consolidation,CA,23.190000534057617,1,20-30,$30k-60k,12.917180013689254,Low Risk,700.0,704.0,0,0,7,0,16921.0,75.5,16,14024.984375,12000.0,2024.97998046875,0.0,Individual,0,0
144146306,10000.0,10000.0,60.0,11.800000190734863,221.44000244140625,B,B4,8.0,OWN,54000.0,54000.0,Not Verified,2018-11-01,2018,11,2018-11,Current,0,0,debt_consolidation,IL,18.6200008392334,1,10-20,$30k-60k,20.747433264887064,Low Risk,675.0,679.0,0,0,8,0,9140.0,49.70000076293945,23,879.2000122070312,499.739990234375,379.4599914550781,0.0,Individual,0,0
129760660,2000.0,2000.0,36.0,12.609999656677246,67.0199966430664,C,C1,10.0,MORTGAGE,20000.0,20000.0,Source Verified,2018-03-01,2018,3,2018-03,Current,0,0,credit_card,NH,27.850000381469727,1,20-30,<$30k,18.666666666666668,Medium Risk,660.0,664.0,0,1,8,0,2330.0,27.399999618530273,14,801.4400024414062,585.0900268554688,216.35000610351562,0.0,Individual,1,0
94066620,21000.0,21000.0,36.0,21.489999771118164,796.469970703125,D,D5,5.0,OWN,50000.0,50000.0,Verified,2016-12-01,2016,12,2016-12,Charged Off,1,1,debt_consolidation,NY,33.08000183105469,1,30-40,$30k-60k,16.0,Medium Risk,670.0,674.0,1,1,13,1,16838.0,79.80000305175781,19,11893.2998046875,5554.66015625,4076.56005859375,2222.260009765625,Individual,0,1
131505992,20000.0,20000.0,60.0,16.010000228881836,486.4700012207031,C,C5,0.0,OWN,86000.0,86000.0,Not Verified,2018-04-01,2018,4,2018-04,Current,0,0,debt_consolidation,NY,28.93000030517578,1,20-30,$60k-90k,15.75085557837098,Medium Risk,715.0,719.0,0,1,18,0,111917.0,31.200000762939453,29,5333.3798828125,2583.800048828125,2749.580078125,0.0,Individual,3,0
10706772,12600.0,12600.0,60.0,14.470000267028809,296.260009765625,C,C2,3.0,RENT,54000.0,54000.0,Verified,2014-01-01,2014,1,2014-01,Fully Paid,1,0,credit_card,OR,21.0,1,20-30,$30k-60k,8.58590006844627,Medium Risk,680.0,684.0,0,0,13,0,8782.0,42.0,21,17668.18359375,12600.0,5068.18017578125,0.0,Individual,0,0
73854093,20000.0,20000.0,36.0,7.389999866485596,621.1199951171875,A,A4,5.0,OWN,40000.0,40000.0,Verified,2016-03-01,2016,3,2016-03,Current,0,0,other,VA,5.070000171661377,1,<10,$30k-60k,12.41615331964408,Low Risk,790.0,794.0,0,0,8,0,3260.0,13.399999618530273,21,22383.169921875,19996.439453125,2355.669921875,0.0,Individual,1,0
21241087,12075.0,12075.0,60.0,20.200000762939453,321.260009765625,E,E3,10.0,RENT,38957.671875,38957.671875,Verified,2014-07-01,2014,7,2014-07,Charged Off,1,1,debt_consolidation,IN,20.389999389648438,1,20-30,$30k-60k,20.334017796030118,High Risk,665.0,669.0,2,0,6,0,3155.0,39.0,16,5832.41015625,1698.8800048828125,2477.5,1656.030029296875,Individual,1,0
68598201,21000.0,21000.0,36.0,9.800000190734863,675.6500244140625,B,B3,,MORTGAGE,95000.0,95000.0,Not Verified,2016-01-01,2016,1,2016-01,Fully Paid,1,0,debt_consolidation,CA,8.1899995803833,1,<10,$90k-120k,15.501711156741958,Low Risk,665.0,669.0,0,0,17,1,23177.0,33.0,32,22822.115234375,21000.0,1822.1199951171875,0.0,Individual,3,1
67928240,10000.0,10000.0,36.0,11.989999771118164,332.1000061035156,C,C1,0.0,RENT,30200.0,30200.0,Verified,2015-12-01,2015,12,2015-12,Charged Off,1,1,debt_consolidation,VA,26.079999923706055,1,20-30,$30k-60k,13.333333333333334,Medium Risk,680.0,684.0,0,0,12,0,5664.0,40.5,21,2884.9599609375,1428.3599853515625,572.989990234375,883.6099853515625,Individual,0,0
433777,8000.0,8000.0,36.0,13.569999694824219,271.75,C,C3,0.0,RENT,72000.0,72000.0,Verified,2009-08-01,2009,8,2009-08,Fully Paid,1,0,credit_card,MN,14.279999732971191,1,10-20,$60k-90k,12.999315537303216,Medium Risk,680.0,684.0,0,1,7,0,8180.0,88.0999984741211,17,9676.3369140625,8000.0,1676.3399658203125,0.0,Individual,-1,0
130946996,5500.0,5500.0,36.0,11.979999542236328,182.6300048828125,B,B5,5.0,RENT,50000.0,50000.0,Not Verified,2018-04-01,2018,4,2018-04,Current,0,0,debt_consolidation,FL,18.049999237060547,1,10-20,$30k-60k,9.160848733744011,Low Risk,705.0,709.0,0,1,23,0,2023.0,47.0,34,2164.110107421875,1619.5400390625,544.5700073242188,0.0,Individual,0,0
127133331,18000.0,18000.0,60.0,10.420000076293945,386.17999267578125,B,B3,1.0,MORTGAGE,65000.0,65000.0,Not Verified,2018-01-01,2018,1,2018-01,Current,0,0,debt_consolidation,WI,24.149999618530273,1,20-30,$60k-90k,8.752908966461328,Low Risk,735.0,739.0,0,2,10,0,12533.0,26.5,31,5485.33984375,3593.449951171875,1891.8900146484375,0.0,Individual,1,0
88301503,10000.0,10000.0,36.0,11.489999771118164,329.7200012207031,B,B5,1.0,RENT,50000.0,50000.0,Source Verified,2016-08-01,2016,8,2016-08,Current,0,0,credit_card,TX,22.469999313354492,1,20-30,$30k-60k,20.917180013689254,Low Risk,660.0,664.0,0,0,6,1,9207.0,83.0,17,9913.740234375,8085.06982421875,1828.6700439453125,0.0,Individual,1,1
68425761,35000.0,35000.0,60.0,18.989999771118164,907.72998046875,E,E1,10.0,RENT,80000.0,80000.0,Source Verified,2016-01-01,2016,1,2016-01,Fully Paid,1,0,debt_consolidation,CA,18.559999465942383,1,10-20,$60k-90k,13.83709787816564,High Risk,710.0,714.0,0,0,8,0,20174.0,60.400001525878906,20,42993.51953125,35000.0,7993.52001953125,0.0,Individual,5,0
56078726,7800.0,7800.0,36.0,11.529999732971191,257.3299865722656,B,B5,10.0,RENT,70000.0,70000.0,Verified,2015-07-01,2015,7,2015-07,Fully Paid,1,0,other,NY,16.229999542236328,1,10-20,$60k-90k,25.248459958932237,Low Risk,665.0,669.0,0,1,7,0,4954.0,67.9000015258789,16,9274.791015625,7800.0,1474.7900390625,0.0,Individual,0,0
66591365,8400.0,8400.0,36.0,16.989999771118164,299.45001220703125,D,D3,2.0,RENT,35000.0,35000.0,Source Verified,2015-12-01,2015,12,2015-12,Fully Paid,1,0,house,FL,33.2599983215332,1,30-40,$30k-60k,21.752224503764545,Medium Risk,670.0,674.0,1,1,13,0,11050.0,43.099998474121094,13,10323.65625,8400.0,1923.6600341796875,0.0,Individual,0,0
14287980,14100.0,14100.0,60.0,12.989999771118164,320.75,C,C2,10.0,RENT,42000.0,42000.0,Source Verified,2014-11-01,2014,11,2014-11,Charged Off,1,1,debt_consolidation,CA,23.34000015258789,1,20-30,$30k-60k,24.670773442847366,Medium Risk,685.0,689.0,0,0,10,1,1624.0,11.199999809265137,27,7776.7001953125,3940.169921875,2785.39990234375,1051.1300048828125,Individual,0,1
133225815,10000.0,10000.0,36.0,14.520000457763672,344.30999755859375,C,C3,2.0,OWN,58000.0,58000.0,Not Verified,2018-05-01,2018,5,2018-05,Current,0,0,debt_consolidation,TX,35.54999923706055,1,30-40,$30k-60k,14.496919917864476,Medium Risk,705.0,709.0,0,0,18,0,21687.0,46.79999923706055,35,3435.030029296875,2358.699951171875,1076.3299560546875,0.0,Individual,0,0
70993499,15000.0,15000.0,36.0,11.989999771118164,498.1499938964844,C,C1,5.0,MORTGAGE,70000.0,70000.0,Verified,2016-02-01,2016,2,2016-02,Fully Paid,1,0,debt_consolidation,OH,22.1200008392334,1,20-30,$60k-90k,8.75564681724846,Medium Risk,665.0,669.0,0,1,17,1,20450.0,59.29999923706055,31,17676.431640625,15000.0,2676.429931640625,0.0,Individual,1,0
115249428,10000.0,10000.0,36.0,11.989999771118164,332.1000061035156,B,B5,3.0,MORTGAGE,80000.0,80000.0,Verified,2017-08-01,2017,8,2017-08,Fully Paid,1,0,debt_consolidation,CA,18.84000015258789,1,10-20,$60k-90k,11.000684462696784,Low Risk,680.0,684.0,0,0,13,1,20920.0,68.80000305175781,19,10934.85546875,10000.0,934.8599853515625,0.0,Individual,3,1
126343898,25000.0,25000.0,36.0,6.71999979019165,768.739990234375,A,A3,4.0,OWN,287500.0,287500.0,Not Verified,2017-12-01,2017,12,2017-12,Fully Paid,1,0,debt_consolidation,FL,4.659999847412109,1,<10,$120k+,27.586584531143053,Low Risk,730.0,734.0,0,0,11,0,5344.0,24.899999618530273,22,26272.416015625,25000.0,1272.4200439453125,0.0,Individual,3,0
78259966,24000.0,24000.0,36.0,9.75,771.5999755859375,B,B3,4.0,RENT,167000.0,167000.0,Source Verified,2016-05-01,2016,5,2016-05,Charged Off,1,1,debt_consolidation,IL,17.510000228881836,1,10-20,$120k+,20.49828884325804,Low Risk,690.0,694.0,1,0,22,0,33951.0,71.30000305175781,36,15676.5302734375,11127.6103515625,2819.68994140625,1729.22998046875,Individual,0,0
68731306,8000.0,8000.0,36.0,7.489999771118164,248.82000732421875,A,A4,2.0,MORTGAGE,80000.0,80000.0,Not Verified,2016-01-01,2016,1,2016-01,Charged Off,1,1,credit_card,FL,31.15999984741211,1,30-40,$60k-90k,3.668720054757016,Low Risk,705.0,709.0,0,0,16,0,10902.0,26.700000762939453,16,3988.260009765625,3335.590087890625,652.6699829101562,0.0,Individual,1,0
117602617,6400.0,6400.0,36.0,13.59000015258789,217.47000122070312,C,C2,7.0,MORTGAGE,37000.0,37000.0,Source Verified,2017-09-01,2017,9,2017-09,Fully Paid,1,0,debt_consolidation,FL,23.350000381469727,1,20-30,$30k-60k,12.580424366872005,Medium Risk,660.0,664.0,0,0,6,0,5170.0,86.19999694824219,9,6895.6640625,6400.0,495.6600036621094,0.0,Individual,0,0
44076570,12000.0,12000.0,36.0,11.529999732971191,395.8900146484375,B,B5,9.0,MORTGAGE,60000.0,60000.0,Not Verified,2015-03-01,2015,3,2015-03,Fully Paid,1,0,debt_consolidation,CA,19.799999237060547,1,10-20,$60k-90k,22.245037645448324,Low Risk,660.0,664.0,1,1,19,1,4586.0,21.299999237060547,46,13472.2197265625,12000.0,1472.219970703125,0.0,Individual,4,1
130166969,15000.0,15000.0,36.0,7.340000152587891,465.5,A,A4,,RENT,101000.0,101000.0,Not Verified,2018-03-01,2018,3,2018-03,Current,0,0,debt_consolidation,NJ,15.800000190734863,1,10-20,$90k-120k,13.74674880219028,Low Risk,730.0,734.0,0,1,23,0,19250.0,24.200000762939453,30,5573.77001953125,4639.0,934.77001953125,0.0,Individual,0,0
90991686,10000.0,10000.0,36.0,11.489999771118164,329.7200012207031,B,B5,5.0,RENT,34000.0,34000.0,Not Verified,2016-10-01,2016,10,2016-10,Fully Paid,1,0,credit_card,NJ,29.049999237060547,1,20-30,$30k-60k,5.749486652977413,Low Risk,685.0,689.0,1,0,6,0,9584.0,53.5,8,11355.2919921875,10000.0,1355.2900390625,0.0,Individual,0,0
83313764,6600.0,6600.0,36.0,14.489999771118164,227.14999389648438,C,C4,4.0,MORTGAGE,44500.0,44500.0,Verified,2016-06-01,2016,6,2016-06,Fully Paid,1,0,home_improvement,CT,12.729999542236328,1,10-20,$30k-60k,14.329911019849419,Medium Risk,680.0,684.0,0,0,9,1,4282.0,18.5,31,7445.7099609375,6600.0,845.7100219726562,0.0,Individual,3,1
112580489,35000.0,35000.0,60.0,15.050000190734863,833.5700073242188,C,C4,9.0,MORTGAGE,70000.0,70000.0,Source Verified,2017-07-01,2017,7,2017-07,Current,0,0,other,TX,25.989999771118164,1,20-30,$60k-90k,24.334017796030118,Medium Risk,730.0,734.0,0,0,6,0,33363.0,83.4000015258789,8,16642.140625,8907.25,7734.89013671875,0.0,Individual,1,0
76284989,20000.0,20000.0,36.0,11.989999771118164,664.2000122070312,C,C1,9.0,RENT,89160.0,89160.0,Verified,2016-04-01,2016,4,2016-04,Fully Paid,1,0,debt_consolidation,FL,25.149999618530273,1,20-30,$60k-90k,17.919233401779604,Medium Risk,685.0,689.0,0,1,17,0,34387.0,83.0,27,22375.740234375,20000.0,2375.739990234375,0.0,Individual,0,0
110600045,17000.0,17000.0,36.0,10.90999984741211,555.8400268554688,B,B4,3.0,RENT,89000.0,89000.0,Source Verified,2017-06-01,2017,6,2017-06,Current,0,0,debt_consolidation,VA,12.930000305175781,1,10-20,$60k-90k,11.000684462696784,Low Risk,685.0,689.0,0,1,16,1,7728.0,23.700000762939453,24,11695.7998046875,9239.0498046875,2456.75,0.0,Individual,0,1
46105317,24000.0,24000.0,36.0,8.180000305175781,754.0700073242188,B,B1,0.0,RENT,85000.0,85000.0,Verified,2015-04-01,2015,4,2015-04,Fully Paid,1,0,credit_card,NJ,23.860000610351562,1,20-30,$60k-90k,35.41409993155373,Low Risk,685.0,689.0,0,2,10,0,30353.0,68.0999984741211,15,27764.853515625,24000.0,3274.75,0.0,Individual,0,0
106947698,16000.0,16000.0,36.0,8.239999771118164,503.1600036621094,B,B1,5.0,RENT,310000.0,310000.0,Source Verified,2017-04-01,2017,4,2017-04,Current,0,0,other,NY,7.989999771118164,1,<10,$120k+,11.331964407939767,Low Risk,695.0,699.0,0,0,18,0,61569.0,40.29999923706055,25,11558.0302734375,9763.0,1795.030029296875,0.0,Individual,0,0
143883866,19000.0,19000.0,36.0,16.90999984741211,676.5599975585938,C,C5,8.0,MORTGAGE,110000.0,110000.0,Not Verified,2018-11-01,2018,11,2018-11,Current,0,0,debt_consolidation,OH,19.969999313354492,1,10-20,$90k-120k,13.25119780971937,Medium Risk,700.0,704.0,0,0,13,0,56263.0,60.099998474121094,20,2661.6201171875,1670.1600341796875,991.4600219726562,0.0,Individual,1,0
99829002,14000.0,14000.0,36.0,17.989999771118164,506.07000732421875,D,D2,10.0,RENT,40000.0,40000.0,Verified,2017-03-01,2017,3,2017-03,Fully Paid,1,0,debt_consolidation,NY,12.119999885559082,1,10-20,$30k-60k,19.41409993155373,Medium Risk,705.0,709.0,0,1,7,0,5305.0,27.600000381469727,8,17276.919921875,14000.0,3276.919921875,0.0,Individual,0,0
63438590,30000.0,30000.0,36.0,9.170000076293945,956.3699951171875,B,B2,7.0,RENT,152000.0,152000.0,Verified,2015-10-01,2015,10,2015-10,Fully Paid,1,0,debt_consolidation,NJ,20.600000381469727,1,20-30,$120k+,13.25119780971937,Low Risk,720.0,724.0,0,2,15,0,23206.0,53.5,38,30168.130859375,30000.0,168.1300048828125,0.0,Individual,0,0
41081301,10000.0,10000.0,60.0,9.170000076293945,208.41000366210938,B,B2,10.0,MORTGAGE,53000.0,53000.0,Source Verified,2015-02-01,2015,2,2015-02,Current,0,0,credit_card,IN,15.130000114440918,1,10-20,$30k-60k,20.999315537303218,Low Risk,675.0,679.0,0,0,16,0,17563.0,50.0,36,10201.900390625,7809.240234375,2392.659912109375,0.0,Individual,2,0
76244335,19200.0,19200.0,60.0,7.889999866485596,388.29998779296875,A,A5,,MORTGAGE,60000.0,60000.0,Not Verified,2016-04-01,2016,4,2016-04,Current,0,0,home_improvement,NJ,25.920000076293945,1,20-30,$60k-90k,26.001368925393567,Low Risk,725.0,729.0,0,0,9,0,2650.0,11.600000381469727,22,13582.080078125,10275.51953125,3306.56005859375,0.0,Individual,3,0
66414228,15000.0,15000.0,60.0,11.989999771118164,333.6000061035156,C,C1,10.0,MORTGAGE,41000.0,41000.0,Not Verified,2015-12-01,2015,12,2015-12,Current,0,0,credit_card,MI,22.75,1,20-30,$30k-60k,24.501026694045173,Medium Risk,705.0,709.0,3,0,14,0,16840.0,43.099998474121094,24,13000.41015625,8709.3603515625,4291.0498046875,0.0,Joint App,3,0
123893746,35000.0,35000.0,36.0,14.079999923706055,1197.5799560546875,C,C3,8.0,MORTGAGE,87000.0,87000.0,Verified,2017-11-01,2017,11,2017-11,Current,0,0,debt_consolidation,FL,21.809999465942383,1,20-30,$60k-90k,14.587268993839835,Medium Risk,660.0,664.0,0,0,13,1,14557.0,65.30000305175781,19,19133.900390625,13761.6396484375,5372.259765625,0.0,Individual,2,1
135601028,30000.0,30000.0,60.0,11.050000190734863,653.030029296875,B,B4,5.0,MORTGAGE,121000.0,121000.0,Not Verified,2018-06-01,2018,6,2018-06,Fully Paid,1,0,debt_consolidation,LA,28.079999923706055,1,20-30,$120k+,30.748802190280628,Low Risk,805.0,809.0,0,2,13,0,11033.0,10.199999809265137,36,32082.466796875,30000.0,2082.469970703125,0.0,Joint App,9,0
129926148,27000.0,27000.0,60.0,18.450000762939453,692.25,D,D2,10.0,RENT,56392.0,56392.0,Verified,2018-03-01,2018,3,2018-03,Current,0,0,debt_consolidation,WI,34.130001068115234,1,30-40,$30k-60k,14.74880219028063,Medium Risk,700.0,704.0,0,0,5,0,0.0,0.0,16,8279.3203125,3621.639892578125,4657.68017578125,0.0,Individual,1,0
131549031,20000.0,20000.0,60.0,11.979999542236328,444.69000244140625,B,B5,10.0,MORTGAGE,19775.0,19775.0,Verified,2018-04-01,2018,4,2018-04,Current,0,0,debt_consolidation,MI,48.630001068115234,1,40+,<$30k,14.666666666666666,Low Risk,795.0,799.0,0,1,7,0,14799.0,42.79999923706055,23,4878.27978515625,2833.909912109375,2044.3699951171875,0.0,Joint App,3,0
18985250,5000.0,5000.0,36.0,16.290000915527344,176.50999450683594,D,D2,10.0,RENT,59690.0,59690.0,Not Verified,2014-06-01,2014,6,2014-06,Fully Paid,1,0,debt_consolidation,WY,27.059999465942383,1,20-30,$30k-60k,14.74880219028063,Medium Risk,680.0,684.0,0,0,22,0,30738.0,83.5,38,6379.7353515625,5000.0,1379.739990234375,0.0,Individual,0,0
91346767,35000.0,35000.0,60.0,13.989999771118164,814.2100219726562,C,C3,10.0,MORTGAGE,106000.0,106000.0,Source Verified,2016-10-01,2016,10,2016-10,Current,0,0,debt_consolidation,NC,16.809999465942383,1,10-20,$90k-120k,12.167008898015059,Medium Risk,685.0,689.0,0,0,9,0,5468.0,62.900001525878906,32,20523.859375,10836.349609375,9687.509765625,0.0,Individual,7,0
124907798,16000.0,16000.0,60.0,15.050000190734863,381.05999755859375,C,C4,2.0,MORTGAGE,84000.0,84000.0,Source Verified,2017-11-01,2017,11,2017-11,Fully Paid,1,0,debt_consolidation,NV,27.600000381469727,1,20-30,$60k-90k,7.832991101984942,Medium Risk,660.0,664.0,1,0,15,0,8336.0,51.5,36,18233.072265625,16000.0,2233.070068359375,0.0,Individual,2,0
104956616,5000.0,5000.0,36.0,11.390000343322754,164.6199951171875,B,B3,0.0,MORTGAGE,40000.0,40000.0,Not Verified,2017-04-01,2017,4,2017-04,Current,0,0,credit_card,CT,2.700000047683716,1,<10,$30k-60k,12.750171115674195,Low Risk,700.0,704.0,0,1,5,1,2543.0,43.79999923706055,19,3783.10009765625,2995.679931640625,787.4199829101562,0.0,Individual,1,0
18534680,5000.0,5000.0,36.0,7.690000057220459,155.97000122070312,A,A4,8.0,MORTGAGE,75000.0,75000.0,Source Verified,2014-06-01,2014,6,2014-06,Fully Paid,1,0,other,OH,2.759999990463257,1,<10,$60k-90k,11.832991101984941,Low Risk,780.0,784.0,0,1,10,0,4385.0,11.100000381469727,32,5445.64013671875,5000.0,445.6400146484375,0.0,Individual,3,0
63214960,28000.0,28000.0,60.0,13.989999771118164,651.3699951171875,C,C4,0.0,RENT,180000.0,180000.0,Source Verified,2015-10-01,2015,10,2015-10,Fully Paid,1,0,debt_consolidation,CA,13.029999732971191,1,10-20,$120k+,19.080082135523615,Medium Risk,680.0,684.0,0,1,13,1,23964.0,68.69999694824219,48,35330.625,28000.0,7330.6201171875,0.0,Individual,1,1
74172323,35000.0,35000.0,60.0,20.75,941.9600219726562,E,E2,10.0,MORTGAGE,133000.0,133000.0,Verified,2016-03-01,2016,3,2016-03,Current,0,0,debt_consolidation,NY,11.40999984741211,1,10-20,$120k+,19.41409993155373,High Risk,675.0,679.0,1,0,5,0,987.0,98.69999694824219,26,32928.25,16011.849609375,16916.400390625,0.0,Individual,3,0
86336333,16000.0,16000.0,36.0,10.489999771118164,519.969970703125,B,B3,8.0,OWN,45000.0,45000.0,Source Verified,2016-08-01,2016,8,2016-08,Fully Paid,1,0,debt_consolidation,VA,8.270000457763672,1,<10,$30k-60k,15.58110882956879,Low Risk,670.0,674.0,0,0,7,1,12302.0,57.79999923706055,18,18445.703125,16000.0,2445.699951171875,0.0,Individual,5,0
131660929,5000.0,5000.0,36.0,10.40999984741211,162.30999755859375,B,B3,10.0,MORTGAGE,76000.0,76000.0,Not Verified,2018-04-01,2018,4,2018-04,Current,0,0,credit_card,PA,4.630000114440918,1,<10,$60k-90k,31.33196440793977,Low Risk,660.0,664.0,0,2,7,1,11052.0,57.599998474121094,20,1782.52001953125,1366.199951171875,416.32000732421875,0.0,Individual,2,1
85168744,15000.0,15000.0,36.0,21.489999771118164,568.9099731445312,D,D5,10.0,MORTGAGE,60000.0,60000.0,Verified,2016-07-01,2016,7,2016-07,Charged Off,1,1,debt_consolidation,VA,29.940000534057617,1,20-30,$60k-90k,10.830937713894592,Medium Risk,675.0,679.0,0,2,11,0,3613.0,75.30000305175781,19,5114.490234375,1884.3299560546875,1511.219970703125,1718.93994140625,Individual,4,0
29624383,30000.0,30000.0,60.0,17.56999969482422,754.8099975585938,D,D4,10.0,MORTGAGE,75000.0,75000.0,Verified,2014-10-01,2014,10,2014-10,Fully Paid,1,0,debt_consolidation,CT,8.100000381469727,1,<10,$60k-90k,23.915126625598905,Medium Risk,730.0,734.0,0,0,13,0,80312.0,34.70000076293945,30,39526.984375,30000.0,9526.990234375,0.0,Individual,4,0
138337410,30000.0,30000.0,60.0,11.550000190734863,660.5399780273438,B,B4,4.0,RENT,50000.0,50000.0,Source Verified,2018-08-01,2018,8,2018-08,Current,0,0,debt_consolidation,AR,22.1299991607666,1,20-30,$30k-60k,17.418206707734427,Low Risk,750.0,754.0,0,0,9,0,0.0,0.0,18,4604.52978515625,2678.89990234375,1925.6300048828125,0.0,Joint App,0,0
78719640,21850.0,21850.0,60.0,13.670000076293945,504.69000244140625,C,C3,10.0,MORTGAGE,110000.0,110000.0,Not Verified,2016-05-01,2016,5,2016-05,Fully Paid,1,0,debt_consolidation,CT,12.039999961853027,1,10-20,$90k-120k,22.581793292265573,Medium Risk,665.0,669.0,0,0,8,0,2695.0,42.79999923706055,29,27415.603515625,21850.0,5540.3701171875,0.0,Individual,6,0
128127030,20000.0,20000.0,36.0,6.71999979019165,614.989990234375,A,A3,4.0,MORTGAGE,106000.0,106000.0,Not Verified,2018-02-01,2018,2,2018-02,Current,0,0,credit_card,MA,18.860000610351562,1,10-20,$90k-120k,14.08624229979466,Low Risk,730.0,734.0,0,0,8,0,19075.0,38.400001525878906,17,8002.33984375,6763.16015625,1239.1800537109375,0.0,Individual,3,0
6552162,15000.0,15000.0,36.0,10.640000343322754,488.5299987792969,B,B2,10.0,RENT,63000.0,63000.0,Verified,2013-08-01,2013,8,2013-08,Fully Paid,1,0,debt_consolidation,NJ,10.170000076293945,1,10-20,$60k-90k,19.419575633127995,Low Risk,685.0,689.0,0,2,13,1,10501.0,20.100000381469727,26,16564.70703125,15000.0,1564.7099609375,0.0,Individual,0,1
72847571,14000.0,14000.0,60.0,11.470000267028809,307.69000244140625,B,B5,,RENT,50400.0,50400.0,Verified,2016-03-01,2016,3,2016-03,Charged Off,1,1,credit_card,CA,16.479999542236328,1,10-20,$30k-60k,19.496235455167692,Low Risk,675.0,679.0,0,0,9,0,9167.0,73.30000305175781,14,8944.6298828125,4883.9501953125,2799.3798828125,1261.300048828125,Individual,0,0
144616103,20000.0,20000.0,60.0,14.470000267028809,470.260009765625,C,C2,10.0,MORTGAGE,125000.0,125000.0,Source Verified,2018-12-01,2018,12,2018-12,Current,0,0,home_improvement,NY,17.530000686645508,1,10-20,$120k+,28.66803559206023,Medium Risk,735.0,739.0,0,0,16,0,29048.0,46.0,30,1378.6199951171875,695.5999755859375,683.02001953125,0.0,Individual,5,0
14480921,13700.0,13700.0,60.0,17.56999969482422,344.70001220703125,D,D2,6.0,RENT,31320.0,31320.0,Source Verified,2014-05-01,2014,5,2014-05,Fully Paid,1,0,debt_consolidation,AZ,30.040000915527344,1,30-40,$30k-60k,7.748117727583847,Medium Risk,685.0,689.0,0,1,7,0,15041.0,73.69999694824219,15,20480.083984375,13700.0,6780.080078125,0.0,Individual,0,0
49247411,13000.0,13000.0,60.0,11.529999732971191,286.1000061035156,B,B5,2.0,MORTGAGE,36000.0,36000.0,Source Verified,2015-06-01,2015,6,2015-06,Current,0,0,debt_consolidation,CA,20.670000076293945,1,20-30,$30k-60k,13.32785763175907,Low Risk,670.0,674.0,1,1,7,0,10453.0,48.599998474121094,18,12857.849609375,9021.1796875,3836.669921875,0.0,Individual,0,0
1402473,8650.0,8650.0,36.0,17.770000457763672,311.7300109863281,D,D1,9.0,RENT,62000.0,62000.0,Not Verified,2012-08-01,2012,8,2012-08,Fully Paid,1,0,debt_consolidation,NJ,17.420000076293945,1,10-20,$60k-90k,13.834360027378509,Medium Risk,660.0,664.0,0,1,10,0,12434.0,60.099998474121094,19,9805.4072265625,8650.0,1155.4100341796875,0.0,Individual,0,0
3374566,7500.0,7500.0,36.0,12.119999885559082,249.5399932861328,B,B3,10.0,RENT,92000.0,92000.0,Not Verified,2013-02-01,2013,2,2013-02,Charged Off,1,1,debt_consolidation,WA,9.380000114440918,1,<10,$90k-120k,5.757700205338809,Low Risk,695.0,699.0,0,1,16,1,9160.0,36.79999923706055,22,8362.5498046875,6757.64013671875,1477.1800537109375,112.7300033569336,Individual,0,1
17964569,14000.0,14000.0,36.0,9.170000076293945,446.30999755859375,B,B1,10.0,RENT,53271.01953125,53271.01953125,Not Verified,2014-06-01,2014,6,2014-06,Fully Paid,1,0,debt_consolidation,CA,5.289999961853027,1,<10,$30k-60k,31.329226557152634,Low Risk,670.0,674.0,3,0,9,0,4668.0,25.100000381469727,31,16079.365234375,14000.0,2079.3701171875,0.0,Individual,6,0
51486184,11100.0,11100.0,36.0,6.889999866485596,342.17999267578125,A,A3,10.0,MORTGAGE,60000.0,60000.0,Not Verified,2015-06-01,2015,6,2015-06,Fully Paid,1,0,debt_consolidation,MD,22.25,1,20-30,$60k-90k,11.917864476386036,Low Risk,800.0,804.0,0,0,14,0,1493.0,2.5,29,12314.724609375,11100.0,1214.719970703125,0.0,Individual,1,0
68983323,24000.0,24000.0,60.0,13.989999771118164,558.3200073242188,C,C4,10.0,MORTGAGE,348300.0,348300.0,Source Verified,2016-01-01,2016,1,2016-01,Fully Paid,1,0,debt_consolidation,NJ,14.319999694824219,1,10-20,$120k+,36.837782340862425,Medium Risk,710.0,714.0,0,2,12,0,21895.0,96.5,20,30523.98046875,24000.0,6523.97998046875,0.0,Individual,3,0
117886143,4000.0,4000.0,36.0,29.690000534057617,169.1300048828125,F,F2,1.0,RENT,21000.0,21000.0,Verified,2017-08-01,2017,8,2017-08,Charged Off,1,1,other,AR,28.059999465942383,1,20-30,<$30k,4.334017796030117,High Risk,695.0,699.0,0,2,22,0,4885.0,61.099998474121094,22,500.7900085449219,215.74000549316406,285.04998779296875,0.0,Individual,0,0
65423310,20000.0,20000.0,36.0,10.989999771118164,654.6799926757812,B,B4,7.0,RENT,52000.0,52000.0,Verified,2015-11-01,2015,11,2015-11,Fully Paid,1,0,debt_consolidation,MO,28.020000457763672,1,20-30,$30k-60k,26.99794661190965,Low Risk,685.0,689.0,0,1,13,0,22043.0,50.70000076293945,23,23593.873046875,20000.0,3593.8701171875,0.0,Individual,0,0
71935783,8000.0,8000.0,36.0,9.15999984741211,255.0,B,B2,1.0,MORTGAGE,100000.0,100000.0,Source Verified,2016-02-01,2016,2,2016-02,Fully Paid,1,0,debt_consolidation,NY,4.909999847412109,1,<10,$90k-120k,9.084188911704311,Low Risk,680.0,684.0,0,0,7,0,14555.0,47.70000076293945,12,9167.89453125,8000.0,1167.8900146484375,0.0,Individual,1,0
77450573,10000.0,10000.0,36.0,6.96999979019165,308.6400146484375,A,A3,2.0,MORTGAGE,70000.0,70000.0,Source Verified,2016-04-01,2016,4,2016-04,Current,0,0,debt_consolidation,MT,24.290000915527344,1,20-30,$60k-90k,18.086242299794662,Low Risk,700.0,704.0,0,0,17,0,16145.0,65.5999984741211,32,10794.66015625,9693.3896484375,1101.27001953125,0.0,Individual,0,0
38447091,30000.0,30000.0,36.0,9.489999771118164,960.8499755859375,B,B2,10.0,MORTGAGE,168000.0,168000.0,Source Verified,2015-01-01,2015,1,2015-01,Fully Paid,1,0,debt_consolidation,MD,10.369999885559082,1,10-20,$120k+,13.91375770020534,Low Risk,670.0,674.0,1,1,17,0,41639.0,85.30000305175781,30,33750.76171875,30000.0,3750.760009765625,0.0,Individual,2,0
77380942,25000.0,25000.0,60.0,26.139999389648438,750.5900268554688,F,F4,8.0,MORTGAGE,60000.0,60000.0,Source Verified,2016-05-01,2016,5,2016-05,Charged Off,1,1,debt_consolidation,RI,20.790000915527344,1,20-30,$60k-90k,19.581108829568787,High Risk,680.0,684.0,0,0,19,0,21127.0,72.9000015258789,25,13577.8896484375,3330.27001953125,7141.68017578125,3105.93994140625,Individual,3,0
129861923,31300.0,31300.0,36.0,11.979999542236328,1039.31005859375,B,B5,10.0,OWN,118615.0,118615.0,Source Verified,2018-03-01,2018,3,2018-03,Current,0,0,debt_consolidation,GA,13.350000381469727,1,10-20,$90k-120k,13.998631074606434,Low Risk,700.0,704.0,0,1,11,0,16270.0,37.900001525878906,18,12430.0595703125,9217.1904296875,3212.8701171875,0.0,Individual,0,0
125224611,30000.0,30000.0,36.0,7.96999979019165,939.6799926757812,A,A5,10.0,MORTGAGE,85000.0,85000.0,Source Verified,2017-12-01,2017,12,2017-12,Current,0,0,debt_consolidation,UT,19.479999542236328,1,10-20,$60k-90k,14.335386721423683,Low Risk,685.0,689.0,0,0,12,0,24750.0,73.19999694824219,24,14148.33984375,11637.9697265625,2510.3701171875,0.0,Individual,5,0
137463120,7000.0,7000.0,36.0,6.670000076293945,215.08999633789062,A,A2,10.0,MORTGAGE,98143.0,98143.0,Verified,2018-07-01,2018,7,2018-07,Current,0,0,credit_card,NV,25.34000015258789,1,20-30,$90k-120k,24.334017796030118,Low Risk,710.0,714.0,0,1,25,0,16892.0,42.29999923706055,37,1715.530029296875,1437.1800537109375,278.3500061035156,0.0,Individual,2,0
91433133,6500.0,6500.0,36.0,11.489999771118164,214.32000732421875,B,B5,,MORTGAGE,60000.0,60000.0,Not Verified,2016-10-01,2016,10,2016-10,Current,0,0,other,TX,14.65999984741211,1,10-20,$60k-90k,20.334017796030118,Low Risk,770.0,774.0,0,0,6,0,6468.0,47.900001525878906,15,6208.5,5055.759765625,1152.739990234375,0.0,Individual,4,0
132977693,9000.0,9000.0,36.0,9.430000305175781,288.010009765625,B,B1,10.0,OWN,26000.0,26000.0,Verified,2018-05-01,2018,5,2018-05,Current,0,0,other,PA,27.75,1,20-30,<$30k,19.41409993155373,Low Risk,680.0,684.0,0,0,11,1,2505.0,24.799999237060547,24,2875.3798828125,2251.320068359375,624.0599975585938,0.0,Individual,0,1
110201598,21600.0,21600.0,60.0,14.079999923706055,503.5,C,C3,10.0,OWN,60000.0,60000.0,Verified,2017-06-01,2017,6,2017-06,Current,0,0,credit_card,MN,21.860000610351562,1,20-30,$60k-90k,12.498288843258042,Medium Risk,695.0,699.0,0,0,15,0,27995.0,76.5,24,10146.0400390625,5599.9501953125,4546.08984375,0.0,Individual,5,0
90149360,10000.0,10000.0,36.0,15.59000015258789,349.54998779296875,C,C5,10.0,OWN,37500.0,37500.0,Source Verified,2016-09-01,2016,9,2016-09,Charged Off,1,1,home_improvement,NV,21.239999771118164,1,20-30,$30k-60k,16.83504449007529,Medium Risk,705.0,709.0,0,0,13,1,3572.0,22.0,39,4545.8798828125,2329.300048828125,1175.219970703125,1041.3599853515625,Individual,2,1
65711827,6000.0,6000.0,36.0,10.989999771118164,196.41000366210938,B,B4,0.0,RENT,26000.0,26000.0,Source Verified,2015-11-01,2015,11,2015-11,Fully Paid,1,0,debt_consolidation,FL,15.699999809265137,1,10-20,<$30k,9.166324435318275,Low Risk,685.0,689.0,0,2,9,0,6292.0,50.29999923706055,15,7063.1708984375,6000.0,1063.1700439453125,0.0,Individual,0,0
131109824,5000.0,5000.0,36.0,15.039999961853027,173.42999267578125,C,C4,10.0,RENT,90000.0,90000.0,Verified,2018-04-01,2018,4,2018-04,Current,0,0,other,NY,28.15999984741211,1,20-30,$90k-120k,15.247091033538672,Medium Risk,700.0,704.0,0,0,10,0,11169.0,86.5999984741211,17,1903.550048828125,1297.4300537109375,606.1199951171875,0.0,Individual,0,0
3644573,13425.0,13425.0,36.0,13.109999656677246,453.05999755859375,B,B4,9.0,MORTGAGE,51000.0,51000.0,Verified,2013-05-01,2013,5,2013-05,Fully Paid,1,0,credit_card,CA,17.459999084472656,1,10-20,$30k-60k,25.49760438056126,Low Risk,705.0,709.0,4,3,9,0,5646.0,44.5,26,16309.8515625,13425.0,2884.85009765625,0.0,Individual,3,0
3486034,10000.0,10000.0,36.0,11.140000343322754,328.05999755859375,B,B2,4.0,RENT,100000.0,100000.0,Not Verified,2013-03-01,2013,3,2013-03,Fully Paid,1,0,credit_card,CA,14.399999618530273,1,10-20,$90k-120k,6.329911019849418,Low Risk,675.0,679.0,1,0,11,0,10292.0,58.79999923706055,19,11809.7587890625,10000.0,1809.760009765625,0.0,Individual,0,0
142891678,12000.0,12000.0,36.0,7.210000038146973,371.67999267578125,A,A3,6.0,MORTGAGE,49500.0,49500.0,Source Verified,2018-10-01,2018,10,2018-10,Current,0,0,debt_consolidation,PA,8.4399995803833,1,<10,$30k-60k,13.166324435318275,Low Risk,740.0,744.0,0,0,4,0,16222.0,43.099998474121094,19,1481.9100341796875,1209.1600341796875,272.75,0.0,Individual,0,0
3294217,6400.0,6400.0,36.0,18.489999771118164,232.9600067138672,D,D2,6.0,MORTGAGE,141000.0,141000.0,Verified,2013-02-01,2013,2,2013-02,Fully Paid,1,0,wedding,TX,11.84000015258789,1,10-20,$120k+,16.588637919233403,Medium Risk,665.0,669.0,2,2,19,0,20096.0,44.79999923706055,35,8386.1572265625,6400.0,1986.1600341796875,0.0,Individual,5,0
95116759,15000.0,15000.0,36.0,13.489999771118164,508.9599914550781,C,C2,6.0,MORTGAGE,44500.0,44500.0,Verified,2016-12-01,2016,12,2016-12,Fully Paid,1,0,debt_consolidation,OK,19.8799991607666,1,10-20,$30k-60k,10.587268993839835,Medium Risk,670.0,674.0,0,0,11,0,12770.0,73.0,19,15711.560546875,15000.0,711.5599975585938,0.0,Joint App,1,0
986238,20000.0,20000.0,60.0,15.960000038146973,485.94000244140625,C,C5,7.0,RENT,97000.0,97000.0,Source Verified,2011-10-01,2011,10,2011-10,Fully Paid,1,0,small_business,NY,11.539999961853027,1,10-20,$90k-120k,6.250513347022587,Medium Risk,710.0,714.0,0,2,10,0,10899.0,35.400001525878906,30,27904.720703125,20000.0,7904.72021484375,0.0,Individual,-1,0
129665491,40000.0,40000.0,36.0,11.979999542236328,1328.199951171875,B,B5,3.0,MORTGAGE,175000.0,175000.0,Source Verified,2018-03-01,2018,3,2018-03,Current,0,0,credit_card,GA,22.84000015258789,1,20-30,$120k+,18.833675564681723,Low Risk,700.0,704.0,0,1,16,0,82896.0,55.099998474121094,34,16031.580078125,11779.259765625,4252.31982421875,0.0,Individual,3,0
1323710,13000.0,13000.0,36.0,13.670000076293945,442.2300109863281,B,B5,7.0,RENT,56000.0,56000.0,Not Verified,2012-06-01,2012,6,2012-06,Fully Paid,1,0,debt_consolidation,MD,17.719999313354492,1,10-20,$30k-60k,14.499657768651609,Low Risk,695.0,699.0,0,2,12,0,13616.0,43.0,26,15920.2099609375,13000.0,2920.2099609375,0.0,Individual,0,0
93738573,25825.0,25825.0,36.0,13.489999771118164,876.260009765625,C,C2,1.0,OWN,60000.0,60000.0,Source Verified,2016-11-01,2016,11,2016-11,Fully Paid,1,0,debt_consolidation,MI,27.260000228881836,1,20-30,$60k-90k,14.168377823408624,Medium Risk,695.0,699.0,0,1,11,0,10560.0,64.80000305175781,45,28654.666015625,25825.0,2829.669921875,0.0,Individual,2,0
134525704,16000.0,16000.0,36.0,12.130000114440918,532.4299926757812,B,B5,10.0,MORTGAGE,105000.0,105000.0,Source Verified,2018-06-01,2018,6,2018-06,Current,0,0,home_improvement,GA,17.899999618530273,1,10-20,$90k-120k,13.166324435318275,Low Risk,690.0,694.0,0,0,8,0,7733.0,71.5999984741211,12,4781.08984375,3474.39990234375,1306.68994140625,0.0,Individual,2,0
52046542,15225.0,15225.0,36.0,14.649999618530273,525.1799926757812,C,C5,,RENT,42324.0,42324.0,Verified,2015-06-01,2015,6,2015-06,Fully Paid,1,0,debt_consolidation,CO,26.6200008392334,1,20-30,$30k-60k,15.665982203969884,Medium Risk,665.0,669.0,0,0,3,0,3491.0,58.20000076293945,11,18893.814453125,15225.0,3668.81005859375,0.0,Individual,4,0
136379108,6000.0,6000.0,36.0,12.729999542236328,201.38999938964844,B,B5,10.0,RENT,68000.0,68000.0,Source Verified,2018-07-01,2018,7,2018-07,Current,0,0,debt_consolidation,CO,25.450000762939453,1,20-30,$60k-90k,6.830937713894593,Low Risk,680.0,684.0,0,0,11,1,6141.0,44.79999923706055,19,1606.8800048828125,1143.7099609375,463.1700134277344,0.0,Individual,0,1
40442484,14400.0,14400.0,36.0,12.989999771118164,485.1300048828125,C,C2,10.0,RENT,70000.0,70000.0,Source Verified,2015-02-01,2015,2,2015-02,Charged Off,1,1,debt_consolidation,NY,22.18000030517578,1,20-30,$60k-90k,25.336071184120467,Medium Risk,685.0,689.0,0,0,14,0,31915.0,46.70000076293945,26,16484.029296875,13445.5498046875,3038.47998046875,0.0,Individual,3,0
137578226,7000.0,7000.0,36.0,6.110000133514404,213.30999755859375,A,A1,3.0,RENT,48000.0,48000.0,Not Verified,2018-07-01,2018,7,2018-07,Current,0,0,debt_consolidation,OK,16.1299991607666,1,10-20,$30k-60k,12.747433264887064,Low Risk,710.0,714.0,0,1,9,1,6890.0,31.299999237060547,31,1687.469970703125,1446.93994140625,240.52999877929688,0.0,Individual,0,1
27492103,12000.0,12000.0,36.0,10.989999771118164,392.80999755859375,B,B3,10.0,MORTGAGE,125000.0,125000.0,Source Verified,2014-09-01,2014,9,2014-09,Fully Paid,1,0,home_improvement,CO,19.239999771118164,1,10-20,$120k+,15.419575633127995,Low Risk,685.0,689.0,0,1,19,0,43503.0,78.69999694824219,59,13540.91015625,12000.0,1540.9100341796875,0.0,Individual,8,0
93081663,11200.0,11200.0,60.0,15.989999771118164,272.30999755859375,C,C5,5.0,RENT,64000.0,64000.0,Not Verified,2016-11-01,2016,11,2016-11,Fully Paid,1,0,debt_consolidation,IL,15.600000381469727,1,10-20,$60k-90k,13.169062286105408,Medium Risk,660.0,664.0,1,0,8,0,9462.0,61.79999923706055,19,12897.6201171875,11200.0,1697.6199951171875,0.0,Individual,0,0
38528230,12300.0,12300.0,36.0,12.390000343322754,410.8399963378906,C,C1,3.0,RENT,85000.0,85000.0,Verified,2015-01-01,2015,1,2015-01,Fully Paid,1,0,debt_consolidation,NC,28.600000381469727,1,20-30,$60k-90k,33.333333333333336,Medium Risk,675.0,679.0,1,0,10,0,28205.0,71.0,23,14768.677734375,12300.0,2468.679931640625,0.0,Individual,2,0
58673455,18000.0,18000.0,36.0,13.989999771118164,615.1099853515625,C,C4,4.0,MORTGAGE,100000.0,100000.0,Verified,2015-09-01,2015,9,2015-09,Fully Paid,1,0,debt_consolidation,TX,13.119999885559082,1,10-20,$90k-120k,5.503080082135524,Medium Risk,670.0,674.0,0,0,5,0,13779.0,88.9000015258789,9,21130.78125,18000.0,3130.780029296875,0.0,Individual,1,0
1210212,12000.0,12000.0,36.0,6.619999885559082,368.45001220703125,A,A2,10.0,MORTGAGE,56000.0,56000.0,Not Verified,2012-04-01,2012,4,2012-04,Fully Paid,1,0,debt_consolidation,IL,23.739999771118164,1,20-30,$30k-60k,23.665982203969882,Low Risk,760.0,764.0,0,1,6,0,33814.0,57.900001525878906,23,12130.8193359375,12000.0,130.82000732421875,0.0,Individual,2,0
138783852,24000.0,24000.0,60.0,12.729999542236328,542.77001953125,B,B5,1.0,RENT,56000.0,56000.0,Not Verified,2018-08-01,2018,8,2018-08,Current,0,0,debt_consolidation,IL,34.119998931884766,1,30-40,$30k-60k,7.000684462696783,Low Risk,720.0,724.0,0,0,19,0,4430.0,17.899999618530273,30,3782.419921875,2082.530029296875,1699.8900146484375,0.0,Joint App,0,0
117805448,6800.0,6800.0,36.0,15.050000190734863,235.89999389648438,C,C4,8.0,RENT,47270.0,47270.0,Source Verified,2017-09-01,2017,9,2017-09,Current,0,0,credit_card,TX,12.789999961853027,1,10-20,$30k-60k,17.582477754962355,Medium Risk,670.0,674.0,0,1,8,0,7889.0,83.0,10,4240.509765625,3020.389892578125,1220.1199951171875,0.0,Individual,0,0
118181076,12000.0,12000.0,36.0,19.030000686645508,440.05999755859375,D,D3,10.0,RENT,50000.0,50000.0,Not Verified,2017-09-01,2017,9,2017-09,Current,0,0,debt_consolidation,NC,34.29999923706055,1,30-40,$30k-60k,15.50444900752909,Medium Risk,695.0,699.0,0,0,11,0,24729.0,89.0,26,7646.81005859375,4934.43017578125,2712.3798828125,0.0,Joint App,0,0
3238268,21000.0,21000.0,60.0,16.290000915527344,513.9299926757812,C,C4,10.0,MORTGAGE,74000.0,74000.0,Verified,2013-01-01,2013,1,2013-01,Fully Paid,1,0,debt_consolidation,IL,29.3799991607666,1,20-30,$60k-90k,17.672826830937716,Medium Risk,665.0,669.0,0,0,15,0,33262.0,47.79999923706055,33,30818.505859375,21000.0,9818.509765625,0.0,Individual,5,0
15600422,21000.0,21000.0,36.0,7.900000095367432,657.0999755859375,A,A4,10.0,MORTGAGE,58000.0,58000.0,Source Verified,2014-05-01,2014,5,2014-05,Fully Paid,1,0,credit_card,MN,11.380000114440918,1,10-20,$30k-60k,15.663244353182751,Low Risk,700.0,704.0,0,0,5,0,25173.0,62.900001525878906,15,23655.412109375,21000.0,2655.409912109375,0.0,Individual,0,0
95973164,8000.0,8000.0,36.0,11.390000343322754,263.3900146484375,B,B3,4.0,MORTGAGE,70000.0,70000.0,Not Verified,2016-12-01,2016,12,2016-12,Current,0,0,debt_consolidation,TX,7.710000038146973,1,<10,$60k-90k,16.58590006844627,Low Risk,700.0,704.0,0,0,8,0,12995.0,44.099998474121094,21,6835.47998046875,5498.5498046875,1336.9300537109375,0.0,Individual,0,0
131242992,15000.0,15000.0,60.0,11.979999542236328,333.5199890136719,B,B5,2.0,RENT,52000.0,52000.0,Not Verified,2018-04-01,2018,4,2018-04,Current,0,0,credit_card,TX,23.219999313354492,1,20-30,$30k-60k,23.581108829568787,Low Risk,715.0,719.0,0,1,8,0,14990.0,71.4000015258789,11,3648.75,2125.4599609375,1523.2900390625,0.0,Individual,0,0
132509858,12000.0,12000.0,36.0,15.039999961853027,416.2200012207031,C,C4,10.0,MORTGAGE,70000.0,70000.0,Verified,2018-05-01,2018,5,2018-05,Current,0,0,credit_card,NJ,26.139999389648438,1,20-30,$60k-90k,13.91375770020534,Medium Risk,670.0,674.0,1,1,16,0,95351.0,75.69999694824219,20,4156.259765625,2813.25,1343.010009765625,0.0,Individual,3,0
79230300,27600.0,27600.0,60.0,7.889999866485596,558.1799926757812,A,A5,10.0,MORTGAGE,110000.0,110000.0,Not Verified,2016-05-01,2016,5,2016-05,Current,0,0,debt_consolidation,TX,24.110000610351562,1,20-30,$90k-120k,26.32991101984942,Low Risk,755.0,759.0,0,0,17,0,82612.0,36.599998474121094,26,18407.83984375,13832.6201171875,4575.22021484375,0.0,Individual,1,0
819394,16000.0,16000.0,36.0,13.489999771118164,542.8900146484375,C,C2,5.0,MORTGAGE,75000.0,75000.0,Not Verified,2011-07-01,2011,7,2011-07,Fully Paid,1,0,debt_consolidation,CO,19.229999542236328,1,10-20,$60k-90k,8.24914442162902,Medium Risk,685.0,689.0,0,0,10,0,6909.0,48.0,27,19384.732421875,16000.0,3384.72998046875,0.0,Individual,-1,0
132057504,5000.0,5000.0,36.0,6.710000038146973,153.72999572753906,A,A3,3.0,RENT,36597.0,36597.0,Source Verified,2018-05-01,2018,5,2018-05,Current,0,0,major_purchase,CO,1.9700000286102295,1,<10,$30k-60k,12.243668720054757,Low Risk,730.0,734.0,0,0,4,0,71.0,0.30000001192092896,7,1533.5699462890625,1289.8399658203125,243.72999572753906,0.0,Individual,0,0
15251063,14000.0,14000.0,60.0,14.989999771118164,332.989990234375,C,C5,5.0,MORTGAGE,90000.0,90000.0,Source Verified,2014-05-01,2014,5,2014-05,Fully Paid,1,0,debt_consolidation,NY,6.360000133514404,1,<10,$90k-120k,12.83230663928816,Medium Risk,670.0,674.0,1,0,9,0,23210.0,54.0,18,16955.400390625,14000.0,2955.39990234375,0.0,Individual,3,0
132701851,5000.0,5000.0,36.0,5.309999942779541,150.55999755859375,A,A1,6.0,RENT,50000.0,50000.0,Not Verified,2018-05-01,2018,5,2018-05,Current,0,0,debt_consolidation,CA,19.010000228881836,1,10-20,$30k-60k,12.167008898015059,Low Risk,705.0,709.0,0,0,8,0,13913.0,59.70000076293945,12,4726.169921875,4599.18994140625,126.9800033569336,0.0,Individual,0,0
92881504,9500.0,9500.0,36.0,15.989999771118164,333.95001220703125,C,C5,7.0,RENT,67000.0,67000.0,Verified,2016-11-01,2016,11,2016-11,Current,0,0,debt_consolidation,IL,12.34000015258789,1,10-20,$60k-90k,10.25325119780972,Medium Risk,670.0,674.0,0,0,13,0,13049.0,40.5,18,9342.16015625,6981.93994140625,2360.219970703125,0.0,Individual,0,0
1824706,2000.0,2000.0,36.0,13.109999656677246,67.5,B,B4,3.0,RENT,45000.0,45000.0,Source Verified,2012-11-01,2012,11,2012-11,Fully Paid,1,0,major_purchase,NV,14.109999656677246,1,10-20,$30k-60k,10.833675564681725,Low Risk,680.0,684.0,0,0,4,0,1485.0,38.099998474121094,10,2299.7724609375,2000.0,299.7699890136719,0.0,Individual,0,0
85961971,6325.0,6325.0,36.0,13.489999771118164,214.6199951171875,C,C2,2.0,RENT,19800.0,19800.0,Verified,2016-08-01,2016,8,2016-08,Current,0,0,debt_consolidation,NY,29.450000762939453,1,20-30,<$30k,18.168377823408623,Medium Risk,665.0,669.0,0,0,11,0,8606.0,86.0999984741211,21,6648.47998046875,5287.56982421875,1360.9100341796875,0.0,Individual,2,0
126126565,32000.0,32000.0,36.0,6.079999923706055,974.6699829101562,A,A2,1.0,RENT,110000.0,110000.0,Source Verified,2017-12-01,2017,12,2017-12,Fully Paid,1,0,debt_consolidation,CA,22.90999984741211,1,20-30,$90k-120k,16.66803559206023,Low Risk,735.0,739.0,0,1,10,0,31773.0,47.70000076293945,26,32110.28125,32000.0,110.27999877929688,0.0,Individual,4,0
144626258,20000.0,20000.0,60.0,12.979999542236328,454.8599853515625,B,B5,3.0,RENT,65000.0,65000.0,Not Verified,2018-12-01,2018,12,2018-12,Current,0,0,credit_card,NY,3.25,1,<10,$60k-90k,3.586584531143053,Low Risk,700.0,704.0,0,0,9,0,3813.0,29.600000381469727,9,1350.1600341796875,723.3499755859375,626.8099975585938,0.0,Individual,0,0
99924751,5000.0,5000.0,36.0,10.489999771118164,162.49000549316406,B,B2,1.0,RENT,45000.0,45000.0,Source Verified,2017-03-01,2017,3,2017-03,Fully Paid,1,0,debt_consolidation,NV,16.15999984741211,1,10-20,$30k-60k,14.247775496235455,Low Risk,670.0,674.0,0,2,6,1,6502.0,62.5,12,5735.625,5000.0,735.6199951171875,0.0,Individual,1,1
12907094,1200.0,1200.0,36.0,13.649999618530273,40.810001373291016,C,C1,5.0,RENT,97000.0,97000.0,Not Verified,2014-03-01,2014,3,2014-03,Fully Paid,1,0,other,PA,17.940000534057617,1,10-20,$90k-120k,14.833675564681725,Medium Risk,700.0,704.0,0,0,20,0,35482.0,89.80000305175781,38,1468.0994873046875,1200.0,268.1000061035156,0.0,Individual,0,0
43659646,15850.0,15850.0,60.0,18.84000015258789,409.7699890136719,E,E2,6.0,MORTGAGE,106000.0,106000.0,Source Verified,2015-04-01,2015,4,2015-04,Fully Paid,1,0,debt_consolidation,UT,9.829999923706055,1,<10,$90k-120k,13.412731006160165,High Risk,670.0,674.0,0,0,10,0,9161.0,52.099998474121094,22,22360.3671875,15850.0,6510.3701171875,0.0,Individual,8,0
119976998,10000.0,10000.0,36.0,11.989999771118164,332.1000061035156,B,B5,,MORTGAGE,24500.0,24500.0,Verified,2017-09-01,2017,9,2017-09,Current,0,0,debt_consolidation,FL,24.25,1,20-30,<$30k,27.170431211498972,Low Risk,710.0,714.0,0,2,11,0,18770.0,39.900001525878906,23,5971.14013671875,4553.89013671875,1417.25,0.0,Individual,6,0
121251756,18000.0,18000.0,60.0,17.09000015258789,448.2200012207031,D,D1,6.0,MORTGAGE,110000.0,110000.0,Source Verified,2017-11-01,2017,11,2017-11,Current,0,0,debt_consolidation,TN,16.170000076293945,1,10-20,$90k-120k,23.67145790554415,Medium Risk,675.0,679.0,0,0,4,0,11580.0,48.29999923706055,18,7211.58984375,3420.659912109375,3790.929931640625,0.0,Individual,3,0
126073274,20000.0,20000.0,60.0,16.020000457763672,486.5799865722656,C,C5,2.0,RENT,55640.0,55640.0,Verified,2017-12-01,2017,12,2017-12,Fully Paid,1,0,debt_consolidation,MD,29.15999984741211,1,20-30,$30k-60k,14.08350444900753,Medium Risk,730.0,734.0,0,0,11,0,2011.0,41.0,18,22817.646484375,20000.0,2817.64990234375,0.0,Individual,0,0
84324668,2950.0,2950.0,36.0,16.989999771118164,105.16999816894531,D,D1,10.0,MORTGAGE,35000.0,35000.0,Verified,2016-07-01,2016,7,2016-07,Charged Off,1,1,home_improvement,VA,33.810001373291016,1,30-40,$30k-60k,8.917180013689254,Medium Risk,685.0,689.0,0,0,16,0,15965.0,66.19999694824219,21,1552.3299560546875,822.969970703125,433.5,295.8599853515625,Individual,3,0
65393731,20000.0,20000.0,60.0,10.989999771118164,434.75,B,B4,10.0,MORTGAGE,67000.0,67000.0,Not Verified,2015-11-01,2015,11,2015-11,Current,0,0,debt_consolidation,FL,19.770000457763672,1,10-20,$60k-90k,15.249828884325805,Low Risk,715.0,719.0,0,0,11,0,21284.0,49.29999923706055,32,17377.7890625,12087.8896484375,5289.89990234375,0.0,Individual,1,0
36540389,15000.0,15000.0,60.0,12.989999771118164,341.2200012207031,C,C2,1.0,RENT,60000.0,60000.0,Source Verified,2014-12-01,2014,12,2014-12,Fully Paid,1,0,debt_consolidation,FL,21.530000686645508,1,20-30,$60k-90k,7.501711156741957,Medium Risk,680.0,684.0,0,1,13,0,16755.0,61.400001525878906,29,19392.712890625,15000.0,4392.7099609375,0.0,Individual,1,0
95140964,32900.0,32900.0,60.0,24.739999771118164,960.6599731445312,E,E3,9.0,MORTGAGE,70000.0,70000.0,Verified,2016-12-01,2016,12,2016-12,Current,0,0,debt_consolidation,GA,21.479999542236328,1,20-30,$60k-90k,14.830937713894592,High Risk,680.0,684.0,0,1,8,1,22588.0,96.0999984741211,15,25892.599609375,10066.01953125,15826.580078125,0.0,Joint App,1,1
139274659,7200.0,7200.0,36.0,10.079999923706055,232.60000610351562,B,B1,10.0,RENT,40000.0,40000.0,Source Verified,2018-09-01,2018,9,2018-09,Current,0,0,debt_consolidation,NY,35.90999984741211,1,30-40,$30k-60k,10.08350444900753,Low Risk,710.0,714.0,0,0,9,0,13529.0,50.70000076293945,21,1387.5400390625,1054.6500244140625,332.8900146484375,0.0,Individual,1,0
133388189,1500.0,1500.0,36.0,10.5600004196167,48.79999923706055,B,B3,0.0,RENT,60000.0,60000.0,Source Verified,2018-06-01,2018,6,2018-06,Current,0,0,credit_card,NJ,1.340000033378601,1,<10,$60k-90k,4.167008898015058,Low Risk,685.0,689.0,0,1,1,0,1400.0,93.30000305175781,4,441.5899963378906,331.9200134277344,109.66999816894531,0.0,Individual,0,0
142574545,3000.0,3000.0,36.0,17.969999313354492,108.41999816894531,D,D1,10.0,RENT,100000.0,100000.0,Not Verified,2018-10-01,2018,10,2018-10,Current,0,0,other,NY,15.680000305175781,1,10-20,$90k-120k,13.08145106091718,Medium Risk,665.0,669.0,0,2,6,1,8071.0,78.0,12,539.0999755859375,327.1300048828125,211.97000122070312,0.0,Individual,2,1
135556326,14000.0,14000.0,36.0,15.489999771118164,488.69000244140625,C,C4,1.0,RENT,30000.0,30000.0,Source Verified,2018-06-01,2018,6,2018-06,Current,0,0,debt_consolidation,MT,34.47999954223633,1,30-40,$30k-60k,8.580424366872005,Medium Risk,725.0,729.0,0,3,12,0,5110.0,23.100000381469727,23,3921.570068359375,2578.030029296875,1343.5400390625,0.0,Individual,0,0
139875050,22000.0,22000.0,36.0,6.110000133514404,670.3800048828125,A,A1,0.0,MORTGAGE,31000.0,31000.0,Verified,2018-09-01,2018,9,2018-09,Current,0,0,credit_card,OH,66.58999633789062,1,40+,$30k-60k,14.168377823408624,Low Risk,735.0,739.0,0,1,18,0,18349.0,48.0,39,4014.81005859375,3393.1201171875,621.6900024414062,0.0,Joint App,2,0
32199405,6000.0,6000.0,36.0,12.489999771118164,200.6999969482422,B,B5,4.0,RENT,41000.0,41000.0,Not Verified,2014-10-01,2014,10,2014-10,Fully Paid,1,0,debt_consolidation,NV,15.010000228881836,1,10-20,$30k-60k,3.252566735112936,Low Risk,710.0,714.0,0,3,5,0,2824.0,34.900001525878906,6,7200.119140625,6000.0,1200.1199951171875,0.0,Individual,0,0
67395633,10000.0,10000.0,36.0,11.220000267028809,328.42999267578125,B,B5,3.0,RENT,35000.0,35000.0,Source Verified,2015-12-01,2015,12,2015-12,Fully Paid,1,0,credit_card,TX,7.550000190734863,1,<10,$30k-60k,3.8302532511978096,Low Risk,670.0,674.0,1,2,8,0,6957.0,44.599998474121094,10,11814.005859375,10000.0,1814.010009765625,0.0,Individual,0,0
73674190,15750.0,15750.0,60.0,22.450000762939453,439.0400085449219,E,E5,4.0,MORTGAGE,25000.0,25000.0,Verified,2016-03-01,2016,3,2016-03,Fully Paid,1,0,debt_consolidation,MS,29.40999984741211,1,20-30,<$30k,16.0,High Risk,710.0,714.0,0,0,7,0,18729.0,79.69999694824219,18,18368.384765625,15750.0,2618.389892578125,0.0,Joint App,0,0
59310828,28000.0,28000.0,60.0,15.609999656677246,675.1199951171875,D,D1,7.0,MORTGAGE,140000.0,140000.0,Verified,2015-08-01,2015,8,2015-08,Fully Paid,1,0,debt_consolidation,AZ,8.15999984741211,1,<10,$120k+,20.251882272416154,Medium Risk,680.0,684.0,1,0,4,0,0.0,0.0,15,37002.0625,28000.0,9002.0595703125,0.0,Individual,2,0
103607688,4800.0,4800.0,36.0,11.489999771118164,158.27000427246094,B,B5,2.0,RENT,45000.0,45000.0,Source Verified,2017-03-01,2017,3,2017-03,Fully Paid,1,0,debt_consolidation,OH,14.0,1,10-20,$30k-60k,3.247091033538672,Low Risk,665.0,669.0,0,0,10,0,2995.0,15.800000190734863,12,5525.8203125,4800.0,725.8200073242188,0.0,Individual,0,0
86905513,6000.0,6000.0,36.0,10.489999771118164,194.99000549316406,B,B3,4.0,MORTGAGE,51321.0,51321.0,Not Verified,2016-08-01,2016,8,2016-08,Fully Paid,1,0,home_improvement,OH,22.43000030517578,1,20-30,$30k-60k,17.83436002737851,Low Risk,700.0,704.0,1,1,12,0,2285.0,12.399999618530273,28,6897.9326171875,6000.0,897.9299926757812,0.0,Individual,3,0
118377230,6000.0,6000.0,36.0,13.59000015258789,203.8800048828125,C,C2,3.0,RENT,38000.0,38000.0,Source Verified,2017-09-01,2017,9,2017-09,Current,0,0,debt_consolidation,CA,21.600000381469727,1,20-30,$30k-60k,11.419575633127995,Medium Risk,665.0,669.0,2,0,4,0,5450.0,72.69999694824219,20,3665.31005859375,2697.1201171875,968.1900024414062,0.0,Individual,0,0
10648722,35000.0,35000.0,36.0,11.989999771118164,1162.3399658203125,B,B3,10.0,MORTGAGE,80000.0,80000.0,Verified,2014-01-01,2014,1,2014-01,Fully Paid,1,0,debt_consolidation,IL,28.850000381469727,1,20-30,$60k-90k,29.418206707734427,Low Risk,735.0,739.0,1,2,13,0,33539.0,34.0,33,38067.0703125,35000.0,3067.070068359375,0.0,Individual,7,0
80268163,33000.0,33000.0,36.0,11.989999771118164,1095.9200439453125,C,C1,10.0,RENT,106000.0,106000.0,Verified,2016-06-01,2016,6,2016-06,Fully Paid,1,0,debt_consolidation,CA,15.40999984741211,1,10-20,$90k-120k,30.253251197809718,Medium Risk,710.0,714.0,0,1,17,0,9566.0,29.0,38,38209.80859375,33000.0,5209.81005859375,0.0,Individual,1,0
58922541,22000.0,22000.0,36.0,9.989999771118164,709.780029296875,B,B3,10.0,MORTGAGE,113000.0,113000.0,Source Verified,2015-09-01,2015,9,2015-09,Fully Paid,1,0,credit_card,GA,20.3799991607666,1,20-30,$90k-120k,18.083504449007528,Low Risk,690.0,694.0,1,1,19,0,50175.0,71.30000305175781,35,25539.654296875,22000.0,3539.64990234375,0.0,Individual,6,0
1369000,5000.0,5000.0,60.0,13.670000076293945,115.48999786376953,B,B5,1.0,RENT,61800.0,61800.0,Not Verified,2012-06-01,2012,6,2012-06,Fully Paid,1,0,major_purchase,WV,14.800000190734863,1,10-20,$60k-90k,10.91854893908282,Low Risk,715.0,719.0,0,1,8,0,11135.0,58.599998474121094,16,6397.5498046875,5000.0,1397.550048828125,0.0,Individual,0,0
81575940,2000.0,2000.0,36.0,7.889999866485596,62.58000183105469,A,A5,10.0,RENT,45000.0,45000.0,Not Verified,2016-06-01,2016,6,2016-06,Fully Paid,1,0,other,NY,11.920000076293945,1,10-20,$30k-60k,9.66735112936345,Low Risk,695.0,699.0,0,0,4,1,1427.0,52.900001525878906,7,2234.78369140625,2000.0,234.77999877929688,0.0,Individual,0,0
18625064,7000.0,7000.0,36.0,13.350000381469727,237.0399932861328,C,C2,6.0,MORTGAGE,75000.0,75000.0,Not Verified,2014-06-01,2014,6,2014-06,Fully Paid,1,0,debt_consolidation,KY,9.380000114440918,1,<10,$60k-90k,15.329226557152635,Medium Risk,675.0,679.0,0,0,6,0,20283.0,89.0,15,8533.4169921875,7000.0,1533.4200439453125,0.0,Individual,3,0
119324844,5050.0,5050.0,36.0,5.320000171661377,152.0800018310547,A,A1,10.0,RENT,43000.0,43000.0,Not Verified,2017-09-01,2017,9,2017-09,Current,0,0,debt_consolidation,GA,25.479999542236328,1,20-30,$30k-60k,10.91854893908282,Low Risk,750.0,754.0,2,0,18,0,4127.0,13.800000190734863,29,2734.449951171875,2424.530029296875,309.9200134277344,0.0,Individual,0,0
140748592,8000.0,8000.0,36.0,6.110000133514404,243.77999877929688,A,A1,6.0,MORTGAGE,80000.0,80000.0,Not Verified,2018-09-01,2018,9,2018-09,Current,0,0,debt_consolidation,TX,28.68000030517578,1,20-30,$60k-90k,16.580424366872005,Low Risk,700.0,704.0,0,0,23,0,20937.0,25.100000381469727,63,1457.25,1233.8900146484375,223.36000061035156,0.0,Individual,0,0
10144635,31000.0,31000.0,36.0,7.900000095367432,970.0,A,A4,10.0,MORTGAGE,80000.0,80000.0,Verified,2014-01-01,2014,1,2014-01,Fully Paid,1,0,credit_card,SC,10.140000343322754,1,10-20,$60k-90k,22.50513347022587,Low Risk,715.0,719.0,0,1,12,0,28174.0,48.20000076293945,27,33787.1015625,31000.0,2787.10009765625,0.0,Individual,3,0
132046317,12875.0,12875.0,60.0,26.770000457763672,391.3800048828125,E,E5,1.0,RENT,40200.0,40200.0,Not Verified,2018-04-01,2018,4,2018-04,Fully Paid,1,0,debt_consolidation,NY,33.0099983215332,1,30-40,$30k-60k,13.412731006160165,High Risk,685.0,689.0,0,1,7,0,4535.0,74.0,17,13257.0283203125,12875.0,382.0299987792969,0.0,Individual,0,0
55584151,10000.0,10000.0,36.0,17.56999969482422,359.3800048828125,D,D4,10.0,MORTGAGE,45000.0,45000.0,Verified,2015-07-01,2015,7,2015-07,Charged Off,1,1,debt_consolidation,GA,21.84000015258789,1,20-30,$30k-60k,10.913073237508556,Medium Risk,665.0,669.0,0,1,9,0,5123.0,86.80000305175781,18,7527.4599609375,5191.97021484375,2335.489990234375,0.0,Individual,0,0
94197933,23925.0,23925.0,36.0,8.239999771118164,752.3800048828125,B,B1,3.0,MORTGAGE,145000.0,145000.0,Not Verified,2016-12-01,2016,12,2016-12,Current,0,0,credit_card,NV,20.649999618530273,1,20-30,$120k+,15.915126625598905,Low Risk,720.0,724.0,0,0,27,0,6166.0,4.900000095367432,67,20292.359375,17380.55078125,2911.81005859375,0.0,Individual,11,0
78700584,17600.0,17600.0,36.0,9.15999984741211,560.989990234375,B,B2,1.0,MORTGAGE,89000.0,89000.0,Source Verified,2016-05-01,2016,5,2016-05,Fully Paid,1,0,debt_consolidation,FL,14.800000190734863,1,10-20,$60k-90k,4.41615331964408,Low Risk,715.0,719.0,0,0,13,0,20125.0,50.099998474121094,13,18279.919921875,17600.0,679.9199829101562,0.0,Individual,1,0
56170401,14000.0,14000.0,60.0,17.56999969482422,352.25,D,D4,6.0,MORTGAGE,87000.0,87000.0,Source Verified,2015-07-01,2015,7,2015-07,Charged Off,1,1,debt_consolidation,FL,17.020000457763672,1,10-20,$60k-90k,19.411362080766597,Medium Risk,665.0,669.0,2,1,11,0,14832.0,86.69999694824219,27,14471.91015625,5273.35009765625,4976.06005859375,4222.5,Individual,2,0
3351847,14000.0,14000.0,36.0,12.119999885559082,465.80999755859375,B,B3,10.0,OWN,110000.0,110000.0,Not Verified,2013-02-01,2013,2,2013-02,Fully Paid,1,0,debt_consolidation,LA,10.800000190734863,1,10-20,$90k-120k,19.085557837097877,Low Risk,690.0,694.0,0,0,7,0,4131.0,93.9000015258789,15,16166.0576171875,14000.0,2166.06005859375,0.0,Individual,0,0
137191243,15500.0,15500.0,60.0,11.550000190734863,341.2799987792969,B,B4,0.0,MORTGAGE,70000.0,70000.0,Source Verified,2018-07-01,2018,7,2018-07,Current,0,0,debt_consolidation,TX,14.640000343322754,1,10-20,$60k-90k,4.747433264887063,Low Risk,690.0,694.0,0,0,8,0,14157.0,49.70000076293945,12,2720.2900390625,1589.52001953125,1130.77001953125,0.0,Individual,0,0
106202146,10500.0,10500.0,36.0,8.239999771118164,330.20001220703125,B,B1,1.0,RENT,55000.0,55000.0,Not Verified,2017-04-01,2017,4,2017-04,Current,0,0,credit_card,NJ,9.0,1,<10,$30k-60k,10.001368925393566,Low Risk,665.0,669.0,1,0,15,0,14440.0,30.100000381469727,19,7589.7900390625,6407.0,1182.7900390625,0.0,Individual,0,0
122276735,3000.0,3000.0,36.0,7.349999904632568,93.12000274658203,A,A4,0.0,MORTGAGE,70000.0,70000.0,Not Verified,2017-10-01,2017,10,2017-10,Current,0,0,other,VA,18.959999084472656,1,10-20,$60k-90k,21.333333333333332,Low Risk,805.0,809.0,0,0,14,0,12575.0,15.199999809265137,29,1533.699951171875,1250.1099853515625,238.58999633789062,0.0,Joint App,2,0
106885721,9000.0,9000.0,36.0,11.4399995803833,296.5299987792969,B,B4,10.0,MORTGAGE,93000.0,93000.0,Not Verified,2017-04-01,2017,4,2017-04,Current,0,0,credit_card,NV,31.43000030517578,1,30-40,$90k-120k,21.163586584531142,Low Risk,670.0,674.0,0,2,28,0,29141.0,67.80000305175781,46,6814.47021484375,5390.64990234375,1423.8199462890625,0.0,Individual,5,0
96643552,10000.0,10000.0,36.0,11.4399995803833,329.4800109863281,B,B4,4.0,MORTGAGE,65000.0,65000.0,Source Verified,2017-02-01,2017,2,2017-02,Current,0,0,credit_card,MD,21.040000915527344,1,20-30,$60k-90k,4.251882272416153,Low Risk,680.0,684.0,0,0,10,0,11903.0,68.0,13,8240.759765625,6572.35009765625,1651.93994140625,0.0,Individual,2,0
141124609,14000.0,14000.0,60.0,8.460000038146973,286.9700012207031,A,A5,10.0,MORTGAGE,65000.0,65000.0,Source Verified,2018-10-01,2018,10,2018-10,Current,0,0,debt_consolidation,MD,20.6200008392334,1,20-30,$60k-90k,14.417522245037645,Low Risk,700.0,704.0,1,0,19,0,20531.0,36.900001525878906,47,1428.27001953125,954.719970703125,473.54998779296875,0.0,Individual,1,0
142690769,16000.0,16000.0,36.0,7.840000152587891,500.2099914550781,A,A4,10.0,MORTGAGE,85000.0,85000.0,Not Verified,2018-10-01,2018,10,2018-10,Current,0,0,credit_card,KY,5.960000038146973,1,<10,$60k-90k,15.000684462696784,Low Risk,725.0,729.0,0,0,4,0,17549.0,83.19999694824219,12,1993.8699951171875,1598.280029296875,395.5899963378906,0.0,Individual,3,0
93960758,6000.0,6000.0,36.0,12.739999771118164,201.4199981689453,C,C1,7.0,MORTGAGE,55000.0,55000.0,Source Verified,2016-11-01,2016,11,2016-11,Current,0,0,medical,OH,6.21999979019165,1,<10,$30k-60k,18.168377823408623,Medium Risk,660.0,664.0,0,0,10,1,9830.0,44.70000076293945,13,5629.14013671875,4463.25,1165.8900146484375,0.0,Individual,2,0
131330114,20000.0,20000.0,36.0,15.039999961853027,693.7000122070312,C,C4,10.0,OWN,105000.0,105000.0,Source Verified,2018-04-01,2018,4,2018-04,Current,0,0,debt_consolidation,CA,5.630000114440918,1,<10,$90k-120k,14.751540041067761,Medium Risk,670.0,674.0,1,1,7,0,13143.0,70.69999694824219,18,7613.990234375,5190.5400390625,2423.449951171875,0.0,Individual,2,0
109946804,35000.0,35000.0,36.0,12.619999885559082,1172.9000244140625,C,C1,10.0,MORTGAGE,400000.0,350000.0,Verified,2017-06-01,2017,6,2017-06,Current,0,0,debt_consolidation,TX,4.659999847412109,1,<10,$120k+,11.748117727583846,Medium Risk,685.0,689.0,0,0,9,1,23310.0,83.30000305175781,13,24606.359375,18802.779296875,5803.580078125,0.0,Individual,2,0
46808563,28000.0,28000.0,36.0,5.929999828338623,850.9299926757812,A,A1,2.0,OWN,320000.0,320000.0,Source Verified,2015-04-01,2015,4,2015-04,Fully Paid,1,0,credit_card,CT,13.680000305175781,1,10-20,$120k+,22.496919917864478,Low Risk,690.0,694.0,1,0,18,0,144611.0,53.5,43,30614.890625,28000.0,2614.889892578125,0.0,Individual,3,0
113435455,11600.0,11600.0,36.0,15.050000190734863,402.4100036621094,C,C4,10.0,MORTGAGE,59700.0,59700.0,Not Verified,2017-08-01,2017,8,2017-08,Fully Paid,1,0,debt_consolidation,NY,26.3700008392334,1,20-30,$30k-60k,18.420260095824776,Medium Risk,660.0,664.0,0,2,16,1,14603.0,59.099998474121094,40,13075.6591796875,11600.0,1455.5400390625,0.0,Individual,4,1
144028096,5000.0,5000.0,36.0,19.920000076293945,185.6199951171875,D,D3,,MORTGAGE,16532.0,16532.0,Verified,2018-12-01,2018,12,2018-12,Current,0,0,debt_consolidation,TN,49.599998474121094,1,40+,<$30k,13.418206707734429,Medium Risk,660.0,664.0,0,0,5,0,3226.0,68.5999984741211,8,551.3300170898438,313.0,238.3300018310547,0.0,Joint App,0,0
11657988,10000.0,10000.0,36.0,7.900000095367432,312.9100036621094,A,A4,10.0,RENT,40000.0,40000.0,Source Verified,2014-02-01,2014,2,2014-02,Fully Paid,1,0,credit_card,CA,24.75,1,20-30,$30k-60k,13.587953456536619,Low Risk,690.0,694.0,0,1,14,0,11177.0,39.5,31,11264.4580078125,10000.0,1264.4599609375,0.0,Individual,4,0
100454042,3200.0,3200.0,36.0,6.989999771118164,98.80000305175781,A,A2,0.0,MORTGAGE,54000.0,54000.0,Not Verified,2017-04-01,2017,4,2017-04,Current,0,0,home_improvement,MI,24.81999969482422,1,20-30,$30k-60k,16.331279945242983,Low Risk,735.0,739.0,0,0,18,0,37372.0,58.0,36,2269.909912109375,1966.77001953125,303.1400146484375,0.0,Joint App,5,0
144808421,25000.0,25000.0,36.0,27.270000457763672,1024.260009765625,E,E5,6.0,MORTGAGE,130000.0,130000.0,Verified,2018-12-01,2018,12,2018-12,Current,0,0,debt_consolidation,HI,23.170000076293945,1,20-30,$120k+,21.166324435318277,High Risk,710.0,714.0,0,1,17,0,20868.0,62.29999923706055,21,3072.780029296875,1399.739990234375,1673.0400390625,0.0,Individual,2,0
38088615,4200.0,4200.0,36.0,16.489999771118164,148.67999267578125,D,D3,4.0,RENT,35000.0,35000.0,Not Verified,2015-01-01,2015,1,2015-01,Charged Off,1,1,debt_consolidation,CA,10.5600004196167,1,10-20,$30k-60k,5.83709787816564,Medium Risk,695.0,699.0,0,0,5,0,6528.0,54.400001525878906,11,4702.43017578125,3486.389892578125,1114.989990234375,101.05000305175781,Individual,0,0
1563175,13250.0,13250.0,36.0,13.109999656677246,447.1499938964844,B,B4,2.0,MORTGAGE,50000.0,50000.0,Verified,2012-10-01,2012,10,2012-10,Fully Paid,1,0,other,NV,18.600000381469727,1,10-20,$30k-60k,5.916495550992471,Low Risk,700.0,704.0,0,3,14,0,3935.0,31.200000762939453,19,15625.064453125,13250.0,2375.06005859375,0.0,Individual,1,0
92470992,30000.0,30000.0,60.0,11.4399995803833,658.8800048828125,B,B4,2.0,OWN,200000.0,200000.0,Source Verified,2016-11-01,2016,11,2016-11,Current,0,0,debt_consolidation,NY,11.170000076293945,1,10-20,$120k+,27.748117727583846,Low Risk,725.0,729.0,3,1,30,0,4719.0,4.699999809265137,57,18429.5703125,11900.6298828125,6528.93994140625,0.0,Individual,1,0
121252697,6000.0,6000.0,36.0,18.059999465942383,217.10000610351562,D,D2,5.0,RENT,45000.0,45000.0,Source Verified,2017-10-01,2017,10,2017-10,Current,0,0,credit_card,CA,7.889999866485596,1,<10,$30k-60k,5.749486652977413,Medium Risk,700.0,704.0,0,2,7,0,4153.0,37.79999923706055,7,3699.72998046875,2435.72998046875,1264.0,0.0,Individual,0,0
85240375,15000.0,15000.0,36.0,7.590000152587891,467.2200012207031,A,A3,10.0,MORTGAGE,80000.0,80000.0,Not Verified,2016-07-01,2016,7,2016-07,Current,0,0,debt_consolidation,MS,21.110000610351562,1,20-30,$60k-90k,12.750171115674195,Low Risk,725.0,729.0,1,0,7,0,14288.0,49.099998474121094,11,14940.5,13156.580078125,1783.9200439453125,0.0,Individual,2,0
76224815,15000.0,15000.0,36.0,10.75,489.30999755859375,B,B4,2.0,MORTGAGE,43000.0,43000.0,Not Verified,2016-04-01,2016,4,2016-04,Fully Paid,1,0,debt_consolidation,CA,35.720001220703125,1,30-40,$30k-60k,11.58110882956879,Low Risk,665.0,669.0,4,0,37,0,17042.0,25.200000762939453,56,17586.150390625,15000.0,2561.679931640625,0.0,Individual,0,0
39519921,5275.0,5275.0,36.0,15.59000015258789,184.38999938964844,D,D1,10.0,MORTGAGE,41370.0,41370.0,Verified,2015-01-01,2015,1,2015-01,Fully Paid,1,0,credit_card,FL,35.38999938964844,1,30-40,$30k-60k,15.085557837097879,Medium Risk,675.0,679.0,0,0,18,0,30732.0,85.80000305175781,50,6633.35009765625,5275.0,1358.3499755859375,0.0,Individual,4,0
75263612,12500.0,12500.0,36.0,9.75,401.8800048828125,B,B3,10.0,MORTGAGE,65000.0,65000.0,Source Verified,2016-03-01,2016,3,2016-03,Fully Paid,1,0,credit_card,GA,15.920000076293945,1,10-20,$60k-90k,15.832991101984941,Low Risk,660.0,664.0,0,0,18,0,17592.0,65.19999694824219,41,13662.982421875,12500.0,1162.97998046875,0.0,Individual,3,0
96400260,15000.0,15000.0,60.0,18.989999771118164,389.0299987792969,D,D3,10.0,MORTGAGE,190000.0,190000.0,Verified,2017-02-01,2017,2,2017-02,Current,0,0,credit_card,TX,24.899999618530273,1,20-30,$120k+,13.672826830937714,Medium Risk,660.0,664.0,0,2,21,0,62405.0,63.599998474121094,28,9741.580078125,4606.85009765625,5134.72998046875,0.0,Individual,1,0
140020750,6000.0,6000.0,36.0,7.210000038146973,185.83999633789062,A,A3,,RENT,20000.0,20000.0,Source Verified,2018-10-01,2018,10,2018-10,Current,0,0,debt_consolidation,NY,15.670000076293945,1,10-20,<$30k,11.832991101984941,Low Risk,745.0,749.0,0,0,4,0,6135.0,39.099998474121094,7,923.1900024414062,758.0,165.19000244140625,0.0,Individual,0,0
28563245,16750.0,16750.0,60.0,23.43000030517578,476.3399963378906,F,F1,8.0,RENT,56000.0,56000.0,Source Verified,2014-10-01,2014,10,2014-10,Fully Paid,1,0,debt_consolidation,FL,17.299999237060547,1,10-20,$30k-60k,15.748117727583846,High Risk,665.0,669.0,0,1,8,0,7991.0,71.30000305175781,22,28097.998046875,16750.0,11348.0,0.0,Individual,0,0
109517771,5000.0,5000.0,36.0,13.59000015258789,169.89999389648438,C,C2,10.0,MORTGAGE,100000.0,100000.0,Source Verified,2017-06-01,2017,6,2017-06,Fully Paid,1,0,debt_consolidation,WI,30.719999313354492,1,30-40,$90k-120k,36.251882272416154,Medium Risk,685.0,689.0,0,1,28,1,35460.0,60.5,50,5196.412109375,5000.0,196.41000366210938,0.0,Individual,5,0
97488307,24000.0,24000.0,36.0,13.489999771118164,814.3400268554688,C,C2,3.0,MORTGAGE,102000.0,102000.0,Not Verified,2017-02-01,2017,2,2017-02,Fully Paid,1,0,debt_consolidation,MD,7.460000038146973,1,<10,$90k-120k,15.252566735112936,Medium Risk,715.0,719.0,0,0,9,0,11469.0,41.900001525878906,28,25983.9609375,24000.0,1983.9599609375,0.0,Individual,0,0
110660154,10000.0,10000.0,60.0,10.420000076293945,214.5500030517578,B,B3,8.0,MORTGAGE,40000.0,40000.0,Not Verified,2017-06-01,2017,6,2017-06,Current,0,0,home_improvement,FL,3.450000047683716,1,<10,$30k-60k,26.086242299794662,Low Risk,735.0,739.0,0,2,13,0,371.0,0.8999999761581421,21,4493.97021484375,2928.260009765625,1565.7099609375,0.0,Individual,4,0
110815238,4000.0,4000.0,36.0,14.079999923706055,136.8699951171875,C,C3,10.0,RENT,55000.0,55000.0,Source Verified,2017-06-01,2017,6,2017-06,Current,0,0,debt_consolidation,FL,13.550000190734863,1,10-20,$30k-60k,10.833675564681725,Medium Risk,670.0,674.0,0,0,11,0,2836.0,20.0,13,2868.010009765625,2126.89990234375,741.1099853515625,0.0,Individual,1,0
49493355,10000.0,10000.0,36.0,6.889999866485596,308.2699890136719,A,A3,1.0,MORTGAGE,35000.0,35000.0,Not Verified,2015-05-01,2015,5,2015-05,Charged Off,1,1,debt_consolidation,NY,11.109999656677246,1,10-20,$30k-60k,16.747433264887064,Low Risk,750.0,754.0,0,2,14,0,10758.0,34.70000076293945,42,4928.490234375,4191.2099609375,737.280029296875,0.0,Individual,0,0
138769552,6000.0,6000.0,36.0,10.079999923706055,193.8300018310547,B,B1,,OWN,30000.0,30000.0,Source Verified,2018-08-01,2018,8,2018-08,Current,0,0,debt_consolidation,OH,20.360000610351562,1,20-30,$30k-60k,35.58110882956879,Low Risk,665.0,669.0,0,0,4,0,16719.0,51.400001525878906,8,1360.010009765625,1029.6700439453125,330.3399963378906,0.0,Joint App,0,0
68477069,10000.0,10000.0,36.0,6.489999771118164,306.45001220703125,A,A2,2.0,MORTGAGE,68000.0,68000.0,Not Verified,2016-01-01,2016,1,2016-01,Fully Paid,1,0,debt_consolidation,TX,27.059999465942383,1,20-30,$60k-90k,14.913073237508556,Low Risk,785.0,789.0,0,0,11,0,8124.0,25.299999237060547,20,10085.5400390625,10000.0,85.54000091552734,0.0,Individual,2,0
679826,16000.0,16000.0,60.0,16.020000457763672,389.260009765625,D,D5,0.0,MORTGAGE,114000.0,114000.0,Source Verified,2011-02-01,2011,2,2011-02,Fully Paid,1,0,wedding,NJ,10.930000305175781,1,10-20,$90k-120k,28.33675564681725,Medium Risk,710.0,714.0,0,1,14,0,9912.0,40.0,20,23355.505859375,16000.0,7355.509765625,0.0,Individual,-1,0
8905074,7000.0,7000.0,36.0,11.989999771118164,232.47000122070312,B,B3,5.0,MORTGAGE,97000.0,97000.0,Not Verified,2013-11-01,2013,11,2013-11,Fully Paid,1,0,debt_consolidation,TX,15.279999732971191,1,10-20,$90k-120k,12.999315537303216,Low Risk,670.0,674.0,0,0,12,0,22267.0,60.29999923706055,21,7953.93017578125,7000.0,953.9299926757812,0.0,Individual,2,0
142360912,40000.0,40000.0,36.0,6.110000133514404,1218.8800048828125,A,A1,10.0,MORTGAGE,101000.0,101000.0,Source Verified,2018-10-01,2018,10,2018-10,Current,0,0,debt_consolidation,CA,16.459999084472656,1,10-20,$90k-120k,21.585215605749486,Low Risk,710.0,714.0,0,1,12,0,39642.0,54.29999923706055,26,6080.81982421875,5128.02001953125,952.7999877929688,0.0,Individual,3,0
86994053,5600.0,5600.0,36.0,11.489999771118164,184.63999938964844,B,B5,8.0,RENT,60000.0,60000.0,Source Verified,2016-08-01,2016,8,2016-08,Fully Paid,1,0,debt_consolidation,MT,6.940000057220459,1,<10,$60k-90k,19.000684462696782,Low Risk,680.0,684.0,1,0,10,0,8592.0,48.0,14,5882.91650390625,5600.0,282.9200134277344,0.0,Individual,0,0
85633242,30000.0,30000.0,36.0,19.989999771118164,1114.760009765625,D,D4,10.0,RENT,62000.0,62000.0,Verified,2016-08-01,2016,8,2016-08,Late (31-120 days),0,0,debt_consolidation,NY,18.81999969482422,1,10-20,$60k-90k,9.169062286105408,Medium Risk,700.0,704.0,1,0,8,0,3895.0,54.099998474121094,11,28983.80078125,18412.5390625,10515.51953125,0.0,Individual,0,0
28723282,10000.0,10000.0,36.0,10.989999771118164,327.3399963378906,B,B3,0.0,RENT,32000.0,32000.0,Source Verified,2014-10-01,2014,10,2014-10,Fully Paid,1,0,credit_card,RI,16.6200008392334,1,10-20,$30k-60k,14.915811088295689,Low Risk,680.0,684.0,0,0,5,0,12246.0,82.69999694824219,20,11804.6552734375,10000.0,1804.6600341796875,0.0,Individual,0,0
125385432,6000.0,6000.0,36.0,15.050000190734863,208.13999938964844,C,C4,6.0,MORTGAGE,40000.0,40000.0,Not Verified,2017-12-01,2017,12,2017-12,Current,0,0,debt_consolidation,IL,2.940000057220459,1,<10,$30k-60k,14.420260095824778,Medium Risk,675.0,679.0,0,0,5,0,2131.0,36.099998474121094,19,6112.06982421875,5750.14990234375,361.9200134277344,0.0,Individual,1,0
11687557,16700.0,16700.0,36.0,7.900000095367432,522.5499877929688,A,A4,0.0,RENT,74000.0,74000.0,Not Verified,2014-02-01,2014,2,2014-02,Fully Paid,1,0,debt_consolidation,TX,12.319999694824219,1,10-20,$60k-90k,37.921971252566735,Low Risk,720.0,724.0,0,0,10,0,13349.0,52.79999923706055,21,18811.6875,16700.0,2111.68994140625,0.0,Individual,0,0
142924724,3200.0,3200.0,36.0,25.34000015258789,127.80999755859375,E,E3,1.0,MORTGAGE,35000.0,35000.0,Not Verified,2018-10-01,2018,10,2018-10,Current,0,0,home_improvement,AZ,23.729999542236328,1,20-30,$30k-60k,15.16769336071184,High Risk,660.0,664.0,0,0,6,0,1773.0,53.70000076293945,9,540.530029296875,248.69000244140625,291.8399963378906,0.0,Individual,1,0
143276181,40000.0,40000.0,60.0,16.90999984741211,992.1699829101562,C,C5,10.0,MORTGAGE,120000.0,120000.0,Source Verified,2018-11-01,2018,11,2018-11,Current,0,0,small_business,CA,12.010000228881836,1,10-20,$120k+,16.0,Medium Risk,675.0,679.0,2,0,14,0,3270.0,9.899999618530273,24,3893.52001953125,1750.5799560546875,2142.93994140625,0.0,Individual,0,0
137686618,12000.0,12000.0,36.0,18.940000534057617,439.510009765625,D,D2,7.0,MORTGAGE,101000.0,101000.0,Source Verified,2018-08-01,2018,8,2018-08,Current,0,0,debt_consolidation,TX,34.63999938964844,1,30-40,$90k-120k,15.3347022587269,Medium Risk,670.0,674.0,1,0,33,0,48143.0,53.0,39,3063.93994140625,1835.8800048828125,1228.06005859375,0.0,Individual,1,0
110665674,6000.0,6000.0,36.0,11.989999771118164,199.25999450683594,B,B5,3.0,RENT,70000.0,70000.0,Not Verified,2017-06-01,2017,6,2017-06,Fully Paid,1,0,credit_card,ME,16.989999771118164,1,10-20,$60k-90k,8.413415468856947,Low Risk,660.0,664.0,4,1,7,0,381.0,9.800000190734863,19,6813.2763671875,6000.0,813.280029296875,0.0,Individual,0,0
85861964,24000.0,24000.0,36.0,9.489999771118164,768.6799926757812,B,B2,10.0,RENT,71530.4375,71530.4375,Verified,2016-08-01,2016,8,2016-08,Fully Paid,1,0,debt_consolidation,GA,19.040000915527344,1,10-20,$60k-90k,11.3347022587269,Low Risk,685.0,689.0,2,0,6,0,5055.0,48.099998474121094,23,27446.935546875,24000.0,3446.93994140625,0.0,Individual,0,0
70993680,12000.0,12000.0,60.0,9.15999984741211,250.0399932861328,B,B2,7.0,MORTGAGE,136000.0,136000.0,Source Verified,2016-02-01,2016,2,2016-02,Current,0,0,major_purchase,WV,12.329999923706055,1,10-20,$120k+,12.588637919233403,Low Risk,785.0,789.0,0,2,26,0,736.0,0.4000000059604645,34,9236.2099609375,6744.39013671875,2491.820068359375,0.0,Individual,2,0
10694625,10000.0,10000.0,36.0,14.470000267028809,344.07000732421875,C,C2,1.0,RENT,50000.0,50000.0,Not Verified,2014-01-01,2014,1,2014-01,Fully Paid,1,0,credit_card,CA,26.719999313354492,1,20-30,$30k-60k,12.58590006844627,Medium Risk,670.0,674.0,1,0,17,0,23042.0,53.599998474121094,26,12386.228515625,10000.0,2386.22998046875,0.0,Individual,0,0
41217364,10000.0,10000.0,36.0,12.6899995803833,335.45001220703125,C,C2,5.0,MORTGAGE,32000.0,32000.0,Not Verified,2015-03-01,2015,3,2015-03,Fully Paid,1,0,credit_card,WI,11.819999694824219,1,10-20,$30k-60k,3.8329911019849416,Medium Risk,685.0,689.0,0,1,15,0,8469.0,38.70000076293945,18,10822.330078125,10000.0,822.3300170898438,0.0,Individual,1,0
29134303,9600.0,9600.0,36.0,6.03000020980835,292.19000244140625,A,A1,10.0,MORTGAGE,85000.0,85000.0,Not Verified,2014-10-01,2014,10,2014-10,Fully Paid,1,0,debt_consolidation,KY,19.510000228881836,1,10-20,$60k-90k,12.0,Low Risk,710.0,714.0,0,0,7,1,7041.0,51.79999923706055,21,9967.16015625,9600.0,367.1600036621094,0.0,Individual,1,1
126594995,12000.0,12000.0,36.0,6.71999979019165,369.0,A,A3,9.0,MORTGAGE,76500.0,76500.0,Not Verified,2018-01-01,2018,1,2018-01,Current,0,0,debt_consolidation,GA,28.190000534057617,1,20-30,$60k-90k,26.587268993839835,Low Risk,700.0,704.0,2,4,22,0,13558.0,36.0,43,5195.6201171875,4381.2900390625,795.8800048828125,0.0,Individual,1,0
42934669,10000.0,10000.0,36.0,6.679999828338623,307.30999755859375,A,A3,10.0,MORTGAGE,58000.0,58000.0,Source Verified,2015-04-01,2015,4,2015-04,Fully Paid,1,0,credit_card,AL,17.940000534057617,1,10-20,$30k-60k,25.66461327857632,Low Risk,685.0,689.0,0,0,11,1,28843.0,67.69999694824219,17,10159.080078125,10000.0,159.0800018310547,0.0,Individual,1,0
38516364,5600.0,5600.0,36.0,7.889999866485596,175.1999969482422,A,A5,1.0,RENT,80000.0,80000.0,Source Verified,2015-03-01,2015,3,2015-03,Fully Paid,1,0,debt_consolidation,WI,9.029999732971191,1,<10,$60k-90k,42.16016427104723,Low Risk,660.0,664.0,0,1,9,1,3853.0,26.200000762939453,33,6234.88623046875,5600.0,634.8900146484375,0.0,Individual,2,1
37741410,6000.0,6000.0,36.0,13.65999984741211,204.0800018310547,C,C3,8.0,OWN,48000.0,48000.0,Source Verified,2014-12-01,2014,12,2014-12,Fully Paid,1,0,other,PA,15.199999809265137,1,10-20,$30k-60k,13.91375770020534,Medium Risk,660.0,664.0,0,1,10,1,4643.0,28.100000381469727,53,7243.2236328125,6000.0,1243.219970703125,0.0,Individual,3,1
126798934,2700.0,2700.0,36.0,15.050000190734863,93.66999816894531,C,C4,10.0,RENT,104000.0,104000.0,Not Verified,2018-01-01,2018,1,2018-01,Current,0,0,debt_consolidation,NY,11.039999961853027,1,10-20,$90k-120k,15.252566735112936,Medium Risk,680.0,684.0,0,1,8,0,8380.0,74.19999694824219,22,1314.219970703125,909.1099853515625,405.1099853515625,0.0,Individual,0,0
86001535,5650.0,5650.0,36.0,10.989999771118164,184.9499969482422,B,B4,3.0,OWN,65000.0,65000.0,Source Verified,2016-08-01,2016,8,2016-08,Fully Paid,1,0,debt_consolidation,VA,10.989999771118164,1,10-20,$60k-90k,10.915811088295689,Low Risk,680.0,684.0,0,0,4,1,5660.0,82.0,12,6025.04345703125,5650.0,375.0400085449219,0.0,Individual,1,1
32068484,8000.0,8000.0,36.0,12.489999771118164,267.6000061035156,B,B5,3.0,MORTGAGE,72000.0,72000.0,Verified,2014-10-01,2014,10,2014-10,Fully Paid,1,0,debt_consolidation,OH,12.829999923706055,1,10-20,$60k-90k,12.999315537303216,Low Risk,670.0,674.0,10,1,19,3,4501.0,42.099998474121094,34,8848.83984375,8000.0,848.8400268554688,0.0,Individual,1,0
116475412,10000.0,10000.0,60.0,14.079999923706055,233.10000610351562,C,C3,1.0,RENT,50000.0,50000.0,Not Verified,2017-09-01,2017,9,2017-09,Charged Off,1,1,credit_card,GA,8.520000457763672,1,<10,$30k-60k,10.25325119780972,Medium Risk,670.0,674.0,0,0,7,0,13573.0,66.5,9,2811.56005859375,1479.719970703125,1301.8399658203125,0.0,Individual,0,0
55248462,20000.0,20000.0,36.0,9.989999771118164,645.25,B,B3,2.0,MORTGAGE,120000.0,120000.0,Source Verified,2015-07-01,2015,7,2015-07,Fully Paid,1,0,debt_consolidation,TX,21.510000228881836,1,20-30,$120k+,12.747433264887064,Low Risk,670.0,674.0,0,1,11,0,17624.0,92.30000305175781,32,23133.87109375,20000.0,3133.8701171875,0.0,Individual,5,0
77431014,27000.0,27000.0,36.0,24.989999771118164,1073.3800048828125,E,E5,10.0,RENT,73000.0,73000.0,Verified,2016-05-01,2016,5,2016-05,Charged Off,1,1,debt_consolidation,MA,23.0,1,20-30,$60k-90k,12.167008898015059,High Risk,750.0,754.0,0,2,11,0,2735.0,9.600000381469727,18,22519.689453125,12619.9404296875,9846.080078125,0.0,Individual,2,0
108659519,12000.0,12000.0,60.0,7.96999979019165,243.14999389648438,A,A5,5.0,MORTGAGE,90000.0,90000.0,Not Verified,2017-05-01,2017,5,2017-05,Fully Paid,1,0,other,TX,29.959999084472656,1,20-30,$90k-120k,19.24435318275154,Low Risk,735.0,739.0,0,1,16,0,18500.0,22.799999237060547,35,12709.453125,12000.0,709.4500122070312,0.0,Individual,3,0
145307699,16000.0,16000.0,60.0,8.1899995803833,325.8800048828125,A,A4,9.0,RENT,60000.0,60000.0,Not Verified,2018-12-01,2018,12,2018-12,Current,0,0,credit_card,GA,10.579999923706055,1,10-20,$60k-90k,7.753593429158111,Low Risk,760.0,764.0,0,0,8,0,5107.0,11.600000381469727,13,959.4400024414062,654.489990234375,304.95001220703125,0.0,Individual,0,0
127443465,30000.0,30000.0,36.0,5.320000171661377,903.4500122070312,A,A1,10.0,MORTGAGE,150000.0,150000.0,Source Verified,2018-01-01,2018,1,2018-01,Current,0,0,debt_consolidation,IL,0.3700000047683716,1,<10,$120k+,27.838466803559207,Low Risk,845.0,850.0,0,2,5,0,3359.0,5.099999904632568,13,12639.4296875,11102.7001953125,1536.72998046875,0.0,Joint App,6,0
145357496,16000.0,16000.0,60.0,10.329999923706055,342.55999755859375,B,B1,10.0,OWN,53000.0,53000.0,Source Verified,2018-12-01,2018,12,2018-12,Current,0,0,debt_consolidation,MN,37.119998931884766,1,30-40,$30k-60k,12.41889117043121,Low Risk,760.0,764.0,0,0,11,0,7989.0,36.5,21,666.760009765625,411.239990234375,255.52000427246094,0.0,Individual,0,0
128064274,20000.0,20000.0,60.0,20.0,529.8800048828125,D,D4,3.0,RENT,57000.0,57000.0,Verified,2018-02-01,2018,2,2018-02,Charged Off,1,1,debt_consolidation,NE,16.510000228881836,1,10-20,$30k-60k,5.336071184120465,Medium Risk,670.0,674.0,0,1,7,0,4314.0,58.29999923706055,16,1415.3199462890625,396.3699951171875,668.9500122070312,350.0,Individual,0,0
13667581,35000.0,35000.0,36.0,13.649999618530273,1190.280029296875,C,C1,1.0,MORTGAGE,165000.0,165000.0,Verified,2014-04-01,2014,4,2014-04,Fully Paid,1,0,debt_consolidation,TX,17.59000015258789,1,10-20,$120k+,7.750855578370979,Medium Risk,690.0,694.0,0,2,16,0,12413.0,43.599998474121094,29,42017.23828125,35000.0,7017.240234375,0.0,Individual,2,0
129850682,5225.0,5225.0,36.0,14.069999694824219,178.75999450683594,C,C3,,MORTGAGE,55224.55078125,55224.55078125,Not Verified,2018-03-01,2018,3,2018-03,Charged Off,1,1,home_improvement,NY,22.899999618530273,1,20-30,$30k-60k,28.0,Medium Risk,685.0,689.0,0,2,15,0,14400.0,41.70000076293945,31,885.6300048828125,601.4199829101562,284.2099914550781,0.0,Individual,7,0
11505118,13000.0,13000.0,36.0,11.989999771118164,431.7300109863281,B,B3,2.0,MORTGAGE,50000.0,50000.0,Not Verified,2014-02-01,2014,2,2014-02,Charged Off,1,1,credit_card,TN,22.729999542236328,1,20-30,$30k-60k,12.75564681724846,Low Risk,680.0,684.0,0,0,9,0,16621.0,56.5,21,10702.0400390625,7761.43017578125,2168.360107421875,772.25,Individual,5,0
81270648,8700.0,8700.0,36.0,20.989999771118164,327.7300109863281,E,E1,10.0,MORTGAGE,48000.0,48000.0,Verified,2016-05-01,2016,5,2016-05,Current,0,0,credit_card,OH,43.880001068115234,1,40+,$30k-60k,16.0,High Risk,675.0,679.0,6,1,12,0,8626.0,77.0,36,10809.9404296875,7757.27001953125,3052.669921875,0.0,Individual,3,0
86012811,20000.0,20000.0,60.0,19.989999771118164,529.77001953125,D,D4,0.0,MORTGAGE,65000.0,65000.0,Source Verified,2016-08-01,2016,8,2016-08,Charged Off,1,1,credit_card,PA,23.799999237060547,1,20-30,$60k-90k,28.251882272416154,Medium Risk,690.0,694.0,0,1,10,1,9728.0,63.20000076293945,24,10187.7900390625,4349.89990234375,5837.89013671875,0.0,Individual,5,1
93413958,8400.0,8400.0,36.0,15.989999771118164,295.2799987792969,C,C5,3.0,RENT,25000.0,25000.0,Source Verified,2016-11-01,2016,11,2016-11,Fully Paid,1,0,debt_consolidation,MD,9.449999809265137,1,<10,<$30k,16.33675564681725,Medium Risk,710.0,714.0,0,1,6,1,2994.0,34.400001525878906,7,10281.9326171875,8400.0,1866.9300537109375,0.0,Individual,0,1
130311153,2750.0,2750.0,36.0,10.40999984741211,89.2699966430664,B,B3,4.0,MORTGAGE,35000.0,35000.0,Verified,2018-03-01,2018,3,2018-03,Current,0,0,debt_consolidation,WI,3.880000114440918,1,<10,$30k-60k,13.075975359342916,Low Risk,705.0,709.0,0,0,5,0,2610.0,58.0,6,1169.6500244140625,933.780029296875,235.8699951171875,0.0,Individual,1,0
17283516,12600.0,12600.0,60.0,14.989999771118164,299.69000244140625,C,C5,9.0,RENT,47500.0,47500.0,Source Verified,2014-06-01,2014,6,2014-06,Fully Paid,1,0,other,TX,26.06999969482422,1,20-30,$30k-60k,14.414784394250514,Medium Risk,710.0,714.0,0,2,12,0,14483.0,73.5,32,17666.71484375,12600.0,5066.72021484375,0.0,Individual,0,0
74555887,7050.0,7050.0,36.0,9.15999984741211,224.72000122070312,B,B2,10.0,RENT,48500.0,48500.0,Not Verified,2016-03-01,2016,3,2016-03,Fully Paid,1,0,debt_consolidation,FL,15.90999984741211,1,10-20,$30k-60k,15.58110882956879,Low Risk,665.0,669.0,0,2,9,2,4287.0,50.0,22,7881.83056640625,7050.0,831.8300170898438,0.0,Individual,0,2
41021037,16000.0,16000.0,36.0,15.609999656677246,559.4400024414062,D,D1,5.0,MORTGAGE,65000.0,65000.0,Source Verified,2015-02-01,2015,2,2015-02,Fully Paid,1,0,debt_consolidation,CA,10.970000267028809,1,10-20,$60k-90k,9.998631074606434,Medium Risk,685.0,689.0,0,0,12,0,14072.0,59.400001525878906,17,17297.029296875,16000.0,1297.030029296875,0.0,Individual,1,0
66290839,8000.0,8000.0,36.0,11.989999771118164,265.67999267578125,C,C1,7.0,RENT,70000.0,70000.0,Source Verified,2015-12-01,2015,12,2015-12,Charged Off,1,1,home_improvement,CA,18.450000762939453,1,10-20,$60k-90k,21.166324435318277,Medium Risk,665.0,669.0,0,1,7,1,3181.0,54.79999923706055,23,6517.5498046875,3205.389892578125,1040.1600341796875,2272.0,Individual,1,1
125490056,28850.0,28850.0,36.0,20.0,1072.1700439453125,D,D4,10.0,MORTGAGE,104000.0,104000.0,Source Verified,2017-12-01,2017,12,2017-12,Fully Paid,1,0,debt_consolidation,WA,35.68000030517578,1,30-40,$90k-120k,44.668035592060235,Medium Risk,695.0,699.0,0,0,20,0,32101.0,70.4000015258789,30,35000.23046875,28850.0,6150.22998046875,0.0,Individual,3,0
65088086,19200.0,19200.0,36.0,6.889999866485596,591.8800048828125,A,A3,10.0,MORTGAGE,64000.0,64000.0,Source Verified,2015-11-01,2015,11,2015-11,Fully Paid,1,0,debt_consolidation,WI,14.989999771118164,1,10-20,$60k-90k,14.99794661190965,Low Risk,745.0,749.0,0,0,11,0,15151.0,37.70000076293945,24,21310.8671875,19200.0,2110.8701171875,0.0,Individual,2,0
105903743,10800.0,10800.0,36.0,13.489999771118164,366.45001220703125,C,C2,10.0,MORTGAGE,83000.0,83000.0,Verified,2017-04-01,2017,4,2017-04,Fully Paid,1,0,home_improvement,TX,7.159999847412109,1,<10,$60k-90k,13.333333333333334,Medium Risk,665.0,669.0,1,2,12,0,7207.0,35.5,34,11099.248046875,10800.0,299.25,0.0,Individual,2,0
4034688,12000.0,12000.0,36.0,14.09000015258789,410.6600036621094,B,B5,9.0,MORTGAGE,35000.0,35000.0,Verified,2013-04-01,2013,4,2013-04,Fully Paid,1,0,debt_consolidation,FL,29.309999465942383,1,20-30,$30k-60k,9.834360027378509,Low Risk,690.0,694.0,1,1,6,0,7799.0,64.5,16,14783.595703125,12000.0,2783.60009765625,0.0,Individual,1,0
11024598,12000.0,12000.0,60.0,15.609999656677246,289.3399963378906,C,C4,5.0,MORTGAGE,45000.0,45000.0,Verified,2014-01-01,2014,1,2014-01,Fully Paid,1,0,debt_consolidation,MD,24.959999084472656,1,20-30,$30k-60k,18.33538672142368,Medium Risk,685.0,689.0,0,0,12,0,8875.0,51.0,45,12762.9501953125,12000.0,762.9500122070312,0.0,Individual,5,0
93113096,18775.0,18775.0,36.0,13.489999771118164,637.0499877929688,C,C2,10.0,MORTGAGE,42000.0,42000.0,Source Verified,2016-11-01,2016,11,2016-11,Current,0,0,debt_consolidation,GA,33.02000045776367,1,30-40,$30k-60k,12.251882272416154,Medium Risk,705.0,709.0,0,1,10,0,27446.0,81.0,14,17823.330078125,13927.2802734375,3896.050048828125,0.0,Individual,1,0
91985682,10000.0,10000.0,36.0,11.390000343322754,329.239990234375,B,B3,10.0,MORTGAGE,39552.0,39552.0,Not Verified,2016-10-01,2016,10,2016-10,Current,0,0,credit_card,MN,31.950000762939453,1,30-40,$30k-60k,17.169062286105408,Low Risk,675.0,679.0,1,0,27,0,27656.0,36.29999923706055,38,9212.3896484375,7475.22998046875,1737.1600341796875,0.0,Individual,1,0
84041260,24000.0,24000.0,60.0,15.59000015258789,578.4199829101562,C,C5,9.0,OWN,110000.0,110000.0,Not Verified,2016-06-01,2016,6,2016-06,Fully Paid,1,0,other,KS,13.699999809265137,1,10-20,$90k-120k,15.917864476386036,Medium Risk,720.0,724.0,0,0,13,0,13351.0,30.600000381469727,17,26023.970703125,24000.0,2023.969970703125,0.0,Individual,2,0
71067881,13050.0,13050.0,60.0,26.56999969482422,395.1400146484375,F,F5,2.0,RENT,53000.0,53000.0,Verified,2016-02-01,2016,2,2016-02,Current,0,0,debt_consolidation,NJ,19.809999465942383,1,10-20,$30k-60k,7.416837782340862,High Risk,670.0,674.0,0,2,14,0,5535.0,86.5,26,14572.01953125,5988.22998046875,8583.7900390625,0.0,Individual,0,0
138533302,10000.0,10000.0,60.0,15.020000457763672,238.00999450683594,C,C3,6.0,RENT,60000.0,60000.0,Verified,2018-08-01,2018,8,2018-08,Current,0,0,debt_consolidation,IL,29.0,1,20-30,$60k-90k,15.832991101984941,Medium Risk,705.0,709.0,0,0,8,0,11157.0,61.0,15,1649.3800048828125,820.1900024414062,829.1900024414062,0.0,Individual,0,0
29124227,20000.0,20000.0,36.0,9.170000076293945,637.5800170898438,B,B1,10.0,MORTGAGE,75000.0,75000.0,Source Verified,2014-10-01,2014,10,2014-10,Fully Paid,1,0,debt_consolidation,OH,34.09000015258789,1,30-40,$60k-90k,25.251197809719372,Low Risk,700.0,704.0,1,3,20,0,15486.0,33.20000076293945,51,22445.380859375,20000.0,2445.3798828125,0.0,Individual,6,0
117268862,12000.0,12000.0,36.0,7.070000171661377,370.9100036621094,A,A2,2.0,MORTGAGE,49000.0,49000.0,Not Verified,2017-08-01,2017,8,2017-08,Current,0,0,credit_card,GA,26.3799991607666,1,20-30,$30k-60k,10.001368925393566,Low Risk,735.0,739.0,0,0,8,0,13486.0,36.29999923706055,31,6685.47998046875,5683.10009765625,1002.3800048828125,0.0,Individual,1,0
107381462,9800.0,9800.0,36.0,8.239999771118164,308.19000244140625,B,B1,2.0,OWN,70000.0,70000.0,Source Verified,2017-05-01,2017,5,2017-05,Current,0,0,debt_consolidation,CO,18.15999984741211,1,10-20,$60k-90k,5.415468856947296,Low Risk,700.0,704.0,0,0,14,0,6593.0,30.5,18,6774.91015625,5698.64990234375,1076.260009765625,0.0,Individual,0,0
141414818,40000.0,40000.0,60.0,15.020000457763672,952.02001953125,C,C3,2.0,MORTGAGE,110000.0,110000.0,Source Verified,2018-10-01,2018,10,2018-10,Current,0,0,debt_consolidation,NC,0.6299999952316284,1,<10,$90k-120k,11.586584531143053,Medium Risk,705.0,709.0,0,1,5,0,2558.0,73.0999984741211,50,4726.72021484375,2313.969970703125,2412.75,0.0,Individual,4,0
111731111,10000.0,10000.0,36.0,9.930000305175781,322.3500061035156,B,B2,0.0,OWN,50000.0,50000.0,Source Verified,2017-06-01,2017,6,2017-06,Current,0,0,credit_card,MI,16.229999542236328,1,10-20,$30k-60k,7.832991101984942,Low Risk,685.0,689.0,0,0,11,0,11677.0,25.700000762939453,16,6763.830078125,5470.6201171875,1293.2099609375,0.0,Individual,0,0
139473443,12000.0,12000.0,36.0,10.470000267028809,389.8599853515625,B,B2,6.0,OWN,35000.0,35000.0,Not Verified,2018-09-01,2018,9,2018-09,Current,0,0,debt_consolidation,NH,29.559999465942383,1,20-30,$30k-60k,19.33744010951403,Low Risk,680.0,684.0,0,0,10,0,12261.0,76.0,28,2332.179931640625,1748.719970703125,583.4600219726562,0.0,Individual,1,0
104835456,25000.0,25000.0,36.0,13.989999771118164,854.3200073242188,C,C3,,RENT,65000.0,65000.0,Verified,2017-04-01,2017,4,2017-04,Charged Off,1,1,debt_consolidation,CA,18.719999313354492,1,10-20,$60k-90k,31.917864476386036,Medium Risk,705.0,709.0,0,3,11,1,20082.0,47.0,25,15408.330078125,11200.75,4164.85986328125,0.0,Individual,1,0
123995717,25000.0,25000.0,60.0,9.930000305175781,530.3200073242188,B,B2,0.0,MORTGAGE,78000.0,78000.0,Not Verified,2017-11-01,2017,11,2017-11,Fully Paid,1,0,credit_card,CA,17.950000762939453,1,10-20,$60k-90k,13.25119780971937,Low Risk,740.0,744.0,0,0,8,0,21272.0,48.599998474121094,19,27910.15625,25000.0,2910.159912109375,0.0,Joint App,5,0
102658122,2500.0,2500.0,36.0,16.989999771118164,89.12000274658203,D,D1,3.0,MORTGAGE,103200.0,103200.0,Not Verified,2017-03-01,2017,3,2017-03,Current,0,0,other,MO,34.77000045776367,1,30-40,$90k-120k,25.163586584531142,Medium Risk,665.0,669.0,2,0,18,0,34661.0,61.599998474121094,32,2136.52001953125,1522.8299560546875,613.6900024414062,0.0,Individual,3,0
60296668,35000.0,35000.0,60.0,16.989999771118164,869.6599731445312,D,D3,3.0,MORTGAGE,155000.0,155000.0,Source Verified,2015-10-01,2015,10,2015-10,Fully Paid,1,0,debt_consolidation,CA,8.609999656677246,1,<10,$120k+,14.417522245037645,Medium Risk,720.0,724.0,0,1,13,0,3289.0,6.900000095367432,31,43653.5078125,35000.0,8653.509765625,0.0,Individual,4,0
31808037,2500.0,2500.0,36.0,13.979999542236328,85.41999816894531,C,C3,2.0,MORTGAGE,37000.0,37000.0,Not Verified,2014-10-01,2014,10,2014-10,Fully Paid,1,0,debt_consolidation,IN,23.09000015258789,1,20-30,$30k-60k,4.999315537303217,Medium Risk,665.0,669.0,1,2,14,1,9152.0,41.79999923706055,17,3038.01416015625,2500.0,538.010009765625,0.0,Individual,0,0
125086604,32000.0,32000.0,60.0,12.619999885559082,721.8900146484375,C,C1,10.0,MORTGAGE,180000.0,180000.0,Source Verified,2017-12-01,2017,12,2017-12,Current,0,0,credit_card,WA,10.210000038146973,1,10-20,$120k+,26.50239561943874,Medium Risk,660.0,664.0,0,2,15,0,35521.0,76.69999694824219,25,10783.48046875,6225.89990234375,4557.580078125,0.0,Individual,3,0
562069,4000.0,4000.0,36.0,11.489999771118164,131.88999938964844,B,B4,0.0,RENT,60000.0,60000.0,Source Verified,2010-08-01,2010,8,2010-08,Does not meet the credit policy. Status:Fully Paid,1,0,other,OH,23.459999084472656,1,20-30,$60k-90k,12.747433264887064,Low Risk,705.0,709.0,0,4,5,0,8541.0,67.30000305175781,21,4729.583984375,4000.0,729.5800170898438,0.0,Individual,-1,0
91102197,17450.0,17450.0,60.0,28.18000030517578,545.219970703125,G,G1,10.0,RENT,60000.0,60000.0,Source Verified,2016-10-01,2016,10,2016-10,Charged Off,1,1,debt_consolidation,CA,33.27000045776367,1,30-40,$60k-90k,30.748802190280628,High Risk,675.0,679.0,0,0,12,0,18593.0,63.70000076293945,25,11940.2001953125,3834.18994140625,8106.009765625,0.0,Individual,0,0
6291770,24000.0,24000.0,36.0,7.900000095367432,750.969970703125,A,A4,10.0,MORTGAGE,132000.0,132000.0,Verified,2013-08-01,2013,8,2013-08,Fully Paid,1,0,debt_consolidation,HI,9.100000381469727,1,<10,$120k+,19.16769336071184,Low Risk,695.0,699.0,1,0,7,0,22020.0,74.0999984741211,18,27034.76171875,24000.0,3034.760009765625,0.0,Individual,1,0
143204662,35000.0,35000.0,36.0,7.559999942779541,1089.68994140625,A,A3,,RENT,62000.0,62000.0,Source Verified,2018-11-01,2018,11,2018-11,Current,0,0,credit_card,NM,14.520000457763672,1,10-20,$60k-90k,17.916495550992472,Low Risk,700.0,704.0,0,0,6,0,41537.0,53.5,12,4322.009765625,3509.75,812.260009765625,0.0,Individual,2,0
68905286,35000.0,35000.0,36.0,7.909999847412109,1095.3299560546875,A,A5,0.0,MORTGAGE,165000.0,165000.0,Source Verified,2016-01-01,2016,1,2016-01,Fully Paid,1,0,credit_card,CA,12.329999923706055,1,10-20,$120k+,22.16563997262149,Low Risk,720.0,724.0,0,0,6,0,36436.0,67.5,19,37156.8046875,35000.0,2156.800048828125,0.0,Individual,4,0
108971822,1500.0,1500.0,36.0,9.4399995803833,48.0099983215332,B,B1,10.0,RENT,50000.0,50000.0,Verified,2017-05-01,2017,5,2017-05,Fully Paid,1,0,renewable_energy,CA,7.179999828338623,1,<10,$30k-60k,13.415468856947296,Low Risk,725.0,729.0,0,1,9,0,17500.0,34.5,24,1584.7274169921875,1500.0,84.7300033569336,0.0,Individual,0,0
115388809,9250.0,9250.0,36.0,14.079999923706055,316.510009765625,C,C3,,MORTGAGE,51000.0,51000.0,Not Verified,2017-08-01,2017,8,2017-08,Current,0,0,debt_consolidation,PA,30.81999969482422,1,30-40,$30k-60k,40.33401779603012,Medium Risk,690.0,694.0,0,0,14,0,11241.0,33.29999923706055,22,6006.4501953125,4397.93994140625,1608.510009765625,0.0,Individual,1,0
140960314,17000.0,17000.0,36.0,11.0600004196167,557.0499877929688,B,B3,,RENT,49700.0,49700.0,Source Verified,2018-10-01,2018,10,2018-10,Current,0,0,credit_card,TX,14.59000015258789,1,10-20,$30k-60k,24.16700889801506,Low Risk,660.0,664.0,0,0,8,1,17022.0,54.400001525878906,16,2774.800048828125,2039.0799560546875,735.719970703125,0.0,Individual,0,1
143526855,15000.0,15000.0,36.0,10.720000267028809,489.1000061035156,B,B2,,RENT,35000.0,35000.0,Verified,2018-11-01,2018,11,2018-11,Current,0,0,debt_consolidation,NJ,29.559999465942383,1,20-30,$30k-60k,13.336071184120465,Low Risk,695.0,699.0,0,0,7,1,12725.0,53.20000076293945,10,1947.469970703125,1439.550048828125,507.9200134277344,0.0,Individual,0,1
69326118,8400.0,8400.0,36.0,10.779999732971191,274.1400146484375,B,B4,,RENT,48400.0,48400.0,Verified,2016-02-01,2016,2,2016-02,Fully Paid,1,0,debt_consolidation,RI,23.8799991607666,1,20-30,$30k-60k,29.754962354551676,Low Risk,675.0,679.0,0,1,12,1,11852.0,61.400001525878906,19,9863.625,8400.0,1463.6300048828125,0.0,Individual,0,1
106925559,18850.0,18850.0,60.0,16.989999771118164,468.3699951171875,D,D1,0.0,RENT,55000.0,55000.0,Source Verified,2017-04-01,2017,4,2017-04,Current,0,0,debt_consolidation,PA,24.09000015258789,1,20-30,$30k-60k,13.582477754962355,Medium Risk,710.0,714.0,0,0,6,0,17562.0,85.69999694824219,15,10321.9404296875,5158.259765625,5163.68017578125,0.0,Individual,0,0
13068253,8250.0,8250.0,36.0,14.15999984741211,282.6099853515625,C,C2,3.0,MORTGAGE,60000.0,60000.0,Not Verified,2014-04-01,2014,4,2014-04,Fully Paid,1,0,debt_consolidation,CA,21.049999237060547,1,20-30,$60k-90k,32.832306639288156,Medium Risk,685.0,689.0,1,0,9,1,3573.0,37.20000076293945,32,10025.8798828125,8250.0,1775.8800048828125,0.0,Individual,3,1
64370713,7000.0,7000.0,36.0,7.889999866485596,219.0,A,A5,6.0,MORTGAGE,51500.0,51500.0,Verified,2015-11-01,2015,11,2015-11,Fully Paid,1,0,debt_consolidation,NV,23.959999084472656,1,20-30,$30k-60k,14.335386721423683,Low Risk,665.0,669.0,0,0,7,1,6732.0,77.4000015258789,25,7704.03662109375,7000.0,704.0399780273438,0.0,Individual,1,1
134517411,20000.0,20000.0,60.0,20.389999389648438,534.22998046875,D,D4,3.0,OWN,27000.0,27000.0,Verified,2018-06-01,2018,6,2018-06,Current,0,0,credit_card,IL,64.9800033569336,1,40+,<$30k,13.49760438056126,Medium Risk,675.0,679.0,0,0,9,0,15458.0,54.79999923706055,15,4785.41015625,1873.3199462890625,2912.090087890625,0.0,Joint App,0,0
126961079,10000.0,10000.0,36.0,5.320000171661377,301.1499938964844,A,A1,10.0,MORTGAGE,65000.0,65000.0,Not Verified,2018-01-01,2018,1,2018-01,Current,0,0,debt_consolidation,FL,7.880000114440918,1,<10,$60k-90k,17.084188911704313,Low Risk,705.0,709.0,0,0,16,0,12194.0,19.299999237060547,25,4213.14013671875,3700.89990234375,512.239990234375,0.0,Individual,1,0
65865312,15400.0,15400.0,60.0,11.220000267028809,336.5299987792969,B,B5,2.0,MORTGAGE,45000.0,45000.0,Source Verified,2015-12-01,2015,12,2015-12,Current,0,0,debt_consolidation,WI,26.829999923706055,1,20-30,$30k-60k,9.500342231348391,Low Risk,675.0,679.0,0,0,11,0,15923.0,69.19999694824219,18,13105.4697265625,9010.7099609375,4094.760009765625,0.0,Individual,1,0
60901050,15000.0,15000.0,36.0,9.989999771118164,483.94000244140625,B,B3,2.0,RENT,63000.0,63000.0,Verified,2015-09-01,2015,9,2015-09,Fully Paid,1,0,debt_consolidation,VA,9.930000305175781,1,<10,$60k-90k,14.99794661190965,Low Risk,685.0,689.0,0,0,9,0,17825.0,79.9000015258789,18,16940.63671875,15000.0,1940.6400146484375,0.0,Individual,0,0
6166582,16000.0,16000.0,60.0,15.880000114440918,388.07000732421875,C,C4,9.0,MORTGAGE,60000.0,60000.0,Source Verified,2013-07-01,2013,7,2013-07,Charged Off,1,1,credit_card,OH,15.84000015258789,1,10-20,$60k-90k,6.0013689253935665,Medium Risk,675.0,679.0,0,1,10,1,11764.0,61.599998474121094,16,3882.5,1872.1700439453125,2008.530029296875,1.7999999523162842,Individual,2,1
60176460,25000.0,25000.0,60.0,10.989999771118164,543.4400024414062,B,B4,6.0,RENT,80000.0,80000.0,Not Verified,2015-09-01,2015,9,2015-09,Fully Paid,1,0,credit_card,NJ,10.430000305175781,1,10-20,$60k-90k,11.917864476386036,Low Risk,705.0,709.0,0,0,15,0,20706.0,53.900001525878906,29,28221.6328125,25000.0,3221.6298828125,0.0,Individual,0,0
5855141,10000.0,10000.0,36.0,9.710000038146973,321.32000732421875,B,B1,10.0,MORTGAGE,51000.0,51000.0,Not Verified,2013-07-01,2013,7,2013-07,Fully Paid,1,0,debt_consolidation,CA,23.200000762939453,1,20-30,$30k-60k,30.168377823408623,Low Risk,710.0,714.0,0,0,14,0,25521.0,46.900001525878906,31,11100.0146484375,10000.0,1100.010009765625,0.0,Individual,0,0
37097338,15000.0,15000.0,60.0,18.540000915527344,385.3299865722656,E,E1,4.0,MORTGAGE,45000.0,45000.0,Not Verified,2014-12-01,2014,12,2014-12,Current,0,0,other,CT,4.75,1,<10,$30k-60k,21.08145106091718,High Risk,700.0,704.0,2,1,10,0,7337.0,37.79999923706055,21,19636.380859375,11786.150390625,7850.22998046875,0.0,Individual,5,0
104293469,10000.0,10000.0,36.0,7.239999771118164,309.8699951171875,A,A3,,MORTGAGE,97000.0,97000.0,Not Verified,2017-04-01,2017,4,2017-04,Charged Off,1,1,home_improvement,NY,11.279999732971191,1,10-20,$90k-120k,48.6652977412731,Low Risk,835.0,839.0,0,1,16,0,1331.0,2.299999952316284,32,7584.06982421875,1778.68994140625,386.3800048828125,5419.0,Individual,4,0
1067172,11500.0,11500.0,36.0,15.270000457763672,400.17999267578125,C,C4,10.0,MORTGAGE,44200.0,44200.0,Verified,2011-12-01,2011,12,2011-12,Fully Paid,1,0,credit_card,CA,21.690000534057617,1,20-30,$30k-60k,7.3319644079397674,Medium Risk,685.0,689.0,0,1,9,0,13147.0,90.0,11,13605.53125,11500.0,2105.530029296875,0.0,Individual,-1,0
75993805,24000.0,24000.0,36.0,10.75,782.9000244140625,B,B4,9.0,MORTGAGE,120000.0,120000.0,Not Verified,2016-04-01,2016,4,2016-04,Fully Paid,1,0,small_business,AL,28.290000915527344,1,20-30,$120k+,16.66803559206023,Low Risk,680.0,684.0,1,1,9,2,16237.0,67.69999694824219,25,26114.583984375,24000.0,2114.580078125,0.0,Individual,4,0
90029230,18000.0,18000.0,36.0,12.789999961853027,604.6799926757812,C,C1,7.0,MORTGAGE,163600.0,163600.0,Source Verified,2016-09-01,2016,9,2016-09,Charged Off,1,1,debt_consolidation,NY,11.739999771118164,1,10-20,$120k+,34.08624229979466,Medium Risk,685.0,689.0,1,3,10,1,17230.0,51.400001525878906,20,3003.89990234375,1251.739990234375,549.510009765625,1172.4200439453125,Individual,2,0
13527116,3200.0,3200.0,36.0,19.989999771118164,118.91000366210938,E,E1,5.0,RENT,37440.0,37440.0,Not Verified,2014-04-01,2014,4,2014-04,Fully Paid,1,0,other,OR,11.0600004196167,1,10-20,$30k-60k,5.245722108145106,High Risk,700.0,704.0,0,1,5,0,1430.0,31.799999237060547,7,4284.38427734375,3200.0,1084.3800048828125,0.0,Individual,0,0
45484724,8000.0,8000.0,36.0,13.329999923706055,270.8299865722656,C,C3,0.0,RENT,70000.0,70000.0,Not Verified,2015-04-01,2015,4,2015-04,Charged Off,1,1,debt_consolidation,FL,18.06999969482422,1,10-20,$60k-90k,6.579055441478439,Medium Risk,670.0,674.0,2,1,11,0,7430.0,43.5,13,8025.39990234375,6142.18017578125,1749.0699462890625,134.14999389648438,Individual,0,0
70640458,23650.0,23650.0,60.0,20.75,636.5,E,E2,10.0,MORTGAGE,62300.0,62300.0,Verified,2016-02-01,2016,2,2016-02,Charged Off,1,1,debt_consolidation,TN,29.709999084472656,1,20-30,$60k-90k,12.503764544832306,High Risk,665.0,669.0,0,1,10,0,17711.0,93.19999694824219,18,14860.3701171875,3898.35009765625,8167.580078125,2794.43994140625,Individual,2,0
10395040,12000.0,12000.0,36.0,9.670000076293945,385.3500061035156,B,B1,2.0,MORTGAGE,110000.0,110000.0,Not Verified,2014-02-01,2014,2,2014-02,Fully Paid,1,0,debt_consolidation,CA,11.140000343322754,1,10-20,$90k-120k,15.33744010951403,Low Risk,685.0,689.0,0,1,10,0,3858.0,52.099998474121094,27,13836.1396484375,12000.0,1836.1400146484375,0.0,Individual,1,0
61360241,3000.0,3000.0,36.0,13.989999771118164,102.5199966430664,C,C4,6.0,RENT,23000.0,23000.0,Source Verified,2015-10-01,2015,10,2015-10,Fully Paid,1,0,credit_card,NY,6.860000133514404,1,<10,<$30k,4.501026694045175,Medium Risk,665.0,669.0,0,1,6,0,3074.0,45.20000076293945,6,3688.3154296875,3000.0,688.3200073242188,0.0,Individual,0,0
63978590,13000.0,13000.0,36.0,16.549999237060547,460.5799865722656,D,D2,10.0,MORTGAGE,55459.0,55459.0,Source Verified,2015-11-01,2015,11,2015-11,Fully Paid,1,0,debt_consolidation,RI,20.280000686645508,1,20-30,$30k-60k,16.084873374401095,Medium Risk,660.0,664.0,0,1,14,0,6878.0,33.099998474121094,30,15199.8720703125,13000.0,2199.8701171875,0.0,Individual,4,0
134142496,25000.0,25000.0,60.0,26.770000457763672,759.9600219726562,E,E5,10.0,MORTGAGE,90000.0,90000.0,Source Verified,2018-06-01,2018,6,2018-06,Current,0,0,debt_consolidation,NY,11.079999923706055,1,10-20,$90k-120k,20.32854209445585,High Risk,705.0,709.0,0,3,9,0,69287.0,65.0,19,6765.27978515625,1991.43994140625,4773.83984375,0.0,Individual,1,0
135711974,30000.0,30000.0,60.0,18.450000762939453,769.1699829101562,D,D2,10.0,MORTGAGE,130000.0,130000.0,Source Verified,2018-07-01,2018,7,2018-07,Current,0,0,debt_consolidation,DE,28.790000915527344,1,20-30,$120k+,12.829568788501026,Medium Risk,710.0,714.0,0,0,16,0,21643.0,59.29999923706055,35,6091.85986328125,2600.080078125,3491.780029296875,0.0,Joint App,1,0
135356123,14675.0,14675.0,36.0,7.460000038146973,456.2200012207031,A,A4,10.0,MORTGAGE,150000.0,150000.0,Source Verified,2018-06-01,2018,6,2018-06,Current,0,0,debt_consolidation,FL,26.190000534057617,1,20-30,$120k+,32.747433264887064,Low Risk,705.0,709.0,0,0,9,0,34058.0,87.30000305175781,16,4099.89990234375,3367.7900390625,732.1099853515625,0.0,Individual,2,0
74562451,15000.0,15000.0,36.0,9.75,482.25,B,B3,3.0,RENT,45000.0,45000.0,Not Verified,2016-03-01,2016,3,2016-03,Fully Paid,1,0,debt_consolidation,CO,36.209999084472656,1,30-40,$30k-60k,3.7481177275838466,Low Risk,720.0,724.0,0,0,12,0,8625.0,38.5,14,17338.515625,15000.0,2338.52001953125,0.0,Individual,0,0
51716329,8000.0,8000.0,36.0,7.260000228881836,247.97000122070312,A,A4,10.0,MORTGAGE,93000.0,93000.0,Not Verified,2015-06-01,2015,6,2015-06,Fully Paid,1,0,major_purchase,LA,15.600000381469727,1,10-20,$90k-120k,32.917180013689254,Low Risk,690.0,694.0,1,0,7,0,47994.0,96.80000305175781,18,8925.7001953125,8000.0,925.7000122070312,0.0,Individual,3,0
129668630,6000.0,6000.0,36.0,16.010000228881836,210.97999572753906,C,C5,6.0,RENT,20000.0,20000.0,Source Verified,2018-03-01,2018,3,2018-03,Current,0,0,credit_card,NJ,26.110000610351562,1,20-30,<$30k,3.5811088295687883,Medium Risk,675.0,679.0,0,1,6,0,6387.0,70.19999694824219,6,2576.419921875,1744.6199951171875,831.7999877929688,0.0,Individual,0,0
46558085,35000.0,35000.0,60.0,18.25,893.5399780273438,E,E1,10.0,MORTGAGE,110000.0,110000.0,Verified,2015-05-01,2015,5,2015-05,Current,0,0,debt_consolidation,NC,18.260000228881836,1,10-20,$90k-120k,28.83230663928816,High Risk,700.0,704.0,0,0,11,0,51883.0,101.0999984741211,19,41067.3515625,23808.919921875,17258.4296875,0.0,Individual,3,0
11916422,8500.0,8500.0,36.0,11.989999771118164,282.2900085449219,B,B3,10.0,RENT,50000.0,50000.0,Not Verified,2014-02-01,2014,2,2014-02,Charged Off,1,1,debt_consolidation,OH,14.829999923706055,1,10-20,$30k-60k,11.33744010951403,Low Risk,720.0,724.0,0,1,19,0,5554.0,17.399999618530273,33,4937.18017578125,2949.8701171875,1002.1900024414062,985.1199951171875,Individual,5,0
140723494,20000.0,20000.0,36.0,16.139999389648438,704.530029296875,C,C4,,RENT,75000.0,75000.0,Source Verified,2018-09-01,2018,9,2018-09,In Grace Period,0,0,debt_consolidation,NY,25.200000762939453,1,20-30,$60k-90k,18.91854893908282,Medium Risk,705.0,709.0,0,2,14,0,7095.0,43.79999923706055,31,3504.719970703125,2237.02001953125,1267.699951171875,0.0,Individual,1,0
128195085,10200.0,10200.0,60.0,6.0,192.47000122070312,C,C5,3.0,RENT,6300.0,6300.0,Not Verified,2018-02-01,2018,2,2018-02,Current,0,0,other,CA,4.760000228881836,1,<10,<$30k,4.251882272416153,Medium Risk,740.0,744.0,0,0,1,0,1013.0,28.899999618530273,2,3108.840087890625,2156.320068359375,952.52001953125,0.0,Joint App,0,0
141512957,6000.0,6000.0,36.0,10.079999923706055,193.8300018310547,B,B1,0.0,MORTGAGE,170000.0,170000.0,Not Verified,2018-10-01,2018,10,2018-10,Current,0,0,other,AZ,20.610000610351562,1,20-30,$120k+,14.250513347022586,Low Risk,755.0,759.0,0,2,19,0,13112.0,29.700000762939453,35,965.7899780273438,729.2999877929688,236.49000549316406,0.0,Individual,3,0
51105856,16000.0,16000.0,36.0,14.649999618530273,551.9099731445312,C,C5,8.0,MORTGAGE,55000.0,55000.0,Source Verified,2015-06-01,2015,6,2015-06,Fully Paid,1,0,debt_consolidation,GA,30.110000610351562,1,30-40,$30k-60k,13.998631074606434,Medium Risk,700.0,704.0,0,0,23,0,43039.0,65.5999984741211,36,18763.349609375,16000.0,2763.35009765625,0.0,Individual,3,0
133220758,13500.0,13500.0,36.0,6.829999923706055,415.79998779296875,A,A3,2.0,MORTGAGE,46875.0,46875.0,Source Verified,2018-05-01,2018,5,2018-05,Current,0,0,home_improvement,VA,13.470000267028809,1,10-20,$30k-60k,14.496919917864476,Low Risk,760.0,764.0,0,0,4,0,339.0,5.699999809265137,10,4152.8798828125,3477.77001953125,675.1099853515625,0.0,Individual,2,0
93644175,4200.0,4200.0,36.0,6.989999771118164,129.6699981689453,A,A2,10.0,OWN,27000.0,27000.0,Not Verified,2016-11-01,2016,11,2016-11,Fully Paid,1,0,debt_consolidation,PA,20.399999618530273,1,20-30,<$30k,29.420944558521562,Low Risk,705.0,709.0,0,0,9,1,4415.0,47.0,15,4440.94189453125,4200.0,240.94000244140625,0.0,Individual,0,1
10648909,9600.0,9600.0,36.0,14.979999542236328,332.70001220703125,C,C3,7.0,MORTGAGE,43000.0,43000.0,Verified,2014-01-01,2014,1,2014-01,Fully Paid,1,0,major_purchase,OH,19.030000686645508,1,10-20,$30k-60k,10.08624229979466,Medium Risk,660.0,664.0,2,0,21,0,7733.0,46.0,28,11976.890625,9600.0,2376.889892578125,0.0,Individual,2,0
111876537,35000.0,35000.0,36.0,7.070000171661377,1081.8199462890625,A,A2,,MORTGAGE,225000.0,225000.0,Source Verified,2017-07-01,2017,7,2017-07,Fully Paid,1,0,home_improvement,NY,6.400000095367432,1,<10,$120k+,18.748802190280628,Low Risk,785.0,789.0,0,0,14,0,19508.0,25.399999618530273,24,37611.5078125,35000.0,2611.510009765625,0.0,Individual,1,0
126797076,3000.0,3000.0,36.0,14.079999923706055,102.6500015258789,C,C3,0.0,RENT,45000.0,45000.0,Source Verified,2018-01-01,2018,1,2018-01,Fully Paid,1,0,other,AL,15.949999809265137,1,10-20,$30k-60k,9.418206707734429,Medium Risk,670.0,674.0,1,0,5,0,382.0,20.100000381469727,13,3231.437744140625,3000.0,231.44000244140625,0.0,Individual,0,0
145287713,12000.0,12000.0,36.0,8.1899995803833,377.0899963378906,A,A4,7.0,RENT,60000.0,60000.0,Not Verified,2018-12-01,2018,12,2018-12,Current,0,0,credit_card,TX,12.779999732971191,1,10-20,$60k-90k,21.828884325804243,Low Risk,700.0,704.0,0,0,7,0,6658.0,36.20000076293945,16,1099.1199951171875,891.6300048828125,207.49000549316406,0.0,Individual,0,0
122244807,15000.0,15000.0,36.0,7.96999979019165,469.8399963378906,A,A5,10.0,MORTGAGE,55000.0,55000.0,Source Verified,2017-11-01,2017,11,2017-11,Late (31-120 days),0,0,credit_card,MO,22.3700008392334,1,20-30,$30k-60k,14.25325119780972,Low Risk,695.0,699.0,0,2,8,0,10806.0,49.79999923706055,21,6094.64013671875,5009.330078125,1085.31005859375,0.0,Individual,2,0
12935854,12000.0,12000.0,36.0,12.989999771118164,404.2699890136719,B,B5,7.0,MORTGAGE,33280.0,33280.0,Source Verified,2014-03-01,2014,3,2014-03,Fully Paid,1,0,debt_consolidation,OH,23.040000915527344,1,20-30,$30k-60k,7.329226557152635,Low Risk,705.0,709.0,0,1,8,0,5130.0,48.400001525878906,16,13637.900390625,12000.0,1637.9000244140625,0.0,Individual,1,0
68484431,3000.0,3000.0,36.0,24.239999771118164,118.08000183105469,F,F3,3.0,MORTGAGE,54000.0,54000.0,Verified,2016-01-01,2016,1,2016-01,Fully Paid,1,0,debt_consolidation,NY,13.270000457763672,1,10-20,$30k-60k,7.58384668035592,High Risk,675.0,679.0,0,3,16,0,14637.0,50.0,24,3302.8798828125,3000.0,302.8800048828125,0.0,Individual,1,0
116587871,10000.0,10000.0,36.0,9.4399995803833,320.04998779296875,B,B1,,MORTGAGE,52000.0,52000.0,Verified,2017-08-01,2017,8,2017-08,Current,0,0,debt_consolidation,WA,19.360000610351562,1,10-20,$30k-60k,31.581108829568787,Low Risk,660.0,664.0,0,1,12,1,15432.0,88.69999694824219,30,5771.89990234375,4647.990234375,1123.9100341796875,0.0,Individual,4,1
62197351,5975.0,5975.0,36.0,16.989999771118164,213.0,D,D3,2.0,RENT,13000.0,13000.0,Verified,2015-10-01,2015,10,2015-10,Charged Off,1,1,debt_consolidation,CT,9.229999542236328,1,<10,<$30k,15.416837782340862,Medium Risk,740.0,744.0,0,1,7,0,2000.0,11.100000381469727,8,1686.6199951171875,798.2100219726562,496.2200012207031,392.19000244140625,Individual,0,0
68453399,11800.0,11800.0,36.0,11.479999542236328,389.010009765625,B,B5,9.0,OWN,83832.0,83832.0,Source Verified,2015-12-01,2015,12,2015-12,Charged Off,1,1,other,LA,17.43000030517578,1,10-20,$60k-90k,17.752224503764545,Low Risk,675.0,679.0,2,0,7,0,19026.0,67.5,11,5157.9501953125,3186.889892578125,1084.68994140625,886.3699951171875,Individual,0,0
140252186,35000.0,35000.0,60.0,11.550000190734863,770.6300048828125,B,B4,,MORTGAGE,140000.0,140000.0,Verified,2018-09-01,2018,9,2018-09,Current,0,0,credit_card,CA,9.369999885559082,1,<10,$120k+,12.16974674880219,Low Risk,710.0,714.0,0,1,16,0,35071.0,42.79999923706055,22,4601.31982421875,2665.9599609375,1935.3599853515625,0.0,Individual,3,0
109025664,35000.0,35000.0,60.0,9.930000305175781,742.4500122070312,B,B2,10.0,MORTGAGE,89120.0,89120.0,Not Verified,2017-05-01,2017,5,2017-05,Charged Off,1,1,credit_card,TN,29.440000534057617,1,20-30,$60k-90k,30.32991101984942,Low Risk,720.0,724.0,0,0,20,0,34883.0,40.70000076293945,40,12670.2802734375,8229.349609375,4440.93017578125,0.0,Individual,7,0
2074848,8000.0,8000.0,36.0,12.119999885559082,266.17999267578125,B,B3,3.0,RENT,35000.0,35000.0,Not Verified,2012-11-01,2012,11,2012-11,Charged Off,1,1,credit_card,CA,15.260000228881836,1,10-20,$30k-60k,29.253935660506503,Low Risk,705.0,709.0,0,1,11,0,8191.0,41.400001525878906,24,5398.52001953125,3636.64990234375,1150.989990234375,610.8800048828125,Individual,0,0
62964386,5000.0,5000.0,36.0,13.989999771118164,170.8699951171875,C,C4,0.0,RENT,22800.0,22800.0,Source Verified,2015-10-01,2015,10,2015-10,Fully Paid,1,0,debt_consolidation,SC,28.790000915527344,1,20-30,<$30k,7.748117727583847,Medium Risk,675.0,679.0,0,1,8,0,3872.0,29.600000381469727,17,6158.2880859375,5000.0,1158.2900390625,0.0,Individual,0,0
88897839,17000.0,17000.0,60.0,13.489999771118164,391.0799865722656,C,C2,4.0,RENT,46000.0,46000.0,Not Verified,2016-09-01,2016,9,2016-09,Current,0,0,debt_consolidation,CA,14.5600004196167,1,10-20,$30k-60k,17.086926762491444,Medium Risk,705.0,709.0,0,0,11,0,17712.0,66.80000305175781,17,11719.66015625,7087.89990234375,4631.759765625,0.0,Individual,0,0
96596242,16000.0,16000.0,60.0,16.989999771118164,397.55999755859375,D,D1,6.0,MORTGAGE,100000.0,100000.0,Source Verified,2017-02-01,2017,2,2017-02,Current,0,0,debt_consolidation,WI,20.020000457763672,1,20-30,$90k-120k,13.086926762491444,Medium Risk,665.0,669.0,0,1,12,0,19323.0,72.0,24,9901.240234375,5087.47998046875,4813.759765625,0.0,Individual,2,0
111071005,25000.0,25000.0,36.0,7.96999979019165,783.0700073242188,A,A5,5.0,MORTGAGE,71500.0,71500.0,Verified,2017-06-01,2017,6,2017-06,Fully Paid,1,0,debt_consolidation,VA,26.90999984741211,1,20-30,$60k-90k,15.41409993155373,Low Risk,720.0,724.0,0,0,13,0,5374.0,40.099998474121094,27,26789.6640625,25000.0,1789.6600341796875,0.0,Joint App,3,0
142334871,30000.0,30000.0,36.0,13.5600004196167,1018.9299926757812,C,C1,0.0,RENT,125000.0,125000.0,Not Verified,2018-10-01,2018,10,2018-10,Current,0,0,credit_card,NY,7.130000114440918,1,<10,$120k+,12.66255989048597,Medium Risk,665.0,669.0,0,0,6,0,23880.0,76.80000305175781,8,5072.0498046875,3477.360107421875,1594.68994140625,0.0,Individual,0,0
132315317,30000.0,30000.0,36.0,19.420000076293945,1106.0699462890625,D,D3,5.0,RENT,120000.0,120000.0,Source Verified,2018-04-01,2018,4,2018-04,Fully Paid,1,0,credit_card,CT,10.59000015258789,1,10-20,$120k+,8.6652977412731,Medium Risk,675.0,679.0,0,0,8,0,20701.0,76.0999984741211,12,31032.337890625,30000.0,1032.3399658203125,0.0,Individual,0,0
52556305,5600.0,5600.0,36.0,6.239999771118164,170.97999572753906,A,A2,0.0,OWN,33000.0,33000.0,Not Verified,2015-06-01,2015,6,2015-06,Fully Paid,1,0,debt_consolidation,GA,6.510000228881836,1,<10,$30k-60k,26.327173169062284,Low Risk,775.0,779.0,0,0,15,0,5369.0,16.200000762939453,18,6151.10302734375,5600.0,551.0999755859375,0.0,Individual,0,0
111491986,35000.0,35000.0,36.0,7.210000038146973,1084.0699462890625,A,A3,10.0,MORTGAGE,129000.0,129000.0,Source Verified,2017-06-01,2017,6,2017-06,Current,0,0,credit_card,CA,16.600000381469727,1,10-20,$120k+,21.084188911704313,Low Risk,730.0,734.0,1,0,14,0,46105.0,33.79999923706055,30,22751.44921875,19494.94921875,3256.5,0.0,Individual,2,0
115105982,18000.0,18000.0,60.0,16.020000457763672,437.9200134277344,C,C5,10.0,RENT,88000.0,88000.0,Verified,2017-08-01,2017,8,2017-08,Current,0,0,debt_consolidation,CA,19.049999237060547,1,10-20,$60k-90k,16.6652977412731,Medium Risk,710.0,714.0,0,1,7,0,14077.0,68.0,18,8344.509765625,4241.93994140625,4102.56982421875,0.0,Individual,5,0
77378238,24000.0,24000.0,60.0,13.670000076293945,554.3499755859375,C,C3,10.0,MORTGAGE,73000.0,73000.0,Verified,2016-04-01,2016,4,2016-04,Current,0,0,debt_consolidation,WI,21.290000915527344,1,20-30,$60k-90k,40.33401779603012,Medium Risk,700.0,704.0,0,3,12,0,28755.0,40.5,24,19384.01953125,11999.5400390625,7384.47998046875,0.0,Individual,2,0
44875279,11200.0,11200.0,36.0,7.889999866485596,350.3999938964844,A,A5,0.0,RENT,73000.0,73000.0,Verified,2015-04-01,2015,4,2015-04,Fully Paid,1,0,credit_card,WA,13.989999771118164,1,10-20,$60k-90k,14.57905544147844,Low Risk,680.0,684.0,0,0,8,0,22107.0,104.80000305175781,23,12609.458984375,11200.0,1409.4599609375,0.0,Individual,0,0
7637792,25975.0,25975.0,60.0,23.100000381469727,733.75,E,E4,0.0,MORTGAGE,58800.0,58800.0,Source Verified,2013-10-01,2013,10,2013-10,Charged Off,1,1,debt_consolidation,NC,12.369999885559082,1,10-20,$30k-60k,15.832991101984941,High Risk,710.0,714.0,0,0,6,0,23274.0,99.9000015258789,24,17181.2890625,3978.330078125,9229.41015625,3936.860107421875,Individual,2,0
70103114,20000.0,20000.0,60.0,14.460000038146973,470.1499938964844,C,C4,4.0,RENT,110000.0,110000.0,Source Verified,2016-02-01,2016,2,2016-02,Fully Paid,1,0,debt_consolidation,MI,8.15999984741211,1,<10,$90k-120k,15.92060232717317,Medium Risk,665.0,669.0,0,0,10,2,6493.0,57.0,17,23971.3203125,20000.0,3971.320068359375,0.0,Individual,0,0
142180765,20000.0,20000.0,60.0,12.729999542236328,452.30999755859375,B,B5,0.0,RENT,62000.0,62000.0,Not Verified,2018-10-01,2018,10,2018-10,Current,0,0,debt_consolidation,MS,24.200000762939453,1,20-30,$60k-90k,16.082135523613964,Low Risk,710.0,714.0,1,0,18,0,16782.0,27.399999618530273,28,2233.260009765625,1226.4599609375,1006.7999877929688,0.0,Individual,0,0
37681180,7500.0,7500.0,36.0,15.989999771118164,263.6499938964844,D,D2,1.0,RENT,68000.0,68000.0,Verified,2014-12-01,2014,12,2014-12,Fully Paid,1,0,debt_consolidation,CA,7.039999961853027,1,<10,$60k-90k,8.167008898015059,Medium Risk,675.0,679.0,0,0,7,1,6644.0,41.5,10,8139.85986328125,7500.0,639.8599853515625,0.0,Individual,0,0
70865453,16000.0,16000.0,36.0,18.25,580.4500122070312,D,D3,8.0,RENT,150000.0,150000.0,Source Verified,2016-02-01,2016,2,2016-02,Charged Off,1,1,small_business,LA,30.459999084472656,1,30-40,$120k+,14.99794661190965,Medium Risk,670.0,674.0,0,0,24,0,69035.0,59.900001525878906,42,3748.610107421875,1379.5400390625,901.7000122070312,1467.3699951171875,Individual,0,0
136586001,5000.0,5000.0,36.0,7.840000152587891,156.32000732421875,A,A4,10.0,MORTGAGE,75000.0,75000.0,Not Verified,2018-07-01,2018,7,2018-07,Current,0,0,home_improvement,VA,32.5,1,30-40,$60k-90k,20.829568788501028,Low Risk,725.0,729.0,0,1,15,0,65233.0,59.900001525878906,23,1246.199951171875,1012.1400146484375,234.05999755859375,0.0,Individual,1,0
49984772,3000.0,3000.0,36.0,14.649999618530273,103.48999786376953,C,C5,0.0,RENT,45000.0,45000.0,Not Verified,2015-05-01,2015,5,2015-05,Fully Paid,1,0,debt_consolidation,NJ,13.949999809265137,1,10-20,$30k-60k,20.413415468856947,Medium Risk,670.0,674.0,0,3,11,2,6308.0,37.099998474121094,30,3224.8701171875,3000.0,224.8699951171875,0.0,Individual,0,1
73724079,7000.0,7000.0,36.0,15.3100004196167,243.72999572753906,C,C5,4.0,RENT,15000.0,15000.0,Verified,2016-03-01,2016,3,2016-03,Charged Off,1,1,debt_consolidation,VA,18.239999771118164,1,10-20,<$30k,11.41409993155373,Medium Risk,660.0,664.0,0,0,9,0,7424.0,75.0,19,1373.43994140625,469.20001220703125,256.0400085449219,648.2000122070312,Individual,0,0
137774035,20000.0,20000.0,36.0,8.460000038146973,630.989990234375,A,A5,10.0,MORTGAGE,175000.0,175000.0,Not Verified,2018-08-01,2018,8,2018-08,Current,0,0,credit_card,AL,13.760000228881836,1,10-20,$120k+,31.419575633127995,Low Risk,705.0,709.0,0,0,18,0,43959.0,74.0,31,4398.1298828125,3502.6201171875,895.510009765625,0.0,Individual,4,0
103557886,21050.0,21050.0,36.0,18.989999771118164,771.510009765625,D,D3,,MORTGAGE,52806.0,52806.0,Verified,2017-04-01,2017,4,2017-04,Charged Off,1,1,debt_consolidation,WA,26.43000030517578,1,20-30,$30k-60k,10.414784394250514,Medium Risk,695.0,699.0,2,1,11,1,8898.0,53.0,18,12756.4697265625,6808.64013671875,3970.2900390625,1977.5400390625,Individual,0,1
57314166,15000.0,15000.0,36.0,8.180000305175781,471.29998779296875,B,B1,10.0,MORTGAGE,102000.0,102000.0,Source Verified,2015-08-01,2015,8,2015-08,Charged Off,1,1,credit_card,NY,14.960000038146973,1,10-20,$90k-120k,13.91375770020534,Low Risk,690.0,694.0,0,1,11,0,12167.0,30.799999237060547,30,13298.3095703125,11342.990234375,1830.3199462890625,125.0,Individual,3,0
137504049,22000.0,22000.0,60.0,12.729999542236328,497.5400085449219,B,B5,8.0,MORTGAGE,89000.0,89000.0,Source Verified,2018-07-01,2018,7,2018-07,Current,0,0,debt_consolidation,MI,20.31999969482422,1,20-30,$60k-90k,11.663244353182751,Low Risk,705.0,709.0,0,1,18,1,8880.0,51.599998474121094,24,3467.219970703125,1909.0,1558.219970703125,0.0,Individual,2,1
140487928,9000.0,9000.0,36.0,7.840000152587891,281.3699951171875,A,A4,9.0,MORTGAGE,42000.0,42000.0,Source Verified,2018-09-01,2018,9,2018-09,Current,0,0,home_improvement,PA,42.22999954223633,1,40+,$30k-60k,13.998631074606434,Low Risk,735.0,739.0,0,0,7,0,4152.0,48.79999923706055,25,1420.5699462890625,1127.489990234375,293.0799865722656,0.0,Joint App,2,0
63977281,11400.0,11400.0,36.0,19.989999771118164,423.6099853515625,E,E4,1.0,RENT,38000.0,38000.0,Source Verified,2015-11-01,2015,11,2015-11,Fully Paid,1,0,house,PA,24.260000228881836,1,20-30,$30k-60k,10.08350444900753,High Risk,670.0,674.0,4,2,30,0,3718.0,39.599998474121094,37,14875.494140625,11400.0,3475.489990234375,0.0,Individual,0,0
111659065,6400.0,6400.0,36.0,9.4399995803833,204.83999633789062,B,B1,1.0,RENT,65000.0,65000.0,Not Verified,2017-06-01,2017,6,2017-06,Current,0,0,other,NY,19.459999084472656,1,10-20,$60k-90k,13.834360027378509,Low Risk,695.0,699.0,0,0,12,0,19017.0,66.0,17,4294.93017578125,3512.760009765625,782.1699829101562,0.0,Individual,0,0
848477,8575.0,8575.0,36.0,13.489999771118164,290.9599914550781,C,C2,7.0,MORTGAGE,63000.0,63000.0,Not Verified,2011-08-01,2011,8,2011-08,Fully Paid,1,0,credit_card,NH,21.100000381469727,1,20-30,$60k-90k,11.249828884325805,Medium Risk,680.0,684.0,0,2,15,0,23240.0,79.9000015258789,62,9955.654296875,8575.0,1380.6500244140625,0.0,Individual,-1,0
85521414,10000.0,10000.0,36.0,5.320000171661377,301.1499938964844,A,A1,4.0,MORTGAGE,120000.0,120000.0,Not Verified,2016-07-01,2016,7,2016-07,Current,0,0,home_improvement,PA,6.460000038146973,1,<10,$120k+,19.3347022587269,Low Risk,775.0,779.0,0,0,9,0,12992.0,21.399999618530273,13,9630.8896484375,8808.7197265625,822.1699829101562,0.0,Individual,1,0
41001086,20000.0,20000.0,36.0,6.920000076293945,616.8200073242188,A,A4,10.0,RENT,75000.0,75000.0,Verified,2015-03-01,2015,3,2015-03,Fully Paid,1,0,debt_consolidation,WY,14.420000076293945,1,10-20,$60k-90k,14.327173169062286,Low Risk,690.0,694.0,0,0,7,1,10479.0,66.69999694824219,13,22178.830078125,20000.0,2178.830078125,0.0,Individual,3,0
14460439,5225.0,5225.0,36.0,15.3100004196167,181.92999267578125,C,C4,1.0,OWN,36000.0,36000.0,Verified,2014-05-01,2014,5,2014-05,Fully Paid,1,0,debt_consolidation,MI,19.200000762939453,1,10-20,$30k-60k,22.748802190280628,Medium Risk,670.0,674.0,0,0,3,0,1716.0,93.0,14,6540.18017578125,5225.0,1315.1800537109375,0.0,Individual,0,0
3097453,19425.0,19425.0,60.0,17.270000457763672,485.5899963378906,C,C5,4.0,MORTGAGE,45000.0,45000.0,Verified,2013-02-01,2013,2,2013-02,Fully Paid,1,0,credit_card,GA,19.889999389648438,1,10-20,$30k-60k,22.086242299794662,Medium Risk,670.0,674.0,0,1,7,2,12399.0,86.69999694824219,26,29213.880859375,19425.0,9788.8798828125,0.0,Individual,6,1
133241175,4500.0,4500.0,36.0,16.459999084472656,159.24000549316406,C,C5,0.0,RENT,14000.0,14000.0,Source Verified,2018-05-01,2018,5,2018-05,Current,0,0,debt_consolidation,NY,25.469999313354492,1,20-30,<$30k,10.496919917864476,Medium Risk,695.0,699.0,0,1,7,0,3232.0,25.100000381469727,16,2048.989990234375,1539.510009765625,509.4800109863281,0.0,Individual,0,0
28643362,6000.0,6000.0,36.0,12.989999771118164,202.13999938964844,C,C1,,RENT,18000.0,18000.0,Source Verified,2014-10-01,2014,10,2014-10,Fully Paid,1,0,credit_card,CT,11.729999542236328,1,10-20,<$30k,7.663244353182751,Medium Risk,660.0,664.0,0,0,5,0,4804.0,48.5,14,7258.529296875,6000.0,1258.530029296875,0.0,Individual,0,0
20288264,8000.0,8000.0,36.0,22.149999618530273,306.1499938964844,E,E5,10.0,RENT,90000.0,90000.0,Verified,2014-07-01,2014,7,2014-07,Fully Paid,1,0,small_business,AK,9.829999923706055,1,<10,$90k-120k,10.412046543463381,High Risk,675.0,679.0,1,1,8,0,1133.0,12.300000190734863,11,9246.8701171875,8000.0,1246.8699951171875,0.0,Individual,0,0
59181620,13600.0,13600.0,36.0,9.170000076293945,433.55999755859375,B,B2,8.0,RENT,82000.0,82000.0,Source Verified,2015-09-01,2015,9,2015-09,Fully Paid,1,0,credit_card,OR,6.71999979019165,1,<10,$60k-90k,18.748802190280628,Low Risk,660.0,664.0,0,1,11,1,15547.0,66.4000015258789,32,15560.8564453125,13600.0,1960.8599853515625,0.0,Individual,2,1
135363400,12000.0,12000.0,60.0,21.850000381469727,330.4100036621094,D,D5,0.0,RENT,40000.0,40000.0,Source Verified,2018-06-01,2018,6,2018-06,Current,0,0,debt_consolidation,VA,25.049999237060547,1,20-30,$30k-60k,6.250513347022587,Medium Risk,695.0,699.0,0,0,9,0,6362.0,51.70000076293945,11,2944.56005859375,1083.75,1860.81005859375,0.0,Individual,0,0
74984218,4000.0,4000.0,36.0,21.18000030517578,151.0800018310547,E,E3,10.0,OWN,70000.0,70000.0,Source Verified,2016-03-01,2016,3,2016-03,Fully Paid,1,0,other,CA,6.21999979019165,1,<10,$60k-90k,11.832991101984941,High Risk,660.0,664.0,0,4,7,0,933.0,21.200000762939453,11,5309.81787109375,4000.0,1309.8199462890625,0.0,Individual,0,0
116817599,27000.0,27000.0,60.0,17.09000015258789,672.3300170898438,D,D1,0.0,MORTGAGE,65000.0,65000.0,Not Verified,2017-08-01,2017,8,2017-08,Current,0,0,debt_consolidation,MI,16.31999969482422,1,10-20,$60k-90k,13.749486652977414,Medium Risk,660.0,664.0,0,0,8,1,11797.0,58.400001525878906,19,12723.0,6229.1201171875,6493.8798828125,0.0,Joint App,1,1
46447341,16000.0,16000.0,36.0,9.989999771118164,516.2000122070312,B,B3,10.0,MORTGAGE,155000.0,155000.0,Not Verified,2015-04-01,2015,4,2015-04,Fully Paid,1,0,credit_card,VA,16.829999923706055,1,10-20,$120k+,25.412731006160165,Low Risk,665.0,669.0,0,0,18,0,40198.0,66.0999984741211,38,18624.662109375,16000.0,2598.85009765625,0.0,Individual,0,0
73865829,7025.0,7025.0,36.0,19.989999771118164,261.0400085449219,E,E1,1.0,MORTGAGE,42500.0,42500.0,Source Verified,2016-03-01,2016,3,2016-03,Fully Paid,1,0,debt_consolidation,GA,26.350000381469727,1,20-30,$30k-60k,17.83436002737851,High Risk,665.0,669.0,2,0,6,1,3000.0,66.0,23,9256.677734375,7025.0,2231.679931640625,0.0,Individual,0,0
60305486,10000.0,10000.0,36.0,5.320000171661377,301.1499938964844,A,A1,10.0,MORTGAGE,207000.0,207000.0,Source Verified,2015-09-01,2015,9,2015-09,Fully Paid,1,0,home_improvement,IL,5.46999979019165,1,<10,$120k+,17.251197809719372,Low Risk,830.0,834.0,0,0,16,0,6748.0,6.699999809265137,37,10817.123046875,10000.0,817.1199951171875,0.0,Individual,3,0
5025406,10000.0,10000.0,36.0,13.109999656677246,337.4700012207031,B,B4,10.0,MORTGAGE,60000.0,60000.0,Not Verified,2013-06-01,2013,6,2013-06,Fully Paid,1,0,debt_consolidation,OR,16.3799991607666,1,10-20,$60k-90k,17.919233401779604,Low Risk,685.0,689.0,0,1,15,0,31009.0,75.30000305175781,42,12129.990234375,10000.0,2129.989990234375,0.0,Individual,6,0
137129103,5000.0,5000.0,36.0,6.110000133514404,152.36000061035156,A,A1,7.0,RENT,65000.0,65000.0,Not Verified,2018-07-01,2018,7,2018-07,Current,0,0,credit_card,NY,5.099999904632568,1,<10,$60k-90k,13.333333333333334,Low Risk,690.0,694.0,0,0,10,0,5497.0,61.79999923706055,14,1217.1800537109375,1033.489990234375,183.69000244140625,0.0,Individual,0,0
94097417,11000.0,11000.0,36.0,18.989999771118164,403.1700134277344,D,D3,10.0,RENT,60000.0,60000.0,Source Verified,2016-12-01,2016,12,2016-12,Current,0,0,debt_consolidation,RI,10.800000190734863,1,10-20,$60k-90k,17.754962354551676,Medium Risk,660.0,664.0,3,1,21,0,8873.0,68.30000305175781,30,10873.990234375,7641.64013671875,3232.35009765625,0.0,Individual,1,0
120062859,20000.0,20000.0,60.0,13.59000015258789,461.1300048828125,C,C2,2.0,MORTGAGE,60000.0,60000.0,Source Verified,2017-09-01,2017,9,2017-09,Fully Paid,1,0,debt_consolidation,MN,8.079999923706055,1,<10,$60k-90k,13.834360027378509,Medium Risk,675.0,679.0,0,1,17,1,149.0,0.5,30,22164.5703125,20000.0,2164.570068359375,0.0,Individual,0,1
4624646,21200.0,21200.0,60.0,17.270000457763672,529.9600219726562,C,C5,6.0,MORTGAGE,60000.0,60000.0,Verified,2013-05-01,2013,5,2013-05,Fully Paid,1,0,debt_consolidation,IN,15.579999923706055,1,10-20,$60k-90k,16.914442162902123,Medium Risk,670.0,674.0,0,2,9,0,28906.0,74.0999984741211,23,31765.265625,21200.0,10565.259765625,0.0,Individual,3,0
83377279,1075.0,1075.0,36.0,14.489999771118164,37.0,C,C4,,OWN,9036.0,9036.0,Verified,2016-06-01,2016,6,2016-06,Current,0,0,credit_card,WA,27.489999771118164,1,20-30,<$30k,6.833675564681725,Medium Risk,740.0,744.0,0,0,8,0,1040.0,8.699999809265137,9,1214.0699462890625,966.739990234375,247.3300018310547,0.0,Individual,0,0
1614601,6000.0,6000.0,36.0,14.09000015258789,205.3300018310547,B,B5,8.0,OWN,64000.0,64000.0,Source Verified,2012-10-01,2012,10,2012-10,Fully Paid,1,0,home_improvement,FL,8.520000457763672,1,<10,$60k-90k,16.917180013689254,Low Risk,675.0,679.0,0,2,6,0,3222.0,84.80000305175781,14,7391.7978515625,6000.0,1391.800048828125,0.0,Individual,1,0
2378445,10000.0,10000.0,36.0,8.899999618530273,317.5400085449219,A,A5,1.0,MORTGAGE,80000.0,80000.0,Verified,2012-12-01,2012,12,2012-12,Fully Paid,1,0,debt_consolidation,NM,4.460000038146973,1,<10,$60k-90k,16.58590006844627,Low Risk,675.0,679.0,1,1,9,0,11199.0,67.0999984741211,46,11241.0322265625,10000.0,1241.030029296875,0.0,Individual,8,0
62157646,15000.0,15000.0,60.0,14.649999618530273,354.1000061035156,C,C5,10.0,OWN,62000.0,62000.0,Verified,2015-10-01,2015,10,2015-10,Current,0,0,debt_consolidation,MI,33.970001220703125,1,30-40,$60k-90k,17.585215605749486,Medium Risk,665.0,669.0,0,1,16,0,28038.0,84.0,27,14507.2900390625,9027.8095703125,5479.47998046875,0.0,Individual,0,0
43799147,12000.0,12000.0,36.0,16.549999237060547,425.1600036621094,D,D2,10.0,RENT,55000.0,55000.0,Verified,2015-04-01,2015,4,2015-04,Fully Paid,1,0,medical,CA,18.959999084472656,1,10-20,$30k-60k,17.16084873374401,Medium Risk,670.0,674.0,2,1,7,1,1560.0,28.399999618530273,30,14514.6396484375,12000.0,2514.639892578125,0.0,Individual,0,1
1231583,24000.0,24000.0,36.0,7.619999885559082,747.8800048828125,A,A3,10.0,MORTGAGE,82000.0,82000.0,Source Verified,2012-04-01,2012,4,2012-04,Fully Paid,1,0,home_improvement,OK,14.220000267028809,1,10-20,$60k-90k,33.9192334017796,Low Risk,760.0,764.0,0,0,8,0,11058.0,44.099998474121094,19,25574.53515625,24000.0,1574.5400390625,0.0,Individual,4,0
577937,5000.0,5000.0,36.0,13.979999542236328,170.83999633789062,C,C3,0.0,RENT,48504.0,48504.0,Not Verified,2010-09-01,2010,9,2010-09,Fully Paid,1,0,debt_consolidation,NY,6.010000228881836,1,<10,$30k-60k,8.83230663928816,Medium Risk,675.0,679.0,2,1,9,0,1669.0,22.600000381469727,19,5494.21728515625,5000.0,494.2200012207031,0.0,Individual,-1,0
20538682,8000.0,8000.0,36.0,10.989999771118164,261.8800048828125,B,B3,0.0,RENT,33000.0,33000.0,Source Verified,2014-07-01,2014,7,2014-07,Fully Paid,1,0,credit_card,NY,17.75,1,10-20,$30k-60k,8.914442162902121,Low Risk,710.0,714.0,0,0,8,0,5995.0,63.099998474121094,11,8724.2802734375,8000.0,724.280029296875,0.0,Individual,0,0
72532413,10000.0,10000.0,36.0,7.889999866485596,312.8599853515625,A,A5,1.0,MORTGAGE,30000.0,30000.0,Source Verified,2016-02-01,2016,2,2016-02,Fully Paid,1,0,debt_consolidation,CA,10.600000381469727,1,10-20,$30k-60k,11.501711156741958,Low Risk,680.0,684.0,1,0,3,0,12584.0,73.19999694824219,17,11208.673828125,10000.0,1208.6700439453125,0.0,Individual,2,0
709557,16000.0,16000.0,60.0,11.109999656677246,348.760009765625,B,B5,2.0,RENT,28000.0,28000.0,Source Verified,2011-03-01,2011,3,2011-03,Fully Paid,1,0,debt_consolidation,CA,20.399999618530273,1,20-30,<$30k,5.160848733744011,Low Risk,720.0,724.0,0,0,6,0,6447.0,58.099998474121094,7,20925.37109375,16000.0,4925.3701171875,0.0,Individual,-1,0
63336933,17000.0,17000.0,60.0,13.989999771118164,395.4800109863281,C,C4,1.0,RENT,90000.0,90000.0,Verified,2015-10-01,2015,10,2015-10,Current,0,0,debt_consolidation,IL,8.970000267028809,1,<10,$90k-120k,16.914442162902123,Medium Risk,740.0,744.0,0,0,5,0,1208.0,6.300000190734863,16,16199.83984375,10292.8896484375,5906.9501953125,0.0,Individual,0,0
143251946,20000.0,20000.0,60.0,8.1899995803833,407.3500061035156,A,A4,5.0,RENT,110000.0,110000.0,Source Verified,2018-11-01,2018,11,2018-11,Current,0,0,credit_card,OH,10.9399995803833,1,10-20,$90k-120k,21.67008898015058,Low Risk,700.0,704.0,0,0,12,1,24773.0,55.900001525878906,17,1658.93994140625,1102.75,556.1900024414062,0.0,Individual,0,1
112015267,20000.0,20000.0,36.0,10.420000076293945,649.2999877929688,B,B3,0.0,RENT,45000.0,45000.0,Verified,2017-06-01,2017,6,2017-06,Current,0,0,debt_consolidation,MA,23.170000076293945,1,20-30,$30k-60k,5.66735112936345,Low Risk,695.0,699.0,0,1,11,0,19706.0,57.0,16,13612.1396484375,10905.240234375,2706.89990234375,0.0,Individual,0,0
41236490,17100.0,17100.0,36.0,14.649999618530273,589.8599853515625,C,C5,8.0,MORTGAGE,88000.0,88000.0,Not Verified,2015-02-01,2015,2,2015-02,Charged Off,1,1,debt_consolidation,IL,25.110000610351562,1,20-30,$60k-90k,11.671457905544148,Medium Risk,700.0,704.0,0,0,11,0,6434.0,53.20000076293945,18,8819.2900390625,5333.919921875,2320.340087890625,1165.030029296875,Individual,1,0
66036131,11000.0,11000.0,36.0,10.640000343322754,358.260009765625,B,B4,10.0,RENT,33000.0,33000.0,Source Verified,2015-12-01,2015,12,2015-12,Fully Paid,1,0,credit_card,PA,22.329999923706055,1,20-30,$30k-60k,18.666666666666668,Low Risk,685.0,689.0,0,4,8,0,8387.0,34.79999923706055,16,12794.09375,11000.0,1794.0899658203125,0.0,Individual,0,0
68433669,35000.0,35000.0,60.0,20.5,937.0599975585938,E,E4,10.0,MORTGAGE,150000.0,150000.0,Source Verified,2015-12-01,2015,12,2015-12,Fully Paid,1,0,debt_consolidation,NY,27.68000030517578,1,20-30,$120k+,15.080082135523615,High Risk,675.0,679.0,0,0,21,0,40087.0,74.4000015258789,38,38481.94921875,35000.0,3481.949951171875,0.0,Individual,3,0
94257067,20000.0,20000.0,36.0,12.739999771118164,671.3800048828125,C,C1,8.0,MORTGAGE,75000.0,75000.0,Not Verified,2016-11-01,2016,11,2016-11,Current,0,0,debt_consolidation,TX,34.689998626708984,1,30-40,$60k-90k,15.419575633127995,Medium Risk,660.0,664.0,0,0,20,0,14185.0,43.900001525878906,39,18784.48046875,14876.849609375,3907.6298828125,0.0,Individual,3,0
132978659,9975.0,9975.0,36.0,21.850000381469727,380.17999267578125,D,D5,,RENT,70000.0,70000.0,Source Verified,2018-05-01,2018,5,2018-05,Current,0,0,other,OH,3.0999999046325684,1,<10,$60k-90k,4.914442162902122,Medium Risk,675.0,679.0,0,3,5,0,4058.0,54.099998474121094,5,3777.580078125,2156.360107421875,1621.219970703125,0.0,Individual,0,0
58683669,2925.0,2925.0,36.0,14.649999618530273,100.9000015258789,C,C5,1.0,RENT,55000.0,55000.0,Source Verified,2015-08-01,2015,8,2015-08,Fully Paid,1,0,other,CA,11.800000190734863,1,10-20,$30k-60k,14.830937713894592,Medium Risk,690.0,694.0,0,0,4,0,3.0,0.6000000238418579,31,3214.530029296875,2925.0,289.5299987792969,0.0,Individual,0,0
105975663,15000.0,15000.0,36.0,8.239999771118164,471.7099914550781,B,B1,10.0,MORTGAGE,43500.0,43500.0,Source Verified,2017-04-01,2017,4,2017-04,Charged Off,1,1,debt_consolidation,MS,16.719999313354492,1,10-20,$30k-60k,25.415468856947296,Low Risk,700.0,704.0,0,0,15,0,7908.0,68.80000305175781,42,4726.97998046875,3803.14990234375,923.8300170898438,0.0,Individual,2,0
75295787,32000.0,32000.0,60.0,9.15999984741211,666.760009765625,B,B2,10.0,MORTGAGE,80000.0,80000.0,Verified,2016-04-01,2016,4,2016-04,Current,0,0,credit_card,NY,30.93000030517578,1,30-40,$60k-90k,27.498973305954827,Low Risk,730.0,734.0,0,0,17,0,23897.0,45.0,35,23416.509765625,16877.599609375,6538.91015625,0.0,Individual,2,0
145572269,10000.0,10000.0,36.0,14.470000267028809,344.07000732421875,C,C2,8.0,MORTGAGE,143000.0,143000.0,Not Verified,2018-12-01,2018,12,2018-12,Current,0,0,debt_consolidation,TX,24.530000686645508,1,20-30,$120k+,31.3347022587269,Medium Risk,690.0,694.0,0,0,16,0,44047.0,72.9000015258789,23,676.0800170898438,449.6700134277344,226.41000366210938,0.0,Individual,2,0
145404980,7500.0,7500.0,36.0,8.8100004196167,237.83999633789062,A,A5,4.0,MORTGAGE,50000.0,50000.0,Not Verified,2018-12-01,2018,12,2018-12,Current,0,0,debt_consolidation,WY,19.200000762939453,1,10-20,$30k-60k,10.165639972621491,Low Risk,740.0,744.0,0,0,10,0,2744.0,13.800000190734863,22,706.1799926757812,552.3699951171875,153.80999755859375,0.0,Individual,1,0
25266084,8000.0,8000.0,36.0,12.989999771118164,269.5199890136719,C,C1,2.0,RENT,70000.0,70000.0,Not Verified,2014-08-01,2014,8,2014-08,Fully Paid,1,0,debt_consolidation,NJ,18.639999389648438,1,10-20,$60k-90k,17.166324435318277,Medium Risk,680.0,684.0,0,0,13,0,25732.0,50.0,25,9468.330078125,8000.0,1468.3299560546875,0.0,Individual,0,0
116248841,30000.0,30000.0,36.0,10.420000076293945,973.9500122070312,B,B3,10.0,RENT,350000.0,350000.0,Verified,2017-09-01,2017,9,2017-09,Fully Paid,1,0,debt_consolidation,MD,11.0600004196167,1,10-20,$120k+,23.419575633127995,Low Risk,735.0,739.0,0,2,9,0,51481.0,7.5,34,31312.13671875,30000.0,1312.1400146484375,0.0,Individual,1,0
70632250,7600.0,7600.0,36.0,15.3100004196167,264.6199951171875,C,C5,,MORTGAGE,65000.0,65000.0,Verified,2016-02-01,2016,2,2016-02,Fully Paid,1,0,debt_consolidation,NH,29.799999237060547,1,20-30,$60k-90k,19.3347022587269,Medium Risk,690.0,694.0,2,1,12,0,24559.0,44.20000076293945,33,9519.4833984375,7600.0,1919.47998046875,0.0,Individual,4,0
112035178,19800.0,19800.0,36.0,9.4399995803833,633.7000122070312,B,B1,3.0,MORTGAGE,70000.0,70000.0,Not Verified,2017-06-01,2017,6,2017-06,Current,0,0,credit_card,CA,10.079999923706055,1,10-20,$60k-90k,23.748117727583846,Low Risk,715.0,719.0,0,0,17,0,20795.0,26.799999237060547,26,13297.3203125,10867.0595703125,2430.260009765625,0.0,Individual,2,0
14488109,18000.0,18000.0,36.0,12.489999771118164,602.0800170898438,B,B4,4.0,MORTGAGE,50000.0,50000.0,Not Verified,2014-04-01,2014,4,2014-04,Fully Paid,1,0,debt_consolidation,WA,13.729999542236328,1,10-20,$30k-60k,16.084873374401095,Low Risk,665.0,669.0,0,0,20,0,19848.0,46.900001525878906,34,21671.732421875,18000.0,3671.72998046875,0.0,Individual,1,0
88073543,18225.0,18225.0,36.0,8.59000015258789,576.0800170898438,A,A5,8.0,OWN,100000.0,100000.0,Not Verified,2016-08-01,2016,8,2016-08,Fully Paid,1,0,credit_card,FL,20.219999313354492,1,20-30,$90k-120k,27.16769336071184,Low Risk,725.0,729.0,0,1,18,0,127139.0,57.20000076293945,27,18654.48046875,18225.0,429.4800109863281,0.0,Individual,4,0
139205871,20000.0,20000.0,36.0,11.550000190734863,660.0,B,B4,2.0,RENT,85000.0,85000.0,Source Verified,2018-08-01,2018,8,2018-08,Current,0,0,credit_card,PA,11.550000190734863,1,10-20,$60k-90k,6.915811088295688,Low Risk,670.0,674.0,0,1,11,0,16890.0,53.599998474121094,11,4607.169921875,3368.52001953125,1238.6500244140625,0.0,Individual,0,0
28292707,7850.0,7850.0,36.0,6.03000020980835,238.9199981689453,A,A1,4.0,MORTGAGE,28000.0,28000.0,Not Verified,2014-10-01,2014,10,2014-10,Fully Paid,1,0,debt_consolidation,IN,14.699999809265137,1,10-20,<$30k,18.915811088295687,Low Risk,715.0,719.0,1,0,7,0,1149.0,5.0,21,8433.509765625,7850.0,583.510009765625,0.0,Individual,3,0
126208561,20000.0,20000.0,36.0,14.079999923706055,684.3300170898438,C,C3,8.0,OWN,100000.0,100000.0,Source Verified,2017-12-01,2017,12,2017-12,Current,0,0,home_improvement,CA,14.649999618530273,1,10-20,$90k-120k,12.0,Medium Risk,695.0,699.0,1,1,6,0,3719.0,35.400001525878906,9,10225.83984375,7328.1201171875,2897.719970703125,0.0,Individual,0,0
67215502,10000.0,10000.0,36.0,8.380000114440918,315.1199951171875,B,B1,7.0,MORTGAGE,57422.0,57422.0,Not Verified,2015-12-01,2015,12,2015-12,Fully Paid,1,0,debt_consolidation,MD,15.84000015258789,1,10-20,$30k-60k,17.585215605749486,Low Risk,670.0,674.0,0,0,15,1,8351.0,29.399999618530273,37,10987.802734375,10000.0,972.0399780273438,0.0,Individual,5,1
115058435,20000.0,20000.0,36.0,7.210000038146973,619.469970703125,A,A3,1.0,MORTGAGE,90000.0,90000.0,Not Verified,2017-08-01,2017,8,2017-08,Fully Paid,1,0,other,MD,14.130000114440918,1,10-20,$90k-120k,14.833675564681725,Low Risk,730.0,734.0,0,0,14,0,16881.0,31.399999618530273,25,20063.673828125,20000.0,63.66999816894531,0.0,Individual,3,0
104318601,18000.0,18000.0,60.0,11.489999771118164,395.7799987792969,B,B5,5.0,MORTGAGE,80000.0,80000.0,Source Verified,2017-04-01,2017,4,2017-04,Current,0,0,debt_consolidation,MN,9.539999961853027,1,<10,$60k-90k,18.581793292265573,Low Risk,705.0,709.0,0,0,6,0,10303.0,32.400001525878906,15,9137.41015625,5718.22021484375,3419.18994140625,0.0,Individual,2,0
8554933,15000.0,15000.0,36.0,7.619999885559082,467.42999267578125,A,A3,2.0,RENT,48500.0,48500.0,Verified,2013-11-01,2013,11,2013-11,Fully Paid,1,0,debt_consolidation,WI,22.790000915527344,1,20-30,$30k-60k,15.419575633127995,Low Risk,755.0,759.0,0,2,14,0,7867.0,37.79999923706055,24,16505.990234375,15000.0,1505.989990234375,0.0,Individual,0,0
68408182,28000.0,28000.0,60.0,13.4399995803833,643.4199829101562,C,C3,10.0,MORTGAGE,95000.0,95000.0,Not Verified,2016-01-01,2016,1,2016-01,Fully Paid,1,0,debt_consolidation,WA,16.5,1,10-20,$90k-120k,17.166324435318277,Medium Risk,670.0,674.0,0,0,24,0,49156.0,44.0,52,34871.37890625,28000.0,6871.3798828125,0.0,Individual,2,0
21890984,14400.0,14400.0,36.0,10.149999618530273,465.6700134277344,B,B2,1.0,RENT,82500.0,82500.0,Not Verified,2014-07-01,2014,7,2014-07,Fully Paid,1,0,debt_consolidation,TN,22.1200008392334,1,20-30,$60k-90k,12.829568788501026,Low Risk,685.0,689.0,1,1,13,0,10489.0,44.400001525878906,32,16484.76953125,14400.0,2084.77001953125,0.0,Individual,1,0
140704847,40000.0,40000.0,36.0,6.110000133514404,1218.8800048828125,A,A1,3.0,MORTGAGE,76287.0,76287.0,Verified,2018-09-01,2018,9,2018-09,Current,0,0,debt_consolidation,FL,8.09000015258789,1,<10,$60k-90k,24.580424366872005,Low Risk,810.0,814.0,0,0,11,0,5129.0,18.100000381469727,17,6067.240234375,5126.4501953125,940.7899780273438,0.0,Individual,2,0
133768691,6000.0,6000.0,36.0,9.579999923706055,192.42999267578125,B,B1,8.0,MORTGAGE,109000.0,109000.0,Source Verified,2018-05-01,2018,5,2018-05,Current,0,0,home_improvement,PA,24.329999923706055,1,20-30,$90k-120k,16.16700889801506,Low Risk,705.0,709.0,0,0,13,0,25888.0,89.5999984741211,24,1916.3199462890625,1498.3399658203125,417.9800109863281,0.0,Individual,1,0
128084691,5000.0,5000.0,36.0,10.420000076293945,162.3300018310547,B,B3,,MORTGAGE,67000.0,67000.0,Not Verified,2018-02-01,2018,2,2018-02,Charged Off,1,1,debt_consolidation,GA,20.3799991607666,1,20-30,$60k-90k,24.251882272416154,Low Risk,740.0,744.0,0,2,14,0,8149.0,10.300000190734863,54,1292.8499755859375,980.72998046875,312.1199951171875,0.0,Individual,7,0
91072625,11000.0,11000.0,60.0,21.489999771118164,300.6300048828125,D,D5,10.0,MORTGAGE,58000.0,58000.0,Verified,2016-10-01,2016,10,2016-10,Current,0,0,debt_consolidation,NC,18.190000534057617,1,10-20,$30k-60k,19.16769336071184,Medium Risk,660.0,664.0,0,0,7,1,8833.0,101.5,14,8692.0,3887.320068359375,4804.68017578125,0.0,Individual,1,1
31878141,10000.0,10000.0,36.0,13.350000381469727,338.6300048828125,C,C2,10.0,MORTGAGE,46925.0,46925.0,Source Verified,2014-10-01,2014,10,2014-10,Fully Paid,1,0,debt_consolidation,WI,5.829999923706055,1,<10,$30k-60k,17.166324435318277,Medium Risk,690.0,694.0,1,0,7,0,6873.0,85.9000015258789,8,12212.119140625,10000.0,2212.1201171875,0.0,Individual,1,0
143074923,18000.0,18000.0,36.0,7.210000038146973,557.52001953125,A,A3,6.0,MORTGAGE,37000.0,37000.0,Source Verified,2018-11-01,2018,11,2018-11,Current,0,0,debt_consolidation,MN,52.060001373291016,1,40+,$30k-60k,18.833675564681723,Low Risk,685.0,689.0,0,0,13,1,9724.0,31.200000762939453,25,2222.8701171875,1813.739990234375,409.1300048828125,0.0,Joint App,0,1
92289656,21150.0,21150.0,36.0,11.4399995803833,696.8400268554688,B,B4,10.0,MORTGAGE,121000.0,121000.0,Verified,2016-11-01,2016,11,2016-11,Current,0,0,home_improvement,NY,17.040000915527344,1,10-20,$120k+,5.919233401779603,Low Risk,670.0,674.0,0,1,15,1,18715.0,66.0,18,19554.279296875,15807.0595703125,3747.219970703125,0.0,Individual,1,1
75132773,4025.0,4025.0,36.0,22.450000762939453,154.66000366210938,E,E5,7.0,RENT,26000.0,26000.0,Source Verified,2016-03-01,2016,3,2016-03,Current,0,0,debt_consolidation,RI,8.819999694824219,1,<10,<$30k,9.749486652977414,High Risk,660.0,664.0,0,2,11,1,1817.0,42.29999923706055,12,5579.31005859375,4022.449951171875,1541.8599853515625,0.0,Individual,0,0
51858436,35000.0,35000.0,36.0,17.860000610351562,1262.8800048828125,D,D5,10.0,MORTGAGE,150000.0,150000.0,Verified,2015-06-01,2015,6,2015-06,Fully Paid,1,0,debt_consolidation,MO,26.899999618530273,1,20-30,$120k+,26.16563997262149,Medium Risk,690.0,694.0,1,3,20,0,218967.0,53.900001525878906,43,44257.81640625,35000.0,9257.8203125,0.0,Individual,5,0
84022664,20000.0,20000.0,36.0,9.489999771118164,640.5700073242188,B,B2,3.0,RENT,82000.0,82000.0,Verified,2016-07-01,2016,7,2016-07,Current,0,0,debt_consolidation,CA,21.780000686645508,1,20-30,$60k-90k,11.915126625598905,Low Risk,680.0,684.0,0,0,7,0,16560.0,68.0999984741211,14,20487.69921875,17487.76953125,2999.929931640625,0.0,Individual,1,0
86002355,13000.0,13000.0,36.0,6.989999771118164,401.3500061035156,A,A2,6.0,MORTGAGE,220000.0,220000.0,Source Verified,2016-08-01,2016,8,2016-08,Fully Paid,1,0,debt_consolidation,PA,13.539999961853027,1,10-20,$120k+,20.251882272416154,Low Risk,765.0,769.0,1,0,22,0,2556.0,4.400000095367432,47,13839.9306640625,13000.0,839.9299926757812,0.0,Individual,2,0
48012483,14000.0,14000.0,36.0,11.529999732971191,461.8699951171875,B,B5,7.0,MORTGAGE,54000.0,54000.0,Source Verified,2015-05-01,2015,5,2015-05,Fully Paid,1,0,debt_consolidation,CA,23.93000030517578,1,20-30,$30k-60k,28.999315537303218,Low Risk,680.0,684.0,0,0,14,0,15865.0,54.0,25,15661.4501953125,14000.0,1661.449951171875,0.0,Individual,2,0
93998946,18000.0,18000.0,60.0,14.989999771118164,428.1300048828125,C,C4,5.0,RENT,48000.0,48000.0,Not Verified,2016-12-01,2016,12,2016-12,Charged Off,1,1,credit_card,FL,22.030000686645508,1,20-30,$30k-60k,12.41889117043121,Medium Risk,670.0,674.0,0,2,12,1,13583.0,29.100000381469727,47,8025.7998046875,4074.699951171875,3829.68994140625,100.0,Individual,1,1
53382183,19000.0,19000.0,60.0,14.649999618530273,448.5299987792969,C,C5,2.0,RENT,38000.0,38000.0,Source Verified,2015-07-01,2015,7,2015-07,Charged Off,1,1,debt_consolidation,FL,29.920000076293945,1,20-30,$30k-60k,5.08145106091718,Medium Risk,705.0,709.0,0,1,13,0,15833.0,41.79999923706055,17,13629.1396484375,7481.93994140625,5509.97021484375,637.22998046875,Individual,0,0
98747329,10350.0,10350.0,36.0,10.489999771118164,336.3599853515625,B,B2,3.0,MORTGAGE,132804.0,132804.0,Verified,2017-03-01,2017,3,2017-03,Fully Paid,1,0,small_business,NJ,15.970000267028809,1,10-20,$120k+,23.41409993155373,Low Risk,715.0,719.0,0,0,12,0,18667.0,35.599998474121094,40,11088.669921875,10350.0,738.6699829101562,0.0,Individual,3,0
139727297,10000.0,10000.0,36.0,11.550000190734863,330.0,B,B4,1.0,RENT,30000.0,30000.0,Source Verified,2018-09-01,2018,9,2018-09,In Grace Period,0,0,debt_consolidation,NY,4.679999828338623,1,<10,$30k-60k,11.085557837097879,Low Risk,675.0,679.0,2,1,7,0,1888.0,20.700000762939453,12,2303.580078125,1867.800048828125,435.7799987792969,0.0,Individual,0,0
140282515,8000.0,8000.0,36.0,7.210000038146973,247.7899932861328,A,A3,10.0,RENT,72000.0,72000.0,Not Verified,2018-09-01,2018,9,2018-09,Current,0,0,house,NY,18.309999465942383,1,10-20,$60k-90k,11.58110882956879,Low Risk,775.0,779.0,0,0,10,0,7153.0,11.800000190734863,12,1480.3299560546875,1216.47998046875,263.8500061035156,0.0,Individual,0,0
88926994,9075.0,9075.0,36.0,13.989999771118164,310.1199951171875,C,C3,10.0,MORTGAGE,89728.0,89728.0,Source Verified,2016-09-01,2016,9,2016-09,Current,0,0,debt_consolidation,MA,12.420000076293945,1,10-20,$60k-90k,35.50444900752909,Medium Risk,670.0,674.0,0,0,11,0,34230.0,83.69999694824219,33,9296.5498046875,7287.990234375,2008.56005859375,0.0,Individual,4,0
85658830,19200.0,19200.0,36.0,8.989999771118164,610.469970703125,B,B1,3.0,MORTGAGE,185000.0,185000.0,Not Verified,2016-08-01,2016,8,2016-08,Fully Paid,1,0,home_improvement,NV,5.789999961853027,1,<10,$120k+,17.582477754962355,Low Risk,675.0,679.0,0,1,8,0,2627.0,54.70000076293945,29,19882.794921875,19200.0,682.7999877929688,0.0,Individual,6,0
76363957,20000.0,20000.0,36.0,11.470000267028809,659.239990234375,B,B5,5.0,MORTGAGE,110000.0,110000.0,Not Verified,2016-04-01,2016,4,2016-04,Current,0,0,home_improvement,TX,35.20000076293945,1,30-40,$90k-120k,8.583162217659138,Low Risk,725.0,729.0,0,0,13,0,16939.0,39.0,22,23060.66015625,19347.220703125,3713.43994140625,0.0,Individual,0,0
1535160,17875.0,17875.0,60.0,14.329999923706055,418.989990234375,C,C1,2.0,MORTGAGE,68000.0,68000.0,Verified,2012-09-01,2012,9,2012-09,Charged Off,1,1,home_improvement,IL,6.760000228881836,1,<10,$60k-90k,23.085557837097877,Medium Risk,730.0,734.0,0,1,18,0,55053.0,17.200000762939453,48,9092.8095703125,3847.909912109375,3273.56005859375,1971.3399658203125,Individual,5,0
111599359,14075.0,14075.0,36.0,24.850000381469727,558.510009765625,E,E3,8.0,MORTGAGE,100000.0,100000.0,Source Verified,2017-07-01,2017,7,2017-07,Charged Off,1,1,car,CA,13.329999923706055,1,10-20,$90k-120k,10.581793292265571,High Risk,665.0,669.0,0,0,7,1,1039.0,37.099998474121094,18,3870.7099609375,1989.5,1881.2099609375,0.0,Individual,3,1
68548514,20000.0,20000.0,36.0,10.779999732971191,652.7000122070312,B,B4,8.0,RENT,76000.0,76000.0,Not Verified,2016-01-01,2016,1,2016-01,Fully Paid,1,0,debt_consolidation,CA,16.329999923706055,1,10-20,$60k-90k,8.914442162902121,Low Risk,735.0,739.0,0,2,18,0,9472.0,24.899999618530273,23,23354.123046875,20000.0,3354.1201171875,0.0,Individual,0,0
39600163,35000.0,35000.0,36.0,15.59000015258789,1223.4300537109375,D,D1,4.0,MORTGAGE,78000.0,78000.0,Verified,2015-01-01,2015,1,2015-01,Fully Paid,1,0,debt_consolidation,GA,20.65999984741211,1,20-30,$60k-90k,10.915811088295689,Medium Risk,715.0,719.0,0,0,8,0,19301.0,80.4000015258789,15,44012.86328125,35000.0,9012.8603515625,0.0,Individual,1,0
55919025,8000.0,8000.0,36.0,14.649999618530273,275.9599914550781,C,C5,3.0,RENT,45000.0,45000.0,Source Verified,2015-08-01,2015,8,2015-08,Fully Paid,1,0,car,FL,38.400001525878906,1,30-40,$30k-60k,13.831622176591376,Medium Risk,685.0,689.0,1,0,19,0,7525.0,54.900001525878906,22,9502.1416015625,8000.0,1502.1400146484375,0.0,Individual,0,0
55253828,11450.0,11450.0,60.0,19.190000534057617,298.2200012207031,E,E3,10.0,MORTGAGE,30000.0,30000.0,Source Verified,2015-07-01,2015,7,2015-07,Fully Paid,1,0,debt_consolidation,TX,37.79999923706055,1,30-40,$30k-60k,14.33264887063655,High Risk,695.0,699.0,0,1,7,0,6719.0,61.599998474121094,31,13868.8798828125,11450.0,2418.8798828125,0.0,Individual,0,0
120178665,24000.0,24000.0,36.0,5.320000171661377,722.760009765625,A,A1,10.0,MORTGAGE,150000.0,150000.0,Source Verified,2017-10-01,2017,10,2017-10,Current,0,0,debt_consolidation,CA,10.609999656677246,1,10-20,$120k+,14.50239561943874,Low Risk,740.0,744.0,0,0,6,0,10449.0,24.700000762939453,9,18301.109375,16971.669921875,1329.43994140625,0.0,Individual,1,0
140685497,16000.0,16000.0,36.0,10.470000267028809,519.8200073242188,B,B2,4.0,RENT,44000.0,44000.0,Source Verified,2018-09-01,2018,9,2018-09,Current,0,0,debt_consolidation,IL,14.949999809265137,1,10-20,$30k-60k,6.581793292265571,Low Risk,700.0,704.0,0,1,16,0,4377.0,15.5,24,2695.050048828125,1996.18994140625,698.8599853515625,0.0,Individual,0,0
119006338,2000.0,2000.0,36.0,7.349999904632568,62.08000183105469,A,A4,4.0,RENT,36000.0,36000.0,Not Verified,2017-09-01,2017,9,2017-09,Current,0,0,debt_consolidation,OH,10.829999923706055,1,10-20,$30k-60k,7.170431211498974,Low Risk,750.0,754.0,0,0,3,0,2778.0,38.099998474121094,4,1179.6199951171875,1008.2899780273438,171.3300018310547,0.0,Individual,0,0
788944,3000.0,3000.0,36.0,5.989999771118164,91.26000213623047,A,A2,10.0,MORTGAGE,65500.0,65500.0,Not Verified,2011-06-01,2011,6,2011-06,Fully Paid,1,0,car,IL,22.549999237060547,1,20-30,$60k-90k,27.665982203969882,Low Risk,770.0,774.0,0,1,18,0,36979.0,3.0999999046325684,34,3285.053955078125,3000.0,285.04998779296875,0.0,Individual,-1,0
61532531,35000.0,35000.0,36.0,16.549999237060547,1240.030029296875,D,D2,10.0,RENT,300000.0,300000.0,Source Verified,2015-10-01,2015,10,2015-10,Fully Paid,1,0,credit_card,CA,16.3799991607666,1,10-20,$120k+,25.50034223134839,Medium Risk,670.0,674.0,1,2,13,1,15112.0,28.5,25,44608.484375,35000.0,9608.490234375,0.0,Individual,4,0
133499714,10000.0,10000.0,60.0,14.520000457763672,235.38999938964844,C,C3,2.0,MORTGAGE,130000.0,130000.0,Source Verified,2018-05-01,2018,5,2018-05,Current,0,0,debt_consolidation,DE,14.210000038146973,1,10-20,$120k+,16.999315537303218,Medium Risk,675.0,679.0,0,2,21,1,9288.0,53.099998474121094,53,2337.77001953125,1208.239990234375,1129.530029296875,0.0,Individual,4,1
46285493,35000.0,35000.0,60.0,19.520000457763672,917.969970703125,E,E3,10.0,OWN,82000.0,82000.0,Verified,2015-04-01,2015,4,2015-04,Fully Paid,1,0,home_improvement,NY,6.039999961853027,1,<10,$60k-90k,17.579739904175224,High Risk,700.0,704.0,1,1,13,0,2245.0,12.199999809265137,28,41137.390625,35000.0,6137.39013671875,0.0,Individual,0,0
3195405,6500.0,6500.0,36.0,8.899999618530273,206.39999389648438,A,A5,7.0,MORTGAGE,98000.0,98000.0,Verified,2013-01-01,2013,1,2013-01,Fully Paid,1,0,credit_card,NJ,2.299999952316284,1,<10,$90k-120k,13.169062286105408,Low Risk,680.0,684.0,0,0,4,0,11065.0,67.0999984741211,12,6894.42333984375,6500.0,394.4200134277344,0.0,Individual,1,0
126683904,16300.0,16300.0,60.0,25.81999969482422,486.29998779296875,E,E4,2.0,RENT,107000.0,107000.0,Verified,2018-01-01,2018,1,2018-01,Current,0,0,credit_card,FL,27.579999923706055,1,20-30,$90k-120k,16.251882272416154,High Risk,670.0,674.0,0,1,12,0,17744.0,65.0,28,6761.43994140625,2187.820068359375,4573.6201171875,0.0,Individual,1,0
91685999,15275.0,15275.0,36.0,14.989999771118164,529.4400024414062,C,C4,1.0,RENT,36400.0,36400.0,Source Verified,2016-10-01,2016,10,2016-10,Fully Paid,1,0,debt_consolidation,UT,14.84000015258789,1,10-20,$30k-60k,14.168377823408624,Medium Risk,675.0,679.0,0,1,8,1,6241.0,44.599998474121094,22,16166.416015625,15275.0,891.4199829101562,0.0,Individual,0,1
44430914,18000.0,18000.0,36.0,13.989999771118164,615.1099853515625,C,C4,1.0,RENT,70000.0,70000.0,Source Verified,2015-04-01,2015,4,2015-04,Fully Paid,1,0,debt_consolidation,MD,24.360000610351562,1,20-30,$60k-90k,14.245037645448322,Medium Risk,675.0,679.0,0,0,13,0,31774.0,76.0,30,22129.966796875,18000.0,4129.97021484375,0.0,Individual,0,0
115392894,24000.0,24000.0,36.0,7.070000171661377,741.8200073242188,A,A2,10.0,OWN,88900.0,88900.0,Not Verified,2017-08-01,2017,8,2017-08,Current,0,0,credit_card,VA,7.409999847412109,1,<10,$60k-90k,44.6652977412731,Low Risk,720.0,724.0,0,0,12,0,22145.0,31.799999237060547,19,14099.2900390625,12033.5703125,2065.719970703125,0.0,Individual,0,0
44016028,14000.0,14000.0,60.0,17.860000610351562,354.45001220703125,D,D5,10.0,RENT,103000.0,103000.0,Source Verified,2015-03-01,2015,3,2015-03,Charged Off,1,1,other,TX,11.010000228881836,1,10-20,$90k-120k,9.160848733744011,Medium Risk,680.0,684.0,0,1,5,0,1134.0,34.400001525878906,7,14060.9501953125,7134.52978515625,5952.33984375,974.0800170898438,Individual,0,0
21109914,9000.0,9000.0,36.0,12.489999771118164,301.0400085449219,B,B5,3.0,RENT,40000.0,40000.0,Not Verified,2014-07-01,2014,7,2014-07,Fully Paid,1,0,debt_consolidation,CA,10.40999984741211,1,10-20,$30k-60k,8.24914442162902,Low Risk,665.0,669.0,0,1,11,0,11947.0,47.599998474121094,13,10803.6875,9000.0,1803.68994140625,0.0,Individual,0,0
91047405,16000.0,16000.0,36.0,16.989999771118164,570.3699951171875,D,D1,10.0,RENT,75000.0,75000.0,Verified,2016-10-01,2016,10,2016-10,Current,0,0,other,NY,20.100000381469727,1,20-30,$60k-90k,5.336071184120465,Medium Risk,675.0,679.0,0,0,8,0,12998.0,63.400001525878906,9,16502.970703125,12224.5,4278.47021484375,0.0,Individual,0,0
139100138,15000.0,15000.0,36.0,7.210000038146973,464.6000061035156,A,A3,10.0,RENT,80000.0,80000.0,Source Verified,2018-10-01,2018,10,2018-10,Current,0,0,credit_card,VA,15.6899995803833,1,10-20,$60k-90k,9.166324435318275,Low Risk,670.0,674.0,0,0,14,1,14472.0,45.20000076293945,22,2307.97998046875,1895.010009765625,412.9700012207031,0.0,Individual,0,1
102646222,5975.0,5975.0,36.0,22.739999771118164,230.49000549316406,E,E1,3.0,RENT,32000.0,32000.0,Verified,2017-04-01,2017,4,2017-04,Fully Paid,1,0,debt_consolidation,OH,3.259999990463257,1,<10,$30k-60k,7.917864476386037,High Risk,685.0,689.0,0,1,2,0,1771.0,46.599998474121094,8,6682.6259765625,5975.0,707.6300048828125,0.0,Individual,0,0
125308635,10000.0,10000.0,36.0,7.96999979019165,313.2300109863281,A,A5,10.0,RENT,86000.0,86000.0,Source Verified,2017-12-01,2017,12,2017-12,Current,0,0,other,NY,6.639999866485596,1,<10,$60k-90k,17.418206707734427,Low Risk,720.0,724.0,0,1,5,0,2642.0,24.899999618530273,16,4398.5,3602.239990234375,780.5999755859375,0.0,Individual,0,0
108769279,30000.0,30000.0,60.0,30.790000915527344,985.2100219726562,G,G1,2.0,RENT,68000.0,68000.0,Verified,2017-05-01,2017,5,2017-05,Fully Paid,1,0,debt_consolidation,CA,21.84000015258789,1,20-30,$60k-90k,10.168377823408624,High Risk,675.0,679.0,0,3,22,0,13937.0,38.70000076293945,31,36565.55078125,30000.0,6565.5498046875,0.0,Individual,0,0
96778147,26150.0,26150.0,60.0,22.739999771118164,733.280029296875,E,E1,,OWN,70000.0,70000.0,Verified,2017-01-01,2017,1,2017-01,Current,0,0,debt_consolidation,AL,20.56999969482422,1,20-30,$60k-90k,7.000684462696783,High Risk,665.0,669.0,0,0,15,0,17586.0,66.5999984741211,19,19108.23046875,7892.009765625,11216.2197265625,0.0,Individual,0,0
134182219,30000.0,30000.0,60.0,14.520000457763672,706.1699829101562,C,C3,10.0,MORTGAGE,140000.0,140000.0,Source Verified,2018-06-01,2018,6,2018-06,Current,0,0,moving,GA,21.940000534057617,1,20-30,$120k+,20.084873374401095,Medium Risk,665.0,669.0,0,1,18,0,55377.0,59.400001525878906,26,6331.330078125,3242.31005859375,3089.02001953125,0.0,Individual,2,0
30235390,12000.0,12000.0,60.0,18.239999771118164,306.29998779296875,D,D5,10.0,MORTGAGE,62000.0,62000.0,Not Verified,2014-10-01,2014,10,2014-10,Current,0,0,debt_consolidation,MO,27.969999313354492,1,20-30,$60k-90k,15.3347022587269,Medium Risk,700.0,704.0,0,1,14,0,9018.0,53.400001525878906,42,15972.849609375,9706.4404296875,6266.41015625,0.0,Individual,1,0
68793652,20000.0,20000.0,36.0,6.989999771118164,617.4600219726562,A,A3,,OWN,65000.0,65000.0,Verified,2016-01-01,2016,1,2016-01,Fully Paid,1,0,debt_consolidation,TX,5.929999828338623,1,<10,$60k-90k,16.251882272416154,Low Risk,685.0,689.0,0,0,5,0,16521.0,31.899999618530273,19,22160.2578125,20000.0,2160.260009765625,0.0,Individual,3,0
16122024,7800.0,7800.0,36.0,18.239999771118164,282.92999267578125,D,D5,3.0,OWN,25000.0,25000.0,Source Verified,2014-05-01,2014,5,2014-05,Fully Paid,1,0,debt_consolidation,GA,12.100000381469727,1,10-20,<$30k,10.165639972621491,Medium Risk,700.0,704.0,1,3,15,0,2010.0,13.199999809265137,38,8295.7333984375,7800.0,495.7300109863281,0.0,Individual,0,0
92359662,20000.0,20000.0,36.0,16.989999771118164,712.9600219726562,D,D1,9.0,RENT,100000.0,100000.0,Source Verified,2016-11-01,2016,11,2016-11,Charged Off,1,1,debt_consolidation,CA,15.90999984741211,1,10-20,$90k-120k,14.833675564681725,Medium Risk,660.0,664.0,0,1,11,1,15416.0,46.20000076293945,19,8371.1201171875,2671.780029296875,1568.219970703125,4131.1201171875,Individual,0,0
33411680,28000.0,28000.0,36.0,15.989999771118164,984.260009765625,D,D2,8.0,OWN,85000.0,85000.0,Source Verified,2014-11-01,2014,11,2014-11,Fully Paid,1,0,other,SC,30.239999771118164,1,30-40,$60k-90k,21.336071184120467,Medium Risk,740.0,744.0,0,2,16,0,46262.0,20.700000762939453,37,34440.828125,28000.0,6440.830078125,0.0,Individual,3,0
57538510,1600.0,1600.0,36.0,13.989999771118164,54.68000030517578,C,C4,6.0,RENT,83000.0,83000.0,Verified,2015-08-01,2015,8,2015-08,Fully Paid,1,0,debt_consolidation,FL,17.520000457763672,1,10-20,$60k-90k,9.74674880219028,Medium Risk,670.0,674.0,0,1,11,0,16230.0,69.69999694824219,19,1965.827880859375,1600.0,365.8299865722656,0.0,Individual,0,0
144068755,12000.0,12000.0,60.0,10.720000267028809,259.239990234375,B,B2,10.0,MORTGAGE,65000.0,65000.0,Not Verified,2018-11-01,2018,11,2018-11,Current,0,0,debt_consolidation,AK,14.3100004196167,1,10-20,$60k-90k,14.335386721423683,Low Risk,705.0,709.0,0,0,18,1,5579.0,85.80000305175781,24,1029.81005859375,616.3599853515625,413.45001220703125,0.0,Individual,2,1
66510981,16000.0,16000.0,60.0,13.670000076293945,369.57000732421875,C,C4,1.0,OWN,54576.0,54576.0,Verified,2015-12-01,2015,12,2015-12,Current,0,0,debt_consolidation,NJ,33.36000061035156,1,30-40,$30k-60k,11.080082135523615,Medium Risk,750.0,754.0,0,0,15,0,6643.0,17.700000762939453,23,14588.9296875,9352.01953125,5236.91015625,0.0,Individual,0,0
120568740,4000.0,4000.0,36.0,9.930000305175781,128.94000244140625,B,B2,1.0,MORTGAGE,29000.0,29000.0,Not Verified,2017-10-01,2017,10,2017-10,Current,0,0,debt_consolidation,AL,1.0299999713897705,1,<10,<$30k,12.334017796030116,Low Risk,665.0,669.0,0,0,4,1,943.0,18.899999618530273,15,2186.4599609375,1741.72998046875,444.7300109863281,0.0,Individual,3,1
44493430,12000.0,12000.0,60.0,14.649999618530273,283.2799987792969,C,C5,7.0,MORTGAGE,71000.0,71000.0,Not Verified,2015-04-01,2015,4,2015-04,Current,0,0,debt_consolidation,CA,34.5,1,30-40,$60k-90k,19.581108829568787,Medium Risk,660.0,664.0,0,1,15,6,6553.0,63.599998474121094,27,13357.330078125,8613.7998046875,4743.52978515625,0.0,Individual,3,1
138846886,10800.0,10800.0,36.0,10.079999923706055,348.8999938964844,B,B1,8.0,MORTGAGE,68000.0,68000.0,Source Verified,2018-08-01,2018,8,2018-08,Current,0,0,credit_card,OK,11.949999809265137,1,10-20,$60k-90k,14.165639972621491,Low Risk,725.0,729.0,0,0,3,0,7020.0,54.0,14,2436.25,1853.449951171875,582.7999877929688,0.0,Individual,3,0
8966954,11700.0,11700.0,60.0,20.200000762939453,311.2900085449219,D,D5,5.0,RENT,35000.0,35000.0,Source Verified,2013-12-01,2013,12,2013-12,Fully Paid,1,0,debt_consolidation,OK,20.989999771118164,1,20-30,$30k-60k,13.333333333333334,Medium Risk,670.0,674.0,0,0,12,0,15633.0,78.5999984741211,20,16602.400390625,11700.0,4902.39990234375,0.0,Individual,0,0
7304809,7000.0,7000.0,36.0,14.300000190734863,240.27000427246094,C,C1,10.0,RENT,36000.0,36000.0,Not Verified,2013-09-01,2013,9,2013-09,Fully Paid,1,0,debt_consolidation,CA,5.53000020980835,1,<10,$30k-60k,11.33744010951403,Medium Risk,695.0,699.0,0,1,9,0,3434.0,47.70000076293945,15,8642.7197265625,7000.0,1642.719970703125,0.0,Individual,0,0
88215899,6025.0,6025.0,36.0,11.489999771118164,198.66000366210938,B,B5,10.0,RENT,34000.0,34000.0,Verified,2016-09-01,2016,9,2016-09,Fully Paid,1,0,credit_card,MA,23.719999313354492,1,20-30,$30k-60k,12.919917864476385,Low Risk,660.0,664.0,0,1,7,2,4218.0,56.20000076293945,25,6712.41015625,6025.0,687.4099731445312,0.0,Individual,0,2
129356223,15600.0,15600.0,60.0,13.579999923706055,359.6000061035156,C,C2,10.0,MORTGAGE,48900.0,48900.0,Source Verified,2018-02-01,2018,2,2018-02,Fully Paid,1,0,debt_consolidation,CA,17.5,1,10-20,$30k-60k,27.170431211498972,Medium Risk,695.0,699.0,0,0,7,0,14977.0,76.0,19,16995.197265625,15600.0,1395.199951171875,0.0,Individual,2,0
65404853,4200.0,4200.0,36.0,15.40999984741211,146.44000244140625,D,D1,0.0,OWN,10000.0,10000.0,Verified,2015-11-01,2015,11,2015-11,Fully Paid,1,0,credit_card,CO,16.690000534057617,1,10-20,<$30k,7.1649555099247095,Medium Risk,685.0,689.0,0,0,15,0,4839.0,76.80000305175781,23,5179.8125,4200.0,979.8099975585938,0.0,Individual,0,0
66582942,15000.0,15000.0,60.0,13.180000305175781,342.67999267578125,C,C3,4.0,RENT,53000.0,53000.0,Verified,2015-12-01,2015,12,2015-12,Fully Paid,1,0,credit_card,CA,25.5,1,20-30,$30k-60k,16.0,Medium Risk,670.0,674.0,1,1,14,0,15593.0,41.79999923706055,26,15674.66015625,15000.0,674.6599731445312,0.0,Individual,0,0
144398799,10000.0,10000.0,36.0,12.979999542236328,336.8500061035156,B,B5,0.0,RENT,44000.0,44000.0,Source Verified,2018-12-01,2018,12,2018-12,Current,0,0,credit_card,TX,22.290000915527344,1,20-30,$30k-60k,11.668720054757015,Low Risk,695.0,699.0,0,0,7,0,18928.0,41.400001525878906,13,1003.3400268554688,693.5,309.8399963378906,0.0,Individual,0,0
53674281,1400.0,1400.0,36.0,13.329999923706055,47.400001525878906,C,C3,3.0,RENT,45000.0,45000.0,Not Verified,2015-06-01,2015,6,2015-06,Fully Paid,1,0,credit_card,NY,6.690000057220459,1,<10,$30k-60k,10.412046543463381,Medium Risk,685.0,689.0,0,3,7,0,7641.0,36.400001525878906,24,1410.3699951171875,1400.0,10.369999885559082,0.0,Individual,0,0
139634523,13000.0,13000.0,60.0,12.729999542236328,294.0,B,B5,0.0,RENT,64000.0,64000.0,Not Verified,2018-09-01,2018,9,2018-09,Current,0,0,credit_card,NY,17.829999923706055,1,10-20,$60k-90k,8.917180013689254,Low Risk,740.0,744.0,0,0,22,0,7569.0,19.200000762939453,51,1754.81005859375,961.739990234375,793.0700073242188,0.0,Individual,0,0
100095081,25000.0,25000.0,36.0,12.739999771118164,839.22998046875,C,C1,10.0,RENT,110000.0,110000.0,Verified,2017-03-01,2017,3,2017-03,Fully Paid,1,0,debt_consolidation,MD,12.720000267028809,1,10-20,$90k-120k,15.58110882956879,Medium Risk,680.0,684.0,0,0,9,2,17501.0,58.70000076293945,12,29547.99609375,25000.0,4548.0,0.0,Individual,0,0
1692197,16000.0,16000.0,60.0,21.979999542236328,441.7300109863281,E,E4,6.0,MORTGAGE,75000.0,75000.0,Verified,2012-11-01,2012,11,2012-11,Fully Paid,1,0,debt_consolidation,WA,18.110000610351562,1,10-20,$60k-90k,12.084873374401095,High Risk,665.0,669.0,1,1,8,0,9694.0,75.69999694824219,15,24396.51953125,16000.0,8396.51953125,0.0,Individual,3,0
53312695,14000.0,14000.0,60.0,18.549999237060547,359.7200012207031,E,E2,6.0,MORTGAGE,75000.0,75000.0,Verified,2015-06-01,2015,6,2015-06,Charged Off,1,1,debt_consolidation,MI,21.950000762939453,1,20-30,$60k-90k,19.249828884325805,High Risk,680.0,684.0,0,3,15,0,40828.0,83.30000305175781,29,3680.139892578125,1536.9300537109375,2143.2099609375,0.0,Individual,1,0
117863823,30000.0,30000.0,60.0,9.930000305175781,636.3800048828125,B,B2,2.0,MORTGAGE,135000.0,135000.0,Source Verified,2017-08-01,2017,8,2017-08,Current,0,0,debt_consolidation,MA,22.420000076293945,1,20-30,$120k+,17.582477754962355,Low Risk,695.0,699.0,0,0,11,0,6189.0,22.299999237060547,22,11413.4599609375,7500.1201171875,3913.340087890625,0.0,Individual,1,0
139434075,40000.0,40000.0,36.0,10.079999923706055,1292.199951171875,B,B1,10.0,RENT,55000.0,55000.0,Source Verified,2018-09-01,2018,9,2018-09,Current,0,0,debt_consolidation,CA,22.229999542236328,1,20-30,$30k-60k,13.91649555099247,Low Risk,730.0,734.0,0,0,23,1,3719.0,6.800000190734863,41,7865.2001953125,5859.0400390625,2006.1600341796875,0.0,Joint App,0,1
44703427,16000.0,16000.0,60.0,17.56999969482422,402.57000732421875,D,D4,10.0,MORTGAGE,56000.0,56000.0,Source Verified,2015-04-01,2015,4,2015-04,Current,0,0,debt_consolidation,NC,16.739999771118164,1,10-20,$30k-60k,17.412731006160165,Medium Risk,665.0,669.0,1,2,14,0,17608.0,58.099998474121094,35,18895.0390625,11265.169921875,7629.8701171875,0.0,Individual,0,0
140756829,25000.0,25000.0,60.0,13.5600004196167,576.02001953125,C,C1,0.0,RENT,25000.0,25000.0,Source Verified,2018-09-01,2018,9,2018-09,Current,0,0,credit_card,TN,27.940000534057617,1,20-30,<$30k,20.33675564681725,Medium Risk,695.0,699.0,0,0,14,1,17918.0,49.0,19,3437.2900390625,1811.6300048828125,1625.6600341796875,0.0,Joint App,0,1
44139176,1000.0,1000.0,36.0,16.989999771118164,35.650001525878906,D,D3,2.0,RENT,50000.0,50000.0,Not Verified,2015-04-01,2015,4,2015-04,Fully Paid,1,0,other,TX,28.079999923706055,1,20-30,$30k-60k,4.331279945242985,Medium Risk,665.0,669.0,1,1,9,0,7481.0,62.900001525878906,13,1192.5999755859375,1000.0,192.60000610351562,0.0,Individual,0,0
28733079,4200.0,4200.0,36.0,10.149999618530273,135.82000732421875,B,B2,2.0,RENT,34000.0,34000.0,Not Verified,2014-10-01,2014,10,2014-10,Fully Paid,1,0,debt_consolidation,TN,14.609999656677246,1,10-20,$30k-60k,7.167693360711842,Low Risk,705.0,709.0,0,1,5,0,3170.0,63.400001525878906,13,4430.60986328125,4200.0,230.61000061035156,0.0,Individual,0,0
9219594,2800.0,2800.0,36.0,13.979999542236328,95.68000030517578,C,C1,10.0,MORTGAGE,79000.0,79000.0,Source Verified,2013-12-01,2013,12,2013-12,Charged Off,1,1,other,CA,16.299999237060547,1,10-20,$60k-90k,14.587268993839835,Medium Risk,720.0,724.0,0,0,12,1,20033.0,57.099998474121094,28,1052.47998046875,735.3699951171875,316.8900146484375,0.2199999988079071,Individual,4,0
131254984,11500.0,11500.0,36.0,6.070000171661377,350.2200012207031,A,A2,,MORTGAGE,40542.0,40542.0,Not Verified,2018-04-01,2018,4,2018-04,Fully Paid,1,0,debt_consolidation,OH,34.099998474121094,1,30-40,$30k-60k,17.084188911704313,Low Risk,820.0,824.0,0,0,16,0,636.0,1.0,51,12059.244140625,11500.0,559.239990234375,0.0,Joint App,4,0
21450576,6000.0,6000.0,36.0,7.690000057220459,187.1699981689453,A,A4,10.0,MORTGAGE,110000.0,110000.0,Not Verified,2014-07-01,2014,7,2014-07,Fully Paid,1,0,debt_consolidation,TX,12.520000457763672,1,10-20,$90k-120k,12.829568788501026,Low Risk,720.0,724.0,0,0,12,0,6703.0,19.700000762939453,29,6249.97998046875,6000.0,249.97999572753906,0.0,Individual,4,0
106490835,2000.0,2000.0,36.0,7.239999771118164,61.97999954223633,A,A3,7.0,MORTGAGE,46000.0,46000.0,Source Verified,2017-04-01,2017,4,2017-04,Current,0,0,other,LA,27.260000228881836,1,20-30,$30k-60k,16.331279945242983,Low Risk,710.0,714.0,0,0,14,0,9125.0,24.0,32,1424.739990234375,1227.510009765625,197.22999572753906,0.0,Individual,1,0
1420140,17000.0,17000.0,36.0,12.119999885559082,565.6199951171875,B,B3,10.0,RENT,66000.0,66000.0,Not Verified,2012-07-01,2012,7,2012-07,Charged Off,1,1,debt_consolidation,CA,26.350000381469727,1,20-30,$60k-90k,16.6652977412731,Low Risk,700.0,704.0,0,0,17,0,32064.0,66.9000015258789,28,16402.98046875,13192.0,3205.760009765625,5.21999979019165,Individual,0,0
113567671,8000.0,8000.0,36.0,13.59000015258789,271.8399963378906,C,C2,5.0,RENT,90000.0,90000.0,Not Verified,2017-07-01,2017,7,2017-07,Current,0,0,other,CA,18.639999389648438,1,10-20,$90k-120k,11.915126625598905,Medium Risk,685.0,689.0,0,1,12,0,18632.0,66.80000305175781,18,5430.759765625,4042.610107421875,1388.1500244140625,0.0,Individual,0,0
63529314,35000.0,35000.0,36.0,16.549999237060547,1240.030029296875,D,D2,10.0,MORTGAGE,144945.0,144945.0,Source Verified,2015-11-01,2015,11,2015-11,Charged Off,1,1,home_improvement,NY,8.09000015258789,1,<10,$120k+,16.251882272416154,Medium Risk,685.0,689.0,6,1,11,1,3682.0,65.69999694824219,21,29838.880859375,19149.2109375,8324.5302734375,2241.139892578125,Individual,3,0
77158846,35000.0,35000.0,60.0,22.450000762939453,975.6400146484375,E,E5,6.0,MORTGAGE,130000.0,130000.0,Source Verified,2016-05-01,2016,5,2016-05,Current,0,0,debt_consolidation,GA,10.289999961853027,1,10-20,$120k+,23.66324435318275,High Risk,685.0,689.0,0,1,20,1,34263.0,73.5,37,33182.01171875,14897.48046875,18186.970703125,0.0,Individual,2,0
88989415,10000.0,10000.0,36.0,13.489999771118164,339.30999755859375,C,C2,10.0,RENT,48000.0,48000.0,Source Verified,2016-09-01,2016,9,2016-09,Current,0,0,medical,NY,6.800000190734863,1,<10,$30k-60k,15.917864476386036,Medium Risk,665.0,669.0,3,0,4,0,5740.0,48.20000076293945,11,10171.8095703125,8040.27001953125,2131.5400390625,0.0,Individual,1,0
32679614,20000.0,20000.0,36.0,14.989999771118164,693.2100219726562,C,C5,3.0,MORTGAGE,205000.0,205000.0,Verified,2014-10-01,2014,10,2014-10,Fully Paid,1,0,debt_consolidation,MA,27.510000228881836,1,20-30,$120k+,29.333333333333332,Medium Risk,710.0,714.0,0,4,9,0,148542.0,95.9000015258789,14,22172.580078125,20000.0,2137.919921875,0.0,Individual,2,0
85575272,5100.0,5100.0,36.0,26.489999771118164,206.82000732421875,F,F2,3.0,MORTGAGE,120000.0,120000.0,Source Verified,2016-07-01,2016,7,2016-07,Fully Paid,1,0,small_business,GA,1.0399999618530273,1,<10,$120k+,10.74880219028063,High Risk,665.0,669.0,1,1,5,1,1717.0,42.900001525878906,13,6968.490234375,5100.0,1868.489990234375,0.0,Individual,6,0
33611761,15000.0,15000.0,60.0,15.59000015258789,361.5199890136719,D,D1,0.0,MORTGAGE,46000.0,46000.0,Source Verified,2014-11-01,2014,11,2014-11,Charged Off,1,1,debt_consolidation,MI,21.469999313354492,1,20-30,$30k-60k,14.584531143052704,Medium Risk,715.0,719.0,0,1,12,1,5913.0,36.70000076293945,20,4404.330078125,2147.77001953125,2256.56005859375,0.0,Individual,2,1
111814253,8000.0,8000.0,36.0,12.619999885559082,268.0899963378906,C,C1,7.0,MORTGAGE,65000.0,65000.0,Not Verified,2017-07-01,2017,7,2017-07,Fully Paid,1,0,debt_consolidation,FL,13.770000457763672,1,10-20,$60k-90k,25.49760438056126,Medium Risk,725.0,729.0,1,1,10,1,2592.0,12.800000190734863,25,9078.951171875,8000.0,1078.949951171875,0.0,Individual,0,1
111074341,5125.0,5125.0,36.0,11.989999771118164,170.1999969482422,B,B5,4.0,RENT,45406.0,45406.0,Not Verified,2017-06-01,2017,6,2017-06,Current,0,0,debt_consolidation,MN,14.59000015258789,1,10-20,$30k-60k,7.917864476386037,Low Risk,660.0,664.0,0,0,6,0,3140.0,76.5999984741211,7,3588.27001953125,2765.06005859375,823.2100219726562,0.0,Individual,0,0
87374912,15000.0,15000.0,36.0,10.989999771118164,491.010009765625,B,B4,4.0,RENT,45000.0,45000.0,Not Verified,2016-08-01,2016,8,2016-08,Fully Paid,1,0,debt_consolidation,CA,24.1299991607666,1,20-30,$30k-60k,11.832991101984941,Low Risk,755.0,759.0,0,0,7,0,3577.0,23.399999618530273,19,16667.544921875,15000.0,1667.550048828125,0.0,Individual,0,0
133840361,5800.0,5800.0,36.0,13.0600004196167,195.60000610351562,C,C1,6.0,MORTGAGE,94300.0,94300.0,Not Verified,2018-05-01,2018,5,2018-05,Current,0,0,debt_consolidation,NY,8.170000076293945,1,<10,$90k-120k,40.328542094455855,Medium Risk,710.0,714.0,0,3,9,0,17014.0,32.0,15,1951.7900390625,1391.5699462890625,560.219970703125,0.0,Individual,0,0
93791868,13600.0,13600.0,60.0,15.989999771118164,330.6600036621094,C,C5,10.0,MORTGAGE,55000.0,55000.0,Source Verified,2016-12-01,2016,12,2016-12,Fully Paid,1,0,debt_consolidation,NJ,11.5,1,10-20,$30k-60k,10.420260095824778,Medium Risk,690.0,694.0,0,0,13,0,5858.0,56.29999923706055,16,16048.4541015625,13600.0,2448.449951171875,0.0,Individual,0,0
100129210,8600.0,8600.0,36.0,13.989999771118164,293.8900146484375,C,C3,3.0,OWN,28000.0,28000.0,Not Verified,2017-03-01,2017,3,2017-03,Current,0,0,credit_card,NJ,20.8700008392334,1,20-30,<$30k,41.667351129363446,Medium Risk,710.0,714.0,0,0,7,0,8568.0,57.900001525878906,9,7789.990234375,6312.77978515625,1477.2099609375,0.0,Individual,0,0
80681240,16000.0,16000.0,36.0,8.390000343322754,504.2699890136719,B,B1,2.0,RENT,50000.0,50000.0,Not Verified,2016-06-01,2016,6,2016-06,Current,0,0,debt_consolidation,PA,23.43000030517578,1,20-30,$30k-60k,12.83504449007529,Low Risk,720.0,724.0,0,0,10,0,8634.0,36.900001525878906,20,17643.44921875,15523.41015625,2120.0400390625,0.0,Individual,0,0
96310966,10000.0,10000.0,60.0,12.739999771118164,226.2100067138672,C,C1,1.0,OWN,98000.0,98000.0,Source Verified,2017-01-01,2017,1,2017-01,Current,0,0,credit_card,MA,22.34000015258789,1,20-30,$90k-120k,32.67077344284736,Medium Risk,675.0,679.0,4,1,13,0,21057.0,57.20000076293945,22,5867.2998046875,3572.760009765625,2294.5400390625,0.0,Individual,1,0
96384585,35000.0,35000.0,60.0,29.989999771118164,1132.1600341796875,F,F3,8.0,MORTGAGE,105000.0,105000.0,Verified,2017-01-01,2017,1,2017-01,Charged Off,1,1,other,NC,26.469999313354492,1,20-30,$90k-120k,16.752908966461327,High Risk,670.0,674.0,1,0,9,0,23816.0,75.0999984741211,21,34206.80078125,4616.33984375,12471.4599609375,17119.0,Individual,2,0
29694263,2500.0,2500.0,36.0,18.989999771118164,91.62999725341797,E,E1,6.0,RENT,29496.0,29496.0,Verified,2014-10-01,2014,10,2014-10,Fully Paid,1,0,other,CA,25.100000381469727,1,20-30,<$30k,6.080766598220397,High Risk,710.0,714.0,0,1,9,0,2998.0,19.5,15,3293.275634765625,2500.0,793.280029296875,0.0,Individual,0,0
78931792,15000.0,15000.0,60.0,7.389999866485596,299.7900085449219,A,A4,0.0,MORTGAGE,110000.0,110000.0,Not Verified,2016-05-01,2016,5,2016-05,Fully Paid,1,0,home_improvement,TX,18.959999084472656,1,10-20,$90k-120k,14.496919917864476,Low Risk,710.0,714.0,0,0,9,0,7571.0,36.79999923706055,21,17083.4609375,15000.0,2083.4599609375,0.0,Individual,5,0
21261442,15000.0,15000.0,36.0,10.989999771118164,491.010009765625,B,B3,,MORTGAGE,44000.0,44000.0,Verified,2014-08-01,2014,8,2014-08,Fully Paid,1,0,debt_consolidation,NJ,15.989999771118164,1,10-20,$30k-60k,36.832306639288156,Low Risk,660.0,664.0,1,1,8,0,15466.0,60.20000076293945,19,17676.34765625,15000.0,2676.35009765625,0.0,Individual,3,0
105303485,32000.0,32000.0,36.0,13.489999771118164,1085.780029296875,C,C2,10.0,MORTGAGE,330000.0,330000.0,Verified,2017-05-01,2017,5,2017-05,Current,0,0,debt_consolidation,VA,17.309999465942383,1,10-20,$120k+,25.916495550992472,Medium Risk,660.0,664.0,3,2,26,0,63682.0,79.4000015258789,47,23863.1796875,18007.599609375,5855.580078125,0.0,Individual,1,0
75099404,8000.0,8000.0,36.0,24.110000610351562,314.3299865722656,F,F2,2.0,OWN,60000.0,60000.0,Source Verified,2016-03-01,2016,3,2016-03,Charged Off,1,1,credit_card,TX,21.700000762939453,1,20-30,$60k-90k,9.749486652977414,High Risk,690.0,694.0,0,2,8,0,1892.0,20.100000381469727,28,5403.85986328125,2657.969970703125,1981.969970703125,763.9199829101562,Individual,0,0
80758640,7000.0,7000.0,36.0,10.75,228.35000610351562,B,B4,10.0,RENT,50000.0,50000.0,Source Verified,2016-06-01,2016,6,2016-06,Current,0,0,debt_consolidation,NY,15.869999885559082,1,10-20,$30k-60k,14.25325119780972,Low Risk,665.0,669.0,0,2,18,1,8150.0,30.799999237060547,31,7562.72021484375,6327.31982421875,1235.4000244140625,0.0,Individual,0,1
622608,25000.0,17300.0,60.0,13.720000267028809,400.0400085449219,C,C5,5.0,RENT,108000.0,108000.0,Verified,2010-12-01,2010,12,2010-12,Charged Off,1,1,other,MD,20.520000457763672,1,20-30,$90k-120k,11.082819986310746,Medium Risk,725.0,729.0,0,0,13,0,29238.0,46.0,25,1200.1199951171875,611.7100219726562,584.5399780273438,3.869999885559082,Individual,-1,0
33381011,5000.0,5000.0,36.0,8.1899995803833,157.1300048828125,A,A5,3.0,MORTGAGE,42000.0,42000.0,Source Verified,2014-11-01,2014,11,2014-11,Fully Paid,1,0,credit_card,OH,16.940000534057617,1,10-20,$30k-60k,24.503764544832308,Low Risk,670.0,674.0,0,0,6,0,8585.0,72.0999984741211,16,5606.27099609375,5000.0,606.27001953125,0.0,Individual,4,0
133926969,19000.0,19000.0,60.0,14.029999732971191,442.3999938964844,C,C2,10.0,MORTGAGE,60000.0,60000.0,Source Verified,2018-05-01,2018,5,2018-05,Current,0,0,credit_card,PA,29.6200008392334,1,20-30,$60k-90k,19.66324435318275,Medium Risk,680.0,684.0,0,0,11,1,19099.0,56.29999923706055,37,4409.18994140625,2322.14990234375,2087.0400390625,0.0,Individual,3,1
116887694,10000.0,10000.0,36.0,10.90999984741211,326.9700012207031,B,B4,,MORTGAGE,112000.0,112000.0,Not Verified,2017-08-01,2017,8,2017-08,Fully Paid,1,0,home_improvement,NY,7.440000057220459,1,<10,$90k-120k,11.915126625598905,Low Risk,715.0,719.0,0,0,9,0,13105.0,32.0,21,11181.6201171875,10000.0,1181.6199951171875,0.0,Individual,1,0
114164841,16800.0,16800.0,36.0,7.96999979019165,526.219970703125,A,A5,10.0,MORTGAGE,174900.0,174900.0,Source Verified,2017-07-01,2017,7,2017-07,Fully Paid,1,0,debt_consolidation,MD,22.700000762939453,1,20-30,$120k+,26.001368925393567,Low Risk,685.0,689.0,0,0,20,0,92753.0,66.30000305175781,42,17846.8828125,16800.0,1046.8800048828125,0.0,Individual,5,0
14639590,11125.0,11125.0,36.0,15.609999656677246,388.989990234375,C,C5,6.0,RENT,130000.0,130000.0,Verified,2014-04-01,2014,4,2014-04,Charged Off,1,1,credit_card,OH,33.540000915527344,1,30-40,$120k+,10.666666666666666,Medium Risk,675.0,679.0,0,0,28,0,11722.0,65.9000015258789,41,6444.60009765625,3435.610107421875,1621.260009765625,1387.72998046875,Individual,0,0
61312637,6000.0,6000.0,36.0,14.649999618530273,206.97000122070312,C,C5,9.0,MORTGAGE,60195.0,60195.0,Verified,2015-10-01,2015,10,2015-10,Fully Paid,1,0,debt_consolidation,GA,34.689998626708984,1,30-40,$60k-90k,16.66255989048597,Medium Risk,685.0,689.0,0,1,12,1,5752.0,63.900001525878906,59,7313.951171875,6000.0,1313.949951171875,0.0,Individual,5,1
72774710,17975.0,17975.0,60.0,14.460000038146973,422.54998779296875,C,C4,7.0,RENT,62000.0,62000.0,Source Verified,2016-03-01,2016,3,2016-03,Fully Paid,1,0,credit_card,CA,16.649999618530273,1,10-20,$60k-90k,39.41409993155373,Medium Risk,675.0,679.0,0,2,9,0,18080.0,66.5,11,22668.373046875,17975.0,4693.3701171875,0.0,Individual,0,0
38586110,5000.0,5000.0,36.0,6.489999771118164,153.22999572753906,A,A2,10.0,MORTGAGE,60789.0,60789.0,Not Verified,2015-01-01,2015,1,2015-01,Fully Paid,1,0,credit_card,AL,9.460000038146973,1,<10,$60k-90k,30.584531143052704,Low Risk,670.0,674.0,4,0,10,0,13647.0,42.79999923706055,26,5514.17333984375,5000.0,514.1699829101562,0.0,Individual,3,0
91019345,20000.0,20000.0,36.0,14.489999771118164,688.3300170898438,C,C4,,OWN,74000.0,74000.0,Verified,2016-10-01,2016,10,2016-10,Fully Paid,1,0,credit_card,NV,21.309999465942383,1,20-30,$60k-90k,22.253251197809718,Medium Risk,700.0,704.0,0,0,15,0,25438.0,47.29999923706055,19,24549.05078125,20000.0,4549.0498046875,0.0,Individual,1,0
38427249,12750.0,12750.0,60.0,20.989999771118164,344.8599853515625,E,E4,10.0,RENT,40000.0,40000.0,Source Verified,2015-01-01,2015,1,2015-01,Fully Paid,1,0,debt_consolidation,TX,19.860000610351562,1,10-20,$30k-60k,20.503764544832308,High Risk,670.0,674.0,5,0,6,0,7526.0,14.5,22,19158.80859375,12750.0,6408.81005859375,0.0,Individual,2,0
76225543,13150.0,13150.0,60.0,17.270000457763672,328.7300109863281,D,D2,,MORTGAGE,37032.0,37032.0,Verified,2016-04-01,2016,4,2016-04,Charged Off,1,1,debt_consolidation,AL,19.309999465942383,1,10-20,$30k-60k,12.583162217659138,Medium Risk,665.0,669.0,0,0,11,1,10275.0,65.0,23,3322.949951171875,1488.6700439453125,1834.280029296875,0.0,Individual,0,1
97954320,10000.0,10000.0,36.0,7.489999771118164,311.0199890136719,A,A4,1.0,MORTGAGE,112000.0,112000.0,Source Verified,2017-02-01,2017,2,2017-02,Fully Paid,1,0,debt_consolidation,FL,19.040000915527344,1,10-20,$90k-120k,22.590006844626966,Low Risk,680.0,684.0,1,0,13,0,11124.0,51.0,26,10002.5498046875,10000.0,2.549999952316284,0.0,Individual,4,0
136099704,10000.0,10000.0,60.0,16.90999984741211,248.0500030517578,C,C5,10.0,OWN,50000.0,50000.0,Not Verified,2018-07-01,2018,7,2018-07,Current,0,0,debt_consolidation,CT,21.510000228881836,1,20-30,$30k-60k,33.333333333333336,Medium Risk,730.0,734.0,0,1,7,0,37696.0,75.80000305175781,12,1975.010009765625,900.5499877929688,1074.4599609375,0.0,Joint App,2,0
98958851,3000.0,3000.0,36.0,11.489999771118164,98.91999816894531,B,B5,10.0,MORTGAGE,165000.0,165000.0,Not Verified,2017-02-01,2017,2,2017-02,Fully Paid,1,0,credit_card,CA,0.550000011920929,1,<10,$120k+,13.253935660506503,Low Risk,660.0,664.0,0,1,4,0,1271.0,37.400001525878906,7,3496.3017578125,3000.0,496.29998779296875,0.0,Individual,1,0
19236530,5000.0,5000.0,36.0,6.03000020980835,152.17999267578125,A,A1,2.0,OWN,90000.0,90000.0,Not Verified,2014-06-01,2014,6,2014-06,Fully Paid,1,0,other,CO,11.569999694824219,1,10-20,$90k-120k,14.329911019849419,Low Risk,795.0,799.0,0,1,6,0,859.0,3.299999952316284,21,5477.0712890625,5000.0,477.07000732421875,0.0,Individual,4,0
1464236,24000.0,24000.0,36.0,12.119999885559082,798.52001953125,B,B3,2.0,MORTGAGE,172500.0,172500.0,Not Verified,2012-08-01,2012,8,2012-08,Fully Paid,1,0,home_improvement,CA,10.300000190734863,1,10-20,$120k+,14.666666666666666,Low Risk,720.0,724.0,0,0,8,0,17886.0,83.5999984741211,13,28375.0703125,24000.0,4375.06982421875,0.0,Individual,1,0
29234026,10000.0,10000.0,60.0,22.149999618530273,277.04998779296875,E,E5,4.0,RENT,45000.0,45000.0,Verified,2014-10-01,2014,10,2014-10,Charged Off,1,1,debt_consolidation,IL,1.3300000429153442,1,<10,$30k-60k,8.66255989048597,High Risk,680.0,684.0,0,2,18,0,1311.0,10.5,35,3927.31005859375,789.3300170898438,1427.0699462890625,1710.9100341796875,Individual,0,0
117108158,10000.0,10000.0,36.0,10.420000076293945,324.6499938964844,B,B3,2.0,MORTGAGE,75000.0,75000.0,Source Verified,2017-08-01,2017,8,2017-08,Fully Paid,1,0,debt_consolidation,TX,18.34000015258789,1,10-20,$60k-90k,28.580424366872005,Low Risk,660.0,664.0,0,2,12,1,16669.0,44.099998474121094,21,10627.640625,10000.0,627.6400146484375,0.0,Individual,2,1
134437800,6000.0,6000.0,36.0,8.079999923706055,188.24000549316406,A,A5,5.0,MORTGAGE,33000.0,33000.0,Source Verified,2018-06-01,2018,6,2018-06,Current,0,0,debt_consolidation,KS,16.360000610351562,1,10-20,$30k-60k,8.917180013689254,Low Risk,770.0,774.0,0,1,7,0,0.0,0.0,16,1691.469970703125,1366.969970703125,324.5,0.0,Individual,1,0
91109757,10000.0,10000.0,36.0,10.989999771118164,327.3399963378906,B,B4,1.0,RENT,120000.0,120000.0,Source Verified,2016-10-01,2016,10,2016-10,Charged Off,1,1,debt_consolidation,CA,14.260000228881836,1,10-20,$120k+,24.418891170431213,Low Risk,670.0,674.0,0,0,5,0,27280.0,86.5999984741211,7,7865.75,6295.14013671875,1570.6099853515625,0.0,Individual,0,0
71767319,12000.0,12000.0,36.0,9.75,385.79998779296875,B,B3,10.0,MORTGAGE,51400.0,51400.0,Verified,2016-02-01,2016,2,2016-02,Fully Paid,1,0,debt_consolidation,IL,21.639999389648438,1,20-30,$30k-60k,27.753593429158112,Low Risk,660.0,664.0,10,0,12,0,6813.0,71.0,30,13627.92578125,12000.0,1627.9300537109375,0.0,Individual,3,0
70916878,7200.0,7200.0,36.0,9.75,231.47999572753906,B,B3,,RENT,32010.0,32010.0,Source Verified,2016-03-01,2016,3,2016-03,Fully Paid,1,0,debt_consolidation,NV,8.920000076293945,1,<10,$30k-60k,17.916495550992472,Low Risk,695.0,699.0,0,2,3,0,4900.0,77.80000305175781,8,8337.162109375,7200.0,1137.1600341796875,0.0,Individual,1,0
81375192,10000.0,10000.0,36.0,7.389999866485596,310.55999755859375,A,A4,10.0,MORTGAGE,52000.0,52000.0,Verified,2016-06-01,2016,6,2016-06,Fully Paid,1,0,debt_consolidation,SC,32.77000045776367,1,30-40,$30k-60k,22.666666666666668,Low Risk,740.0,744.0,0,0,7,0,64.0,1.5,17,10257.3701171875,10000.0,257.3699951171875,0.0,Individual,2,0
56482548,14400.0,14400.0,36.0,8.180000305175781,452.45001220703125,B,B1,2.0,MORTGAGE,45000.0,45000.0,Source Verified,2015-08-01,2015,8,2015-08,Charged Off,1,1,debt_consolidation,NC,13.680000305175781,1,10-20,$30k-60k,16.251882272416154,Low Risk,670.0,674.0,0,0,16,1,10353.0,42.599998474121094,32,5456.22021484375,4414.5400390625,1041.6800537109375,0.0,Individual,3,1
25426778,16000.0,16000.0,60.0,17.56999969482422,402.57000732421875,D,D4,10.0,RENT,50000.0,50000.0,Source Verified,2014-08-01,2014,8,2014-08,Fully Paid,1,0,credit_card,NJ,26.56999969482422,1,20-30,$30k-60k,13.831622176591376,Medium Risk,670.0,674.0,0,1,17,0,16599.0,34.0,30,21334.3203125,16000.0,5334.31982421875,0.0,Individual,2,0
1817182,10200.0,10200.0,36.0,11.140000343322754,334.6199951171875,B,B2,1.0,RENT,30000.0,30000.0,Not Verified,2013-02-01,2013,2,2013-02,Fully Paid,1,0,debt_consolidation,CA,14.15999984741211,1,10-20,$30k-60k,13.505817932922655,Low Risk,715.0,719.0,0,0,12,0,14212.0,33.79999923706055,16,12045.9619140625,10200.0,1845.9599609375,0.0,Individual,0,0
97669134,3450.0,3450.0,36.0,12.739999771118164,115.81999969482422,C,C1,0.0,RENT,24000.0,24000.0,Source Verified,2017-02-01,2017,2,2017-02,Current,0,0,debt_consolidation,CT,19.649999618530273,1,10-20,<$30k,18.253251197809718,Medium Risk,670.0,674.0,1,0,13,0,13520.0,58.79999923706055,27,2893.06005859375,2253.679931640625,639.3800048828125,0.0,Individual,0,0
1479343,16750.0,16750.0,36.0,10.15999984741211,541.739990234375,B,B1,2.0,MORTGAGE,65000.0,65000.0,Not Verified,2012-09-01,2012,9,2012-09,Fully Paid,1,0,debt_consolidation,FL,11.579999923706055,1,10-20,$60k-90k,7.581108829568788,Low Risk,725.0,729.0,0,1,8,1,2038.0,41.599998474121094,20,19502.41015625,16750.0,2752.409912109375,0.0,Individual,9,1
14588850,7000.0,7000.0,36.0,12.489999771118164,234.14999389648438,B,B4,9.0,MORTGAGE,60000.0,60000.0,Not Verified,2014-04-01,2014,4,2014-04,Fully Paid,1,0,credit_card,MT,16.020000457763672,1,10-20,$60k-90k,11.000684462696784,Low Risk,675.0,679.0,0,0,11,1,10012.0,72.5999984741211,31,8398.8896484375,7000.0,1398.8900146484375,0.0,Individual,2,1
60395667,15100.0,15100.0,36.0,17.860000610351562,544.8499755859375,D,D5,0.0,OWN,42000.0,42000.0,Verified,2015-09-01,2015,9,2015-09,Fully Paid,1,0,other,WI,24.65999984741211,1,20-30,$30k-60k,11.917864476386036,Medium Risk,665.0,669.0,0,2,9,0,4525.0,64.5999984741211,16,16260.4599609375,15100.0,1160.4599609375,0.0,Individual,0,0
97122744,7200.0,7200.0,36.0,11.489999771118164,237.39999389648438,B,B5,4.0,MORTGAGE,40000.0,40000.0,Source Verified,2017-02-01,2017,2,2017-02,Current,0,0,credit_card,KY,27.149999618530273,1,20-30,$30k-60k,5.505817932922656,Low Risk,675.0,679.0,1,1,15,0,4306.0,13.899999618530273,22,5930.39990234375,4732.8701171875,1197.530029296875,0.0,Individual,1,0
2836798,10000.0,10000.0,36.0,19.719999313354492,370.2200012207031,D,D5,10.0,RENT,84000.0,84000.0,Verified,2012-12-01,2012,12,2012-12,Fully Paid,1,0,wedding,CA,19.6299991607666,1,10-20,$60k-90k,10.250513347022586,Medium Risk,660.0,664.0,0,2,11,1,3320.0,48.79999923706055,27,12392.0400390625,10000.0,2392.0400390625,0.0,Individual,0,1
94269634,9850.0,9850.0,36.0,7.989999771118164,308.6199951171875,A,A5,2.0,RENT,43000.0,43000.0,Verified,2016-12-01,2016,12,2016-12,Fully Paid,1,0,credit_card,GA,18.639999389648438,1,10-20,$30k-60k,4.917180013689254,Low Risk,710.0,714.0,0,1,8,0,9475.0,45.099998474121094,8,10935.98828125,9850.0,1085.989990234375,0.0,Individual,0,0
94301998,10000.0,10000.0,36.0,14.989999771118164,346.6099853515625,C,C4,,MORTGAGE,36000.0,36000.0,Not Verified,2016-12-01,2016,12,2016-12,Fully Paid,1,0,debt_consolidation,SC,30.170000076293945,1,30-40,$30k-60k,23.3347022587269,Medium Risk,660.0,664.0,0,1,11,1,13400.0,57.29999923706055,31,12101.849609375,10000.0,2101.85009765625,0.0,Individual,3,1
95242223,29700.0,29700.0,36.0,11.4399995803833,978.5499877929688,B,B4,0.0,OWN,95000.0,95000.0,Source Verified,2016-12-01,2016,12,2016-12,Current,0,0,debt_consolidation,AL,5.090000152587891,1,<10,$90k-120k,12.167008898015059,Low Risk,700.0,704.0,0,0,10,0,7598.0,93.80000305175781,26,29528.919921875,24393.2109375,5086.77978515625,0.0,Individual,2,0
58150929,20000.0,20000.0,36.0,18.25,725.5599975585938,E,E1,8.0,MORTGAGE,40000.0,40000.0,Verified,2015-08-01,2015,8,2015-08,Fully Paid,1,0,debt_consolidation,GA,16.139999389648438,1,10-20,$30k-60k,23.748117727583846,High Risk,670.0,674.0,0,0,10,0,11156.0,94.5,26,26140.37109375,20000.0,6140.3701171875,0.0,Individual,4,0
451663,14000.0,14000.0,36.0,12.869999885559082,470.8699951171875,C,C1,7.0,OWN,58000.0,58000.0,Not Verified,2009-11-01,2009,11,2009-11,Fully Paid,1,0,debt_consolidation,CA,4.300000190734863,1,<10,$30k-60k,8.917180013689254,Medium Risk,705.0,709.0,0,0,12,0,8752.0,53.0,35,16951.09765625,14000.0,2951.10009765625,0.0,Individual,-1,0
22304297,21200.0,21200.0,60.0,22.149999618530273,587.3400268554688,E,E5,7.0,MORTGAGE,53000.0,53000.0,Source Verified,2014-07-01,2014,7,2014-07,Fully Paid,1,0,debt_consolidation,GA,26.719999313354492,1,20-30,$30k-60k,11.3347022587269,High Risk,680.0,684.0,1,2,12,0,24156.0,54.900001525878906,22,24537.759765625,21200.0,3337.760009765625,0.0,Individual,1,0
90055606,35000.0,35000.0,60.0,13.989999771118164,814.2100219726562,C,C3,2.0,MORTGAGE,78000.0,78000.0,Verified,2016-10-01,2016,10,2016-10,Charged Off,1,1,debt_consolidation,AR,21.049999237060547,1,20-30,$60k-90k,10.168377823408624,Medium Risk,720.0,724.0,0,0,14,1,13506.0,40.29999923706055,30,10787.8798828125,1653.31005859375,1576.3299560546875,7558.240234375,Individual,3,1
90988551,8425.0,8425.0,36.0,10.989999771118164,275.7900085449219,B,B4,10.0,RENT,63000.0,63000.0,Source Verified,2016-10-01,2016,10,2016-10,Current,0,0,debt_consolidation,MA,15.479999542236328,1,10-20,$60k-90k,16.917180013689254,Low Risk,670.0,674.0,3,0,12,0,12724.0,56.099998474121094,29,7992.77001953125,6563.5400390625,1429.22998046875,0.0,Individual,0,0
80628470,10000.0,10000.0,36.0,17.270000457763672,357.8800048828125,D,D2,4.0,RENT,48000.0,48000.0,Source Verified,2016-05-01,2016,5,2016-05,Charged Off,1,1,debt_consolidation,IN,31.700000762939453,1,30-40,$30k-60k,9.582477754962355,Medium Risk,670.0,674.0,1,1,12,0,3973.0,49.70000076293945,13,4768.18994140625,2778.030029296875,1514.81005859375,475.3500061035156,Individual,0,0
77149240,18400.0,18400.0,60.0,8.390000343322754,376.5299987792969,B,B1,8.0,OWN,68000.0,68000.0,Source Verified,2016-04-01,2016,4,2016-04,Current,0,0,debt_consolidation,LA,15.949999809265137,1,10-20,$60k-90k,20.83504449007529,Low Risk,750.0,754.0,0,0,12,0,20575.0,40.70000076293945,26,13161.400390625,9790.0498046875,3371.35009765625,0.0,Individual,7,0
20781728,3000.0,3000.0,36.0,17.56999969482422,107.81999969482422,D,D4,3.0,RENT,73000.0,73000.0,Not Verified,2014-07-01,2014,7,2014-07,Fully Paid,1,0,major_purchase,CA,22.850000381469727,1,20-30,$60k-90k,22.16563997262149,Medium Risk,675.0,679.0,1,1,9,0,13265.0,94.0999984741211,18,3879.24658203125,3000.0,879.25,0.0,Individual,0,0
98935636,22400.0,22400.0,60.0,12.739999771118164,506.70001220703125,C,C1,2.0,MORTGAGE,125550.0,125550.0,Source Verified,2017-02-01,2017,2,2017-02,Current,0,0,car,CO,11.739999771118164,1,10-20,$120k+,10.757015742642025,Medium Risk,660.0,664.0,3,1,8,0,12776.0,55.29999923706055,14,12635.7900390625,7652.169921875,4983.6201171875,0.0,Individual,2,0
31457756,10325.0,10325.0,36.0,19.520000457763672,381.20001220703125,E,E2,0.0,MORTGAGE,80000.0,80000.0,Not Verified,2014-10-01,2014,10,2014-10,Fully Paid,1,0,credit_card,CA,37.68000030517578,1,30-40,$60k-90k,9.418206707734429,High Risk,680.0,684.0,0,0,15,0,9086.0,45.400001525878906,34,11248.349609375,10325.0,923.3499755859375,0.0,Individual,2,0
103628339,6000.0,6000.0,36.0,15.989999771118164,210.9199981689453,C,C5,10.0,MORTGAGE,50000.0,50000.0,Verified,2017-04-01,2017,4,2017-04,Fully Paid,1,0,credit_card,TN,34.060001373291016,1,30-40,$30k-60k,14.833675564681725,Medium Risk,690.0,694.0,0,1,9,0,11462.0,38.900001525878906,24,6239.2138671875,6000.0,239.2100067138672,0.0,Individual,6,0
131489928,11200.0,11200.0,60.0,12.609999656677246,252.61000061035156,C,C1,7.0,MORTGAGE,54252.0,54252.0,Source Verified,2018-04-01,2018,4,2018-04,Current,0,0,home_improvement,VA,24.260000228881836,1,20-30,$30k-60k,10.499657768651609,Medium Risk,695.0,699.0,0,1,18,0,12459.0,58.20000076293945,24,2763.02001953125,1564.5699462890625,1198.449951171875,0.0,Individual,1,0
5650497,15000.0,15000.0,60.0,16.290000915527344,367.0899963378906,C,C4,10.0,MORTGAGE,46000.0,46000.0,Verified,2013-06-01,2013,6,2013-06,Charged Off,1,1,debt_consolidation,AZ,17.270000457763672,1,10-20,$30k-60k,11.41409993155373,Medium Risk,670.0,674.0,0,0,9,0,24654.0,85.4000015258789,20,5203.85986328125,1552.199951171875,1748.489990234375,1903.1700439453125,Individual,3,0
122203147,3200.0,3200.0,36.0,11.989999771118164,106.27999877929688,B,B5,10.0,MORTGAGE,62000.0,62000.0,Verified,2017-11-01,2017,11,2017-11,Current,0,0,debt_consolidation,GA,42.08000183105469,1,40+,$60k-90k,18.67214236824093,Low Risk,715.0,719.0,0,0,11,0,27753.0,86.19999694824219,19,1698.3499755859375,1282.2900390625,416.05999755859375,0.0,Joint App,4,0
36059638,18000.0,18000.0,36.0,6.03000020980835,547.8400268554688,A,A1,9.0,MORTGAGE,103000.0,103000.0,Not Verified,2014-12-01,2014,12,2014-12,Fully Paid,1,0,debt_consolidation,MO,8.380000114440918,1,<10,$90k-120k,12.334017796030116,Low Risk,815.0,819.0,0,0,8,0,5052.0,7.300000190734863,16,18836.759765625,18000.0,836.760009765625,0.0,Individual,2,0
31387424,10875.0,10875.0,60.0,20.200000762939453,289.3399963378906,E,E3,6.0,RENT,26000.0,26000.0,Source Verified,2014-10-01,2014,10,2014-10,Charged Off,1,1,debt_consolidation,NY,14.600000381469727,1,10-20,<$30k,3.586584531143053,High Risk,685.0,689.0,0,0,6,0,9757.0,56.70000076293945,6,7525.89013671875,3111.14990234375,3820.81005859375,593.9299926757812,Individual,0,0
24645029,12000.0,12000.0,60.0,20.989999771118164,324.5799865722656,E,E4,10.0,MORTGAGE,55000.0,55000.0,Verified,2014-08-01,2014,8,2014-08,Charged Off,1,1,debt_consolidation,KS,36.970001220703125,1,30-40,$30k-60k,14.250513347022586,High Risk,665.0,669.0,1,2,16,1,6522.0,39.79999923706055,36,1622.9000244140625,593.8099975585938,1029.0899658203125,0.0,Individual,3,1
8589663,18825.0,18825.0,36.0,15.100000381469727,653.5,C,C2,3.0,MORTGAGE,42000.0,42000.0,Verified,2013-11-01,2013,11,2013-11,Charged Off,1,1,debt_consolidation,AR,25.90999984741211,1,20-30,$30k-60k,12.41889117043121,Medium Risk,685.0,689.0,0,0,17,0,30210.0,88.5999984741211,25,2614.0,1697.97998046875,915.6900024414062,0.33000001311302185,Individual,1,0
46114398,21525.0,21525.0,36.0,19.520000457763672,794.7000122070312,E,E3,10.0,RENT,60000.0,60000.0,Verified,2015-04-01,2015,4,2015-04,Charged Off,1,1,debt_consolidation,AK,20.479999542236328,1,20-30,$60k-90k,14.57905544147844,High Risk,685.0,689.0,0,4,10,0,2806.0,30.5,28,17122.58984375,5838.85009765625,3650.860107421875,7632.8798828125,Individual,0,0
145160036,24000.0,24000.0,36.0,14.470000267028809,825.760009765625,C,C2,9.0,RENT,60600.0,60600.0,Source Verified,2018-12-01,2018,12,2018-12,Current,0,0,credit_card,NY,27.6200008392334,1,20-30,$60k-90k,16.999315537303218,Medium Risk,695.0,699.0,0,1,28,0,23341.0,33.79999923706055,38,2457.989990234375,1628.56005859375,829.4299926757812,0.0,Individual,0,0
99636857,10000.0,10000.0,60.0,15.989999771118164,243.1300048828125,C,C5,10.0,MORTGAGE,85000.0,85000.0,Not Verified,2017-02-01,2017,2,2017-02,Current,0,0,credit_card,NY,5.510000228881836,1,<10,$60k-90k,32.67077344284736,Medium Risk,725.0,729.0,0,1,12,0,9177.0,45.900001525878906,20,6069.3701171875,3233.800048828125,2835.570068359375,0.0,Individual,3,0
76184713,6000.0,6000.0,36.0,5.320000171661377,180.69000244140625,A,A1,3.0,MORTGAGE,55000.0,55000.0,Verified,2016-04-01,2016,4,2016-04,Fully Paid,1,0,credit_card,MA,3.359999895095825,1,<10,$30k-60k,9.500342231348391,Low Risk,730.0,734.0,1,0,8,0,6622.0,21.299999237060547,25,6500.2333984375,6000.0,500.2300109863281,0.0,Individual,2,0
68914665,20000.0,20000.0,60.0,13.989999771118164,465.2699890136719,C,C4,4.0,OWN,120000.0,120000.0,Not Verified,2016-01-01,2016,1,2016-01,Current,0,0,debt_consolidation,CA,22.719999313354492,1,20-30,$120k+,12.503764544832306,Medium Risk,685.0,689.0,0,0,19,0,25828.0,65.69999694824219,28,17664.720703125,11016.41015625,6648.31005859375,0.0,Individual,0,0
85863326,20000.0,20000.0,36.0,11.489999771118164,659.4299926757812,B,B5,10.0,MORTGAGE,70000.0,70000.0,Verified,2016-08-01,2016,8,2016-08,Fully Paid,1,0,debt_consolidation,VA,24.56999969482422,1,20-30,$60k-90k,19.252566735112936,Low Risk,670.0,674.0,1,0,8,0,10943.0,72.0,18,22637.78125,20000.0,2637.780029296875,0.0,Individual,2,0
96557471,8000.0,8000.0,36.0,12.739999771118164,268.55999755859375,C,C1,1.0,MORTGAGE,100000.0,100000.0,Source Verified,2017-01-01,2017,1,2017-01,Current,0,0,debt_consolidation,FL,12.229999542236328,1,10-20,$90k-120k,35.75359342915811,Medium Risk,665.0,669.0,1,2,15,0,7006.0,20.399999618530273,18,6976.89990234375,5465.14013671875,1511.760009765625,0.0,Individual,2,0
117875776,20000.0,20000.0,60.0,12.619999885559082,451.19000244140625,C,C1,10.0,MORTGAGE,53051.0,53051.0,Not Verified,2017-09-01,2017,9,2017-09,Current,0,0,debt_consolidation,MD,33.029998779296875,1,30-40,$30k-60k,21.084188911704313,Medium Risk,715.0,719.0,0,0,13,1,20419.0,64.4000015258789,27,8184.52978515625,4745.60009765625,3438.929931640625,0.0,Joint App,5,1
41149452,3000.0,3000.0,36.0,11.529999732971191,98.9800033569336,B,B5,2.0,RENT,25000.0,25000.0,Source Verified,2015-02-01,2015,2,2015-02,Fully Paid,1,0,vacation,OH,11.4399995803833,1,10-20,<$30k,3.3374401095140316,Low Risk,710.0,714.0,0,0,10,0,4615.0,25.200000762939453,11,3574.811767578125,3000.0,574.8099975585938,0.0,Individual,0,0
72801086,8000.0,8000.0,36.0,11.470000267028809,263.70001220703125,B,B5,10.0,MORTGAGE,34000.0,34000.0,Source Verified,2016-02-01,2016,2,2016-02,Charged Off,1,1,debt_consolidation,LA,29.540000915527344,1,20-30,$30k-60k,7.501711156741957,Low Risk,675.0,679.0,0,1,12,0,7862.0,45.70000076293945,22,2311.0,1150.5799560546875,457.1000061035156,703.3200073242188,Individual,1,0
111734296,16000.0,16000.0,36.0,18.059999465942383,578.9299926757812,D,D2,10.0,MORTGAGE,135000.0,135000.0,Verified,2017-07-01,2017,7,2017-07,Fully Paid,1,0,home_improvement,CA,5.349999904632568,1,<10,$120k+,12.24914442162902,Medium Risk,690.0,694.0,0,2,9,2,8958.0,31.100000381469727,17,18823.720703125,16000.0,2823.719970703125,0.0,Individual,3,1
125184286,40000.0,40000.0,60.0,10.420000076293945,858.1799926757812,B,B3,10.0,RENT,100000.0,100000.0,Source Verified,2017-12-01,2017,12,2017-12,Current,0,0,debt_consolidation,FL,24.079999923706055,1,20-30,$90k-120k,21.752224503764545,Low Risk,715.0,719.0,1,0,12,0,47726.0,59.400001525878906,33,12849.5400390625,8146.4599609375,4703.080078125,0.0,Individual,0,0
65514377,12000.0,12000.0,36.0,6.239999771118164,366.3699951171875,A,A2,10.0,RENT,77500.0,77500.0,Not Verified,2015-12-01,2015,12,2015-12,Fully Paid,1,0,debt_consolidation,MA,31.93000030517578,1,30-40,$60k-90k,23.750855578370977,Low Risk,745.0,749.0,0,0,15,0,21548.0,35.099998474121094,27,13022.07421875,12000.0,1022.0700073242188,0.0,Individual,0,0
88898159,2000.0,2000.0,36.0,13.489999771118164,67.87000274658203,C,C2,5.0,RENT,55000.0,55000.0,Source Verified,2016-09-01,2016,9,2016-09,Current,0,0,other,CA,26.700000762939453,1,20-30,$30k-60k,14.171115674195756,Medium Risk,725.0,729.0,0,0,15,0,17180.0,52.900001525878906,23,2034.5999755859375,1608.7099609375,425.8900146484375,0.0,Individual,0,0
16492633,30000.0,30000.0,60.0,12.489999771118164,674.7899780273438,B,B5,2.0,MORTGAGE,117000.0,117000.0,Verified,2014-05-01,2014,5,2014-05,Fully Paid,1,0,debt_consolidation,MO,16.790000915527344,1,10-20,$90k-120k,9.74674880219028,Low Risk,740.0,744.0,0,1,15,0,8720.0,16.5,34,37728.93359375,30000.0,7728.93017578125,0.0,Individual,5,0
142877658,1000.0,1000.0,36.0,24.3700008392334,39.43000030517578,E,E2,10.0,MORTGAGE,55000.0,55000.0,Verified,2018-11-01,2018,11,2018-11,Current,0,0,house,MD,9.800000190734863,1,<10,$30k-60k,10.165639972621491,High Risk,695.0,699.0,1,0,4,0,6.0,0.30000001192092896,8,163.82000732421875,78.86000061035156,84.95999908447266,0.0,Individual,4,0
132575757,12000.0,12000.0,60.0,15.039999961853027,285.739990234375,C,C4,5.0,RENT,110000.0,110000.0,Source Verified,2018-05-01,2018,5,2018-05,Current,0,0,small_business,IL,13.010000228881836,1,10-20,$90k-120k,12.243668720054757,Medium Risk,675.0,679.0,0,1,6,0,24460.0,81.80000305175781,14,2837.35009765625,1432.3399658203125,1405.010009765625,0.0,Individual,0,0
4544850,18600.0,18600.0,60.0,21.0,503.20001220703125,E,E2,10.0,OWN,46000.0,46000.0,Verified,2013-05-01,2013,5,2013-05,Charged Off,1,1,debt_consolidation,KY,12.210000038146973,1,10-20,$30k-60k,16.32854209445585,High Risk,665.0,669.0,0,1,9,0,19204.0,66.69999694824219,23,5032.0,1923.469970703125,3107.989990234375,0.5400000214576721,Individual,1,0
113052496,4500.0,4500.0,36.0,9.930000305175781,145.05999755859375,B,B2,9.0,RENT,31000.0,31000.0,Not Verified,2017-07-01,2017,7,2017-07,Fully Paid,1,0,debt_consolidation,WI,4.920000076293945,1,<10,$30k-60k,8.334017796030116,Low Risk,730.0,734.0,0,1,6,0,4953.0,25.399999618530273,10,4737.73291015625,4500.0,237.72999572753906,0.0,Individual,0,0
137524681,7500.0,7500.0,36.0,12.729999542236328,251.74000549316406,B,B5,10.0,MORTGAGE,100000.0,100000.0,Not Verified,2018-07-01,2018,7,2018-07,Current,0,0,car,IL,6.349999904632568,1,<10,$90k-120k,13.409993155373032,Low Risk,695.0,699.0,0,0,8,0,6149.0,27.600000381469727,11,2003.31005859375,1429.6600341796875,573.6500244140625,0.0,Individual,1,0
64210573,9575.0,9575.0,36.0,14.329999923706055,328.7900085449219,C,C5,10.0,RENT,35000.0,35000.0,Source Verified,2015-11-01,2015,11,2015-11,Fully Paid,1,0,other,NC,7.059999942779541,1,<10,$30k-60k,18.746064339493497,Medium Risk,675.0,679.0,0,1,4,1,238.0,6.0,28,11530.29296875,9575.0,1955.2900390625,0.0,Individual,6,1
6720066,11000.0,11000.0,36.0,8.899999618530273,349.2900085449219,A,A5,3.0,MORTGAGE,85000.0,85000.0,Not Verified,2013-08-01,2013,8,2013-08,Fully Paid,1,0,other,MD,12.579999923706055,1,10-20,$60k-90k,19.581108829568787,Low Risk,820.0,824.0,0,0,6,0,3878.0,14.300000190734863,17,12574.25,11000.0,1574.25,0.0,Individual,3,0
144872725,8000.0,8000.0,36.0,13.5600004196167,271.7200012207031,C,C1,10.0,OWN,81200.0,81200.0,Verified,2018-12-01,2018,12,2018-12,Current,0,0,debt_consolidation,OR,15.890000343322754,1,10-20,$60k-90k,9.333333333333334,Medium Risk,665.0,669.0,0,3,14,1,9421.0,23.799999237060547,28,809.1300048828125,550.1300048828125,259.0,0.0,Individual,0,1
132654112,21000.0,21000.0,60.0,17.469999313354492,527.22998046875,D,D1,10.0,OWN,72000.0,72000.0,Source Verified,2018-05-01,2018,5,2018-05,Current,0,0,home_improvement,PA,10.470000267028809,1,10-20,$60k-90k,36.832306639288156,Medium Risk,665.0,669.0,2,0,2,0,182.0,14.0,11,5251.919921875,2365.93994140625,2885.97998046875,0.0,Individual,1,0
10747128,22250.0,22250.0,60.0,21.479999542236328,607.969970703125,E,E2,10.0,RENT,72000.0,72000.0,Verified,2014-01-01,2014,1,2014-01,Charged Off,1,1,debt_consolidation,CA,15.829999923706055,1,10-20,$60k-90k,10.505133470225873,High Risk,695.0,699.0,0,0,12,0,45480.0,71.69999694824219,23,9564.330078125,2524.43994140625,4162.81005859375,2877.080078125,Individual,2,0
136063331,17000.0,17000.0,60.0,10.069999694824219,361.7900085449219,B,B2,0.0,MORTGAGE,243750.0,243750.0,Source Verified,2018-07-01,2018,7,2018-07,Current,0,0,credit_card,TX,11.510000228881836,1,10-20,$120k+,4.4106776180698155,Low Risk,715.0,719.0,0,3,25,0,26817.0,34.5,28,2922.860107421875,1805.4200439453125,1117.43994140625,0.0,Individual,1,0
78499898,40000.0,40000.0,36.0,19.989999771118164,1486.3399658203125,D,D5,10.0,RENT,95000.0,95000.0,Source Verified,2016-05-01,2016,5,2016-05,Charged Off,1,1,debt_consolidation,CA,25.149999618530273,1,20-30,$90k-120k,20.6652977412731,Medium Risk,715.0,719.0,2,0,21,1,9185.0,25.700000762939453,38,27007.4609375,17024.880859375,9982.580078125,0.0,Individual,0,0
120659409,3000.0,3000.0,36.0,12.619999885559082,100.54000091552734,C,C1,0.0,RENT,28000.0,28000.0,Source Verified,2017-10-01,2017,10,2017-10,Current,0,0,major_purchase,IN,2.0999999046325684,1,<10,<$30k,7.082819986310746,Medium Risk,775.0,779.0,0,0,16,0,1619.0,24.200000762939453,19,1713.9300537109375,1275.760009765625,438.1700134277344,0.0,Individual,0,0
106156070,16000.0,16000.0,60.0,19.989999771118164,423.82000732421875,D,D4,7.0,OWN,45000.0,45000.0,Source Verified,2017-05-01,2017,5,2017-05,Current,0,0,debt_consolidation,NC,12.050000190734863,1,10-20,$30k-60k,32.0,Medium Risk,690.0,694.0,0,1,4,0,15893.0,90.0,6,9288.5,4138.43017578125,5150.06982421875,0.0,Individual,1,0
1369933,18000.0,18000.0,36.0,12.119999885559082,598.8900146484375,B,B3,10.0,RENT,61000.0,61000.0,Not Verified,2012-07-01,2012,7,2012-07,Fully Paid,1,0,credit_card,GA,18.350000381469727,1,10-20,$60k-90k,17.412731006160165,Low Risk,705.0,709.0,0,0,7,0,19286.0,65.19999694824219,19,21560.029296875,18000.0,3560.030029296875,0.0,Individual,0,0
83144504,10000.0,10000.0,36.0,13.489999771118164,339.30999755859375,C,C2,10.0,MORTGAGE,55000.0,55000.0,Verified,2016-06-01,2016,6,2016-06,Current,0,0,debt_consolidation,IL,23.940000534057617,1,20-30,$30k-60k,28.084873374401095,Medium Risk,670.0,674.0,0,1,27,1,21370.0,58.400001525878906,33,11218.8603515625,9003.080078125,2215.780029296875,0.0,Individual,1,0
5195184,20100.0,20100.0,36.0,14.329999923706055,690.2000122070312,C,C1,5.0,MORTGAGE,45000.0,45000.0,Verified,2013-05-01,2013,5,2013-05,Fully Paid,1,0,debt_consolidation,AR,19.229999542236328,1,10-20,$30k-60k,16.999315537303218,Medium Risk,720.0,724.0,0,4,13,0,9476.0,54.79999923706055,29,22947.033203125,20100.0,2847.030029296875,0.0,Individual,1,0
130116089,7000.0,7000.0,36.0,15.039999961853027,242.8000030517578,C,C4,4.0,RENT,25000.0,25000.0,Source Verified,2018-03-01,2018,3,2018-03,Current,0,0,debt_consolidation,FL,17.530000686645508,1,10-20,<$30k,3.4140999315537304,Medium Risk,700.0,704.0,1,1,7,0,4201.0,33.900001525878906,9,2907.75,1994.5799560546875,913.1699829101562,0.0,Individual,0,0
69647011,12000.0,12000.0,60.0,13.989999771118164,279.1600036621094,C,C4,1.0,MORTGAGE,83000.0,83000.0,Verified,2016-01-01,2016,1,2016-01,Fully Paid,1,0,debt_consolidation,FL,19.68000030517578,1,10-20,$60k-90k,16.418891170431213,Medium Risk,675.0,679.0,0,2,12,0,5033.0,14.399999618530273,48,15734.36328125,12000.0,3734.360107421875,0.0,Individual,2,0
143447308,16000.0,16000.0,36.0,13.5600004196167,543.4299926757812,C,C1,8.0,RENT,85000.0,85000.0,Verified,2018-11-01,2018,11,2018-11,Current,0,0,debt_consolidation,AZ,22.31999969482422,1,20-30,$60k-90k,8.41889117043121,Medium Risk,675.0,679.0,0,0,9,1,9908.0,52.70000076293945,40,2252.070068359375,1475.2900390625,776.780029296875,0.0,Individual,0,1
139482590,22000.0,22000.0,36.0,7.210000038146973,681.4199829101562,A,A3,10.0,MORTGAGE,57000.0,57000.0,Source Verified,2018-09-01,2018,9,2018-09,Current,0,0,credit_card,PA,29.639999389648438,1,20-30,$30k-60k,15.085557837097879,Low Risk,720.0,724.0,0,0,12,0,15357.0,47.5,35,4070.89990234375,3345.320068359375,725.5800170898438,0.0,Individual,2,0
28572833,10550.0,10550.0,36.0,14.489999771118164,363.0899963378906,C,C4,2.0,MORTGAGE,32000.0,32000.0,Source Verified,2014-10-01,2014,10,2014-10,Fully Paid,1,0,home_improvement,IL,35.599998474121094,1,30-40,$30k-60k,10.74880219028063,Medium Risk,690.0,694.0,0,0,9,0,10831.0,52.599998474121094,14,13071.2333984375,10550.0,2521.22998046875,0.0,Individual,1,0
85056681,10000.0,10000.0,36.0,13.489999771118164,339.30999755859375,C,C2,2.0,RENT,76000.0,76000.0,Verified,2016-07-01,2016,7,2016-07,Fully Paid,1,0,debt_consolidation,TX,18.059999465942383,1,10-20,$60k-90k,16.0,Medium Risk,660.0,664.0,0,2,4,0,9091.0,65.9000015258789,21,10866.3046875,10000.0,866.2999877929688,0.0,Individual,0,0
9036882,5000.0,5000.0,60.0,21.700000762939453,137.25,E,E2,10.0,MORTGAGE,110000.0,110000.0,Source Verified,2013-11-01,2013,11,2013-11,Fully Paid,1,0,other,CA,15.510000228881836,1,10-20,$90k-120k,13.166324435318275,High Risk,660.0,664.0,2,0,8,0,14170.0,98.4000015258789,22,7379.15185546875,5000.0,2379.14990234375,0.0,Individual,5,0
69017806,10000.0,10000.0,36.0,9.170000076293945,318.7900085449219,B,B2,1.0,RENT,53000.0,53000.0,Not Verified,2016-01-01,2016,1,2016-01,Fully Paid,1,0,debt_consolidation,IL,28.989999771118164,1,20-30,$30k-60k,16.084873374401095,Low Risk,690.0,694.0,2,0,8,0,6581.0,98.19999694824219,16,10977.154296875,10000.0,977.1500244140625,0.0,Individual,0,0
96730640,9375.0,9375.0,36.0,16.989999771118164,334.20001220703125,D,D1,10.0,RENT,52000.0,52000.0,Not Verified,2017-01-01,2017,1,2017-01,Current,0,0,debt_consolidation,WI,33.209999084472656,1,30-40,$30k-60k,31.085557837097877,Medium Risk,730.0,734.0,0,0,17,0,17235.0,19.299999237060547,25,8680.349609375,6279.25,2401.10009765625,0.0,Individual,0,0
6645571,16000.0,16000.0,36.0,15.880000114440918,561.5700073242188,C,C4,5.0,RENT,79000.0,79000.0,Verified,2013-08-01,2013,8,2013-08,Fully Paid,1,0,debt_consolidation,LA,28.25,1,20-30,$60k-90k,11.3347022587269,Medium Risk,685.0,689.0,0,0,11,0,28572.0,90.4000015258789,19,20240.98046875,16000.0,4240.97998046875,0.0,Individual,0,0
70740909,14000.0,14000.0,36.0,11.470000267028809,461.4700012207031,B,B5,4.0,RENT,36000.0,36000.0,Verified,2016-02-01,2016,2,2016-02,Charged Off,1,1,credit_card,VA,33.470001220703125,1,30-40,$30k-60k,17.169062286105408,Low Risk,680.0,684.0,0,1,10,1,8103.0,39.70000076293945,16,11282.7197265625,8788.0703125,2471.580078125,0.0,Individual,1,1
1218928,2500.0,2500.0,36.0,6.03000020980835,76.08999633789062,A,A1,2.0,MORTGAGE,78000.0,78000.0,Not Verified,2012-05-01,2012,5,2012-05,Fully Paid,1,0,other,VA,14.729999542236328,1,10-20,$60k-90k,20.83504449007529,Low Risk,775.0,779.0,0,0,10,0,5796.0,12.699999809265137,22,2591.94677734375,2500.0,91.94999694824219,0.0,Individual,4,0
141247962,15000.0,15000.0,36.0,7.210000038146973,464.6000061035156,A,A3,4.0,RENT,85000.0,85000.0,Not Verified,2018-10-01,2018,10,2018-10,Current,0,0,major_purchase,FL,8.8100004196167,1,<10,$60k-90k,25.251197809719372,Low Risk,730.0,734.0,0,0,9,0,4674.0,11.699999809265137,22,2316.989990234375,1895.010009765625,421.9800109863281,0.0,Individual,1,0
139620045,12000.0,12000.0,60.0,11.550000190734863,264.2200012207031,B,B4,3.0,OWN,40000.0,40000.0,Source Verified,2018-09-01,2018,9,2018-09,Current,0,0,credit_card,FL,11.699999809265137,1,10-20,$30k-60k,11.75085557837098,Low Risk,660.0,664.0,0,0,9,1,10897.0,34.29999923706055,11,1577.6199951171875,914.0700073242188,663.5499877929688,0.0,Individual,0,1
74985027,8525.0,8525.0,36.0,8.390000343322754,268.67999267578125,B,B1,,RENT,33345.0,33345.0,Source Verified,2016-03-01,2016,3,2016-03,Current,0,0,credit_card,IN,22.59000015258789,1,20-30,$30k-60k,27.247091033538673,Low Risk,670.0,674.0,1,0,12,0,17603.0,75.19999694824219,28,9397.490234375,8258.240234375,1139.25,0.0,Individual,1,0
139052417,12000.0,12000.0,60.0,20.889999389648438,323.8999938964844,D,D4,3.0,MORTGAGE,120000.0,120000.0,Not Verified,2018-09-01,2018,9,2018-09,Current,0,0,debt_consolidation,NY,23.610000610351562,1,20-30,$120k+,36.16974674880219,Medium Risk,670.0,674.0,2,0,15,0,48386.0,64.30000305175781,19,1929.469970703125,720.739990234375,1208.72998046875,0.0,Individual,2,0
79503153,7000.0,7000.0,36.0,11.470000267028809,230.74000549316406,B,B5,10.0,RENT,71660.0,71660.0,Source Verified,2016-06-01,2016,6,2016-06,Fully Paid,1,0,other,FL,3.2300000190734863,1,<10,$60k-90k,16.0,Low Risk,680.0,684.0,0,0,5,0,4811.0,89.0999984741211,13,8234.73828125,7000.0,1234.739990234375,0.0,Individual,0,0
117555940,20000.0,20000.0,36.0,7.349999904632568,620.75,A,A4,10.0,OWN,100000.0,100000.0,Not Verified,2017-08-01,2017,8,2017-08,Fully Paid,1,0,debt_consolidation,AZ,13.720000267028809,1,10-20,$90k-120k,14.581793292265571,Low Risk,715.0,719.0,1,1,13,0,15853.0,33.900001525878906,23,21631.48046875,20000.0,1631.47998046875,0.0,Individual,2,0
33621783,16425.0,16425.0,60.0,25.829999923706055,490.1300048828125,G,G2,2.0,MORTGAGE,72000.0,72000.0,Verified,2014-11-01,2014,11,2014-11,Fully Paid,1,0,small_business,NJ,12.579999923706055,1,10-20,$60k-90k,12.167008898015059,High Risk,660.0,664.0,1,1,10,1,7390.0,60.099998474121094,24,25311.748046875,16425.0,8886.75,0.0,Individual,2,0
135913040,4000.0,4000.0,36.0,6.829999923706055,123.19999694824219,A,A3,1.0,MORTGAGE,70000.0,70000.0,Not Verified,2018-06-01,2018,6,2018-06,Current,0,0,car,NY,17.520000457763672,1,10-20,$60k-90k,16.084873374401095,Low Risk,750.0,754.0,0,0,10,0,16165.0,35.900001525878906,17,1105.760009765625,924.75,181.00999450683594,0.0,Individual,2,0
96494048,16000.0,16000.0,60.0,26.239999771118164,481.3299865722656,E,E5,10.0,OWN,57128.0,57128.0,Verified,2017-01-01,2017,1,2017-01,Current,0,0,debt_consolidation,MI,18.549999237060547,1,10-20,$30k-60k,21.754962354551676,High Risk,690.0,694.0,0,1,6,1,7002.0,53.0,22,12588.33984375,4538.43994140625,8049.89990234375,0.0,Individual,0,1
66606665,18000.0,18000.0,60.0,8.380000114440918,368.260009765625,B,B1,3.0,RENT,56178.0,56178.0,Not Verified,2015-12-01,2015,12,2015-12,Fully Paid,1,0,debt_consolidation,MD,26.75,1,20-30,$30k-60k,13.333333333333334,Low Risk,780.0,784.0,0,0,18,0,21292.0,27.600000381469727,27,21262.72265625,18000.0,3262.719970703125,0.0,Individual,0,0
122301422,4800.0,4800.0,36.0,15.050000190734863,166.52000427246094,C,C4,0.0,RENT,30000.0,30000.0,Source Verified,2017-11-01,2017,11,2017-11,Fully Paid,1,0,debt_consolidation,MO,18.0,1,10-20,$30k-60k,6.338124572210814,Medium Risk,755.0,759.0,0,3,7,0,4877.0,15.5,8,4891.509765625,4800.0,91.51000213623047,0.0,Joint App,0,0
32078465,3000.0,3000.0,36.0,18.239999771118164,108.81999969482422,D,D5,10.0,MORTGAGE,40000.0,40000.0,Verified,2014-10-01,2014,10,2014-10,Fully Paid,1,0,other,GA,35.61000061035156,1,30-40,$30k-60k,12.0,Medium Risk,660.0,664.0,1,1,13,1,3396.0,29.299999237060547,41,3660.25,3000.0,660.25,0.0,Individual,0,1
80750857,20000.0,20000.0,36.0,22.350000381469727,767.4400024414062,E,E2,10.0,RENT,62872.0,62872.0,Verified,2016-05-01,2016,5,2016-05,Charged Off,1,1,moving,GA,32.2599983215332,1,30-40,$60k-90k,16.16700889801506,High Risk,705.0,709.0,0,1,11,0,21941.0,64.5,20,13021.650390625,7813.89990234375,5207.75,0.0,Individual,0,0
93653547,22500.0,22500.0,36.0,21.489999771118164,853.3699951171875,D,D5,0.0,MORTGAGE,45000.0,45000.0,Source Verified,2016-12-01,2016,12,2016-12,Fully Paid,1,0,debt_consolidation,CO,30.719999313354492,1,30-40,$30k-60k,15.419575633127995,Medium Risk,715.0,719.0,0,0,8,0,12695.0,92.0,12,27145.537109375,22500.0,4645.5400390625,0.0,Individual,1,0
139437908,24000.0,24000.0,36.0,16.90999984741211,854.5999755859375,C,C5,10.0,RENT,87000.0,87000.0,Source Verified,2018-09-01,2018,9,2018-09,Current,0,0,debt_consolidation,CA,18.770000457763672,1,10-20,$60k-90k,29.831622176591377,Medium Risk,680.0,684.0,0,0,8,0,21402.0,67.69999694824219,11,5105.0498046875,3209.6298828125,1895.4200439453125,0.0,Individual,0,0
141074969,20000.0,20000.0,36.0,11.550000190734863,660.0,B,B4,0.0,RENT,40000.0,40000.0,Not Verified,2018-10-01,2018,10,2018-10,Current,0,0,credit_card,MI,9.149999618530273,1,<10,$30k-60k,13.25119780971937,Low Risk,710.0,714.0,0,1,9,0,9453.0,44.400001525878906,10,3370.64990234375,2382.93994140625,987.7100219726562,0.0,Individual,0,0
122313451,19200.0,19200.0,36.0,5.320000171661377,578.2100219726562,A,A1,10.0,MORTGAGE,175000.0,175000.0,Not Verified,2017-11-01,2017,11,2017-11,Current,0,0,debt_consolidation,MI,9.029999732971191,1,<10,$120k+,27.50444900752909,Low Risk,750.0,754.0,0,0,15,0,42463.0,31.299999237060547,25,9228.669921875,8157.27001953125,1071.4000244140625,0.0,Individual,4,0
39399919,14400.0,14400.0,36.0,14.3100004196167,494.3299865722656,C,C4,0.0,RENT,35000.0,35000.0,Source Verified,2015-01-01,2015,1,2015-01,Fully Paid,1,0,debt_consolidation,NY,15.84000015258789,1,10-20,$30k-60k,5.418206707734429,Medium Risk,680.0,684.0,0,0,9,0,13559.0,57.0,19,17721.158203125,14400.0,3321.159912109375,0.0,Individual,0,0
109821272,13125.0,13125.0,36.0,19.030000686645508,481.30999755859375,D,D3,10.0,MORTGAGE,89000.0,89000.0,Verified,2017-06-01,2017,6,2017-06,Fully Paid,1,0,debt_consolidation,CA,12.609999656677246,1,10-20,$60k-90k,13.66735112936345,Medium Risk,665.0,669.0,0,1,6,0,5871.0,57.0,12,14174.4462890625,13125.0,1049.449951171875,0.0,Individual,1,0
145529471,15000.0,15000.0,36.0,8.1899995803833,471.3699951171875,A,A4,4.0,OWN,49992.0,49992.0,Source Verified,2018-12-01,2018,12,2018-12,Current,0,0,debt_consolidation,MN,15.720000267028809,1,10-20,$30k-60k,12.999315537303216,Low Risk,725.0,729.0,0,0,7,0,3047.0,28.200000762939453,20,932.5,738.239990234375,194.25999450683594,0.0,Individual,2,0
144413872,14500.0,14500.0,36.0,6.460000038146973,444.1499938964844,A,A1,10.0,MORTGAGE,106000.0,106000.0,Source Verified,2018-12-01,2018,12,2018-12,Current,0,0,credit_card,OH,28.860000610351562,1,20-30,$90k-120k,16.58590006844627,Low Risk,690.0,694.0,0,0,11,0,22296.0,86.0999984741211,22,1327.25,1104.199951171875,223.0500030517578,0.0,Individual,0,0
84142265,6000.0,6000.0,36.0,7.590000152587891,186.88999938964844,A,A3,,RENT,63000.0,63000.0,Verified,2016-07-01,2016,7,2016-07,Fully Paid,1,0,other,IN,17.579999923706055,1,10-20,$60k-90k,16.6652977412731,Low Risk,720.0,724.0,0,0,7,1,7789.0,56.900001525878906,23,6690.6875,6000.0,690.6900024414062,0.0,Individual,3,0
68746145,35000.0,35000.0,36.0,17.969999313354492,1264.81005859375,D,D4,0.0,RENT,120000.0,120000.0,Verified,2016-01-01,2016,1,2016-01,Fully Paid,1,0,debt_consolidation,CA,18.31999969482422,1,10-20,$120k+,19.249828884325805,Medium Risk,695.0,699.0,0,3,10,0,30875.0,38.900001525878906,23,35920.05078125,35000.0,920.0499877929688,0.0,Individual,0,0
94140155,6800.0,6800.0,36.0,7.239999771118164,210.72000122070312,A,A3,2.0,OWN,135000.0,135000.0,Source Verified,2016-12-01,2016,12,2016-12,Charged Off,1,1,debt_consolidation,NJ,4.130000114440918,1,<10,$120k+,18.830937713894592,Low Risk,725.0,729.0,1,2,10,1,7647.0,19.600000381469727,39,0.0,0.0,0.0,0.0,Individual,1,0
127475950,20000.0,20000.0,36.0,15.050000190734863,693.7999877929688,C,C4,10.0,RENT,78000.0,78000.0,Source Verified,2018-01-01,2018,1,2018-01,Charged Off,1,1,small_business,CA,14.800000190734863,1,10-20,$60k-90k,12.084873374401095,Medium Risk,660.0,664.0,0,0,6,0,15987.0,92.4000015258789,11,2064.679931640625,1345.6400146484375,719.0399780273438,0.0,Individual,0,0
142160746,3200.0,3200.0,36.0,20.889999389648438,120.37999725341797,D,D4,8.0,OWN,40000.0,40000.0,Source Verified,2018-10-01,2018,10,2018-10,Late (31-120 days),0,0,vacation,TX,3.7200000286102295,1,<10,$30k-60k,9.831622176591376,Medium Risk,680.0,684.0,0,1,6,0,5244.0,19.399999618530273,8,233.3300018310547,130.32000732421875,103.01000213623047,0.0,Individual,0,0
141783977,31000.0,31000.0,60.0,12.729999542236328,701.0700073242188,B,B5,3.0,RENT,103423.0,103423.0,Source Verified,2018-10-01,2018,10,2018-10,Current,0,0,debt_consolidation,DC,24.469999313354492,1,20-30,$90k-120k,12.167008898015059,Low Risk,675.0,679.0,0,0,7,0,22241.0,48.79999923706055,41,3549.199951171875,1900.969970703125,1648.22998046875,0.0,Individual,0,0
144170247,35000.0,35000.0,60.0,16.139999389648438,853.739990234375,C,C4,10.0,MORTGAGE,177257.0,177257.0,Source Verified,2018-11-01,2018,11,2018-11,Current,0,0,debt_consolidation,NY,16.020000457763672,1,10-20,$120k+,17.67008898015058,Medium Risk,665.0,669.0,1,0,17,0,37853.0,65.69999694824219,31,3383.580078125,1563.1500244140625,1820.4300537109375,0.0,Individual,3,0
90310102,15050.0,15050.0,36.0,6.989999771118164,464.6400146484375,A,A2,10.0,MORTGAGE,67000.0,67000.0,Not Verified,2016-10-01,2016,10,2016-10,Fully Paid,1,0,credit_card,NJ,18.65999984741211,1,10-20,$60k-90k,19.16769336071184,Low Risk,710.0,714.0,1,0,17,0,16470.0,29.299999237060547,40,16397.71875,15050.0,1347.719970703125,0.0,Individual,3,0
74585558,18000.0,18000.0,36.0,7.389999866485596,559.010009765625,A,A4,10.0,RENT,50000.0,50000.0,Not Verified,2016-03-01,2016,3,2016-03,Fully Paid,1,0,medical,IL,10.0600004196167,1,10-20,$30k-60k,21.415468856947296,Low Risk,680.0,684.0,0,0,8,0,13012.0,30.799999237060547,20,20116.689453125,18000.0,2116.68994140625,0.0,Individual,1,0
71062936,22000.0,22000.0,36.0,13.670000076293945,748.3900146484375,C,C3,,MORTGAGE,70000.0,70000.0,Not Verified,2016-02-01,2016,2,2016-02,Fully Paid,1,0,debt_consolidation,NV,16.889999389648438,1,10-20,$60k-90k,31.416837782340863,Medium Risk,725.0,729.0,1,0,13,0,18498.0,57.79999923706055,25,24347.291015625,22000.0,2347.2900390625,0.0,Individual,2,0
119324850,18000.0,18000.0,36.0,13.59000015258789,611.6199951171875,C,C2,2.0,RENT,90000.0,90000.0,Source Verified,2017-09-01,2017,9,2017-09,Current,0,0,debt_consolidation,CA,30.729999542236328,1,30-40,$90k-120k,13.66735112936345,Medium Risk,660.0,664.0,0,0,12,0,15125.0,87.4000015258789,21,10981.98046875,8090.9599609375,2891.02001953125,0.0,Individual,0,0
121833915,8400.0,8400.0,36.0,7.96999979019165,263.1099853515625,A,A5,0.0,RENT,40000.0,40000.0,Verified,2017-11-01,2017,11,2017-11,Current,0,0,debt_consolidation,PA,7.53000020980835,1,<10,$30k-60k,10.001368925393566,Low Risk,745.0,749.0,0,0,4,0,3807.0,29.299999237060547,9,4206.0400390625,3487.590087890625,718.4500122070312,0.0,Joint App,0,0
89643368,29350.0,29350.0,60.0,17.989999771118164,745.1400146484375,D,D2,8.0,RENT,63856.4609375,63856.4609375,Source Verified,2016-09-01,2016,9,2016-09,Current,0,0,debt_consolidation,OH,16.479999542236328,1,10-20,$60k-90k,10.08624229979466,Medium Risk,695.0,699.0,0,1,5,0,8461.0,86.30000305175781,13,22266.19921875,11452.1796875,10814.01953125,0.0,Individual,0,0
31708045,8125.0,8125.0,36.0,14.989999771118164,281.6199951171875,C,C5,3.0,MORTGAGE,25500.0,25500.0,Source Verified,2014-10-01,2014,10,2014-10,Fully Paid,1,0,home_improvement,MA,8.420000076293945,1,<10,<$30k,25.251197809719372,Medium Risk,680.0,684.0,1,0,5,0,3091.0,68.69999694824219,23,10131.3701171875,8125.0,2006.3699951171875,0.0,Individual,2,0
93546670,16000.0,16000.0,36.0,7.989999771118164,501.30999755859375,A,A5,9.0,MORTGAGE,81000.0,81000.0,Verified,2016-11-01,2016,11,2016-11,Current,0,0,home_improvement,PA,21.350000381469727,1,20-30,$60k-90k,12.084873374401095,Low Risk,740.0,744.0,0,1,14,0,10322.0,28.899999618530273,33,14026.0302734375,12107.1396484375,1918.8900146484375,0.0,Individual,3,0
33461631,10475.0,10475.0,36.0,17.860000610351562,377.9700012207031,D,D5,,RENT,21000.0,21000.0,Verified,2014-11-01,2014,11,2014-11,Charged Off,1,1,debt_consolidation,SC,27.399999618530273,1,20-30,<$30k,22.16563997262149,Medium Risk,675.0,679.0,0,0,7,0,5333.0,64.30000305175781,19,5394.31005859375,3056.239990234375,2313.070068359375,25.0,Individual,0,0
60465240,16800.0,16800.0,36.0,6.889999866485596,517.9000244140625,A,A3,,MORTGAGE,65000.0,65000.0,Source Verified,2015-09-01,2015,9,2015-09,Fully Paid,1,0,debt_consolidation,CA,8.800000190734863,1,<10,$60k-90k,20.503764544832308,Low Risk,685.0,689.0,2,0,11,0,12597.0,21.200000762939453,26,18639.076171875,16800.0,1839.0799560546875,0.0,Individual,3,0
112209661,10000.0,10000.0,36.0,7.210000038146973,309.739990234375,A,A3,5.0,MORTGAGE,48000.0,48000.0,Source Verified,2017-06-01,2017,6,2017-06,Current,0,0,debt_consolidation,WI,12.229999542236328,1,10-20,$30k-60k,14.74880219028063,Low Risk,720.0,724.0,0,0,6,3,9215.0,39.20000076293945,14,6184.7900390625,5288.68017578125,896.1099853515625,0.0,Individual,0,3
126453753,25000.0,25000.0,60.0,14.079999923706055,582.75,C,C3,10.0,RENT,95000.0,95000.0,Not Verified,2018-01-01,2018,1,2018-01,Current,0,0,debt_consolidation,NC,29.219999313354492,1,20-30,$90k-120k,25.585215605749486,Medium Risk,725.0,729.0,0,0,15,0,56358.0,45.400001525878906,29,8119.39013671875,4375.83984375,3743.550048828125,0.0,Individual,2,0
5166226,35000.0,35000.0,36.0,13.109999656677246,1181.1500244140625,B,B4,8.0,OWN,105000.0,105000.0,Verified,2013-05-01,2013,5,2013-05,Fully Paid,1,0,home_improvement,CA,7.130000114440918,1,<10,$90k-120k,13.166324435318275,Low Risk,780.0,784.0,0,0,6,0,8046.0,18.899999618530273,8,42521.1171875,35000.0,7521.1201171875,0.0,Individual,0,0
61802225,15000.0,15000.0,60.0,16.549999237060547,369.1700134277344,D,D2,2.0,MORTGAGE,56700.0,56700.0,Source Verified,2015-10-01,2015,10,2015-10,Current,0,0,debt_consolidation,SC,22.1200008392334,1,20-30,$30k-60k,8.501026694045175,Medium Risk,665.0,669.0,1,2,11,0,5935.0,45.70000076293945,29,15126.8896484375,8854.7998046875,6272.08984375,0.0,Individual,0,0
1560933,20000.0,20000.0,36.0,15.800000190734863,701.1699829101562,C,C3,1.0,RENT,67500.0,67500.0,Verified,2012-10-01,2012,10,2012-10,Fully Paid,1,0,moving,FL,10.609999656677246,1,10-20,$60k-90k,9.336071184120465,Medium Risk,690.0,694.0,0,1,13,0,19436.0,56.20000076293945,18,24337.08984375,20000.0,4337.08984375,0.0,Individual,0,0
2646288,8000.0,8000.0,36.0,13.109999656677246,269.9800109863281,B,B4,10.0,RENT,45000.0,45000.0,Verified,2013-01-01,2013,1,2013-01,Fully Paid,1,0,debt_consolidation,CA,19.950000762939453,1,10-20,$30k-60k,16.58590006844627,Low Risk,690.0,694.0,0,0,14,0,4575.0,39.099998474121094,49,9249.4794921875,8000.0,1249.47998046875,0.0,Individual,3,0
10112292,17450.0,17450.0,36.0,14.979999542236328,604.739990234375,C,C3,10.0,MORTGAGE,136900.0,136900.0,Source Verified,2014-01-01,2014,1,2014-01,Fully Paid,1,0,debt_consolidation,WA,1.840000033378601,1,<10,$120k+,11.252566735112936,Medium Risk,680.0,684.0,0,0,14,0,9168.0,27.299999237060547,20,18088.953125,17450.0,638.9500122070312,0.0,Individual,1,0
52526377,14400.0,14400.0,36.0,12.289999961853027,480.2900085449219,C,C1,4.0,MORTGAGE,115000.0,115000.0,Source Verified,2015-06-01,2015,6,2015-06,Fully Paid,1,0,debt_consolidation,TX,4.78000020980835,1,<10,$90k-120k,9.49760438056126,Medium Risk,675.0,679.0,0,0,9,0,5737.0,46.599998474121094,19,16771.685546875,14400.0,2347.679931640625,0.0,Individual,1,0
116270254,8000.0,8000.0,36.0,10.420000076293945,259.7200012207031,B,B3,6.0,RENT,55000.0,55000.0,Not Verified,2017-08-01,2017,8,2017-08,Current,0,0,debt_consolidation,MI,22.209999084472656,1,20-30,$30k-60k,27.581108829568787,Low Risk,685.0,689.0,3,0,20,0,8645.0,30.399999618530273,33,4930.0498046875,3911.7099609375,1018.3400268554688,0.0,Individual,3,0
131530692,12000.0,12000.0,36.0,10.899999618530273,392.29998779296875,B,B4,0.0,MORTGAGE,67000.0,67000.0,Verified,2018-04-01,2018,4,2018-04,Current,0,0,credit_card,OH,9.239999771118164,1,<10,$60k-90k,17.66461327857632,Low Risk,685.0,689.0,0,1,19,0,17098.0,49.29999923706055,27,4318.419921875,3261.77001953125,1056.6500244140625,0.0,Individual,3,0
129938214,18000.0,18000.0,60.0,9.430000305175781,377.4200134277344,B,B1,10.0,RENT,46000.0,46000.0,Source Verified,2018-03-01,2018,3,2018-03,Current,0,0,car,NY,5.789999961853027,1,<10,$30k-60k,3.3292265571526354,Low Risk,745.0,749.0,0,0,8,0,4851.0,12.0,11,6342.580078125,4890.1201171875,1452.4599609375,0.0,Individual,0,0
59551599,22400.0,22400.0,60.0,15.609999656677246,540.0999755859375,D,D1,10.0,MORTGAGE,80000.0,80000.0,Source Verified,2015-09-01,2015,9,2015-09,Fully Paid,1,0,credit_card,CA,23.8700008392334,1,20-30,$60k-90k,22.748802190280628,Medium Risk,710.0,714.0,0,3,17,0,11272.0,30.100000381469727,35,30417.53125,22400.0,8017.52978515625,0.0,Individual,3,0
67859271,22000.0,22000.0,60.0,20.989999771118164,595.0599975585938,E,E5,,MORTGAGE,70000.0,70000.0,Source Verified,2015-12-01,2015,12,2015-12,Current,0,0,credit_card,MI,15.100000381469727,1,10-20,$60k-90k,11.83025325119781,High Risk,665.0,669.0,0,2,17,1,15348.0,43.0,32,22595.1796875,11211.16015625,11384.01953125,0.0,Individual,2,0
127741475,40000.0,40000.0,36.0,11.989999771118164,1328.3900146484375,B,B5,5.0,OWN,89000.0,89000.0,Source Verified,2018-02-01,2018,2,2018-02,Current,0,0,debt_consolidation,TN,30.06999969482422,1,30-40,$60k-90k,22.171115674195757,Low Risk,740.0,744.0,0,0,8,0,48506.0,47.900001525878906,18,17242.4296875,12824.400390625,4418.02978515625,0.0,Individual,1,0
46807508,7500.0,7500.0,36.0,6.679999828338623,230.49000549316406,A,A3,10.0,MORTGAGE,61000.0,61000.0,Not Verified,2015-04-01,2015,4,2015-04,Fully Paid,1,0,home_improvement,NC,26.170000076293945,1,20-30,$60k-90k,18.748802190280628,Low Risk,730.0,734.0,0,0,5,0,20192.0,93.9000015258789,19,8294.5615234375,7500.0,794.5599975585938,0.0,Individual,0,0
125095546,12000.0,12000.0,60.0,22.90999984741211,337.6700134277344,E,E1,10.0,MORTGAGE,76500.0,76500.0,Source Verified,2017-12-01,2017,12,2017-12,Late (31-120 days),0,0,other,TX,25.43000030517578,1,20-30,$60k-90k,12.41889117043121,High Risk,715.0,719.0,0,5,17,0,23327.0,39.0,32,3683.820068359375,1315.06005859375,2368.760009765625,0.0,Individual,1,0
109992387,40000.0,40000.0,36.0,7.210000038146973,1238.9300537109375,A,A3,1.0,MORTGAGE,120000.0,120000.0,Verified,2017-06-01,2017,6,2017-06,Current,0,0,debt_consolidation,CA,10.890000343322754,1,10-20,$120k+,15.41409993155373,Low Risk,720.0,724.0,0,0,8,0,47767.0,80.80000305175781,17,26001.509765625,22279.779296875,3721.72998046875,0.0,Individual,2,0
61530012,30000.0,30000.0,36.0,9.170000076293945,956.3699951171875,B,B2,1.0,MORTGAGE,82000.0,82000.0,Source Verified,2015-10-01,2015,10,2015-10,Fully Paid,1,0,debt_consolidation,CA,10.989999771118164,1,10-20,$60k-90k,38.0807665982204,Low Risk,695.0,699.0,0,0,12,3,26896.0,61.79999923706055,21,33165.4140625,30000.0,3165.409912109375,0.0,Individual,2,0
40450121,10300.0,10300.0,36.0,19.239999771118164,378.80999755859375,E,E2,8.0,RENT,30414.0,30414.0,Source Verified,2015-01-01,2015,1,2015-01,Charged Off,1,1,debt_consolidation,NV,19.729999542236328,1,10-20,$30k-60k,11.419575633127995,High Risk,685.0,689.0,0,1,8,0,15321.0,101.5,14,1872.030029296875,1103.1400146484375,768.8900146484375,0.0,Individual,0,0
12686438,8400.0,8400.0,36.0,13.649999618530273,285.6700134277344,C,C1,6.0,RENT,20000.0,20000.0,Not Verified,2014-03-01,2014,3,2014-03,Fully Paid,1,0,credit_card,CA,21.010000228881836,1,20-30,<$30k,7.329226557152635,Medium Risk,670.0,674.0,0,0,8,0,5485.0,52.20000076293945,17,10283.3115234375,8400.0,1883.31005859375,0.0,Individual,0,0
95227410,28000.0,28000.0,60.0,13.489999771118164,644.1400146484375,C,C2,4.0,MORTGAGE,125000.0,125000.0,Source Verified,2016-12-01,2016,12,2016-12,Fully Paid,1,0,debt_consolidation,CO,11.210000038146973,1,10-20,$120k+,14.001368925393566,Medium Risk,670.0,674.0,0,3,5,1,3523.0,28.600000381469727,25,31414.908203125,28000.0,3414.909912109375,0.0,Individual,4,1
114172868,2400.0,2400.0,36.0,14.079999923706055,82.12000274658203,C,C3,,MORTGAGE,38000.0,38000.0,Verified,2017-08-01,2017,8,2017-08,Fully Paid,1,0,debt_consolidation,MD,12.979999542236328,1,10-20,$30k-60k,12.167008898015059,Medium Risk,725.0,729.0,0,0,5,0,9917.0,99.19999694824219,7,2718.4248046875,2400.0,318.4200134277344,0.0,Individual,2,0
44066569,5025.0,5025.0,36.0,16.549999237060547,178.0399932861328,D,D2,3.0,OWN,12000.0,12000.0,Source Verified,2015-04-01,2015,4,2015-04,Fully Paid,1,0,debt_consolidation,NY,35.599998474121094,1,30-40,<$30k,15.41409993155373,Medium Risk,685.0,689.0,0,0,6,1,3775.0,50.29999923706055,16,6404.43115234375,5025.0,1379.4300537109375,0.0,Individual,0,0
104152387,35000.0,35000.0,60.0,16.989999771118164,869.6599731445312,D,D1,8.0,MORTGAGE,96000.0,96000.0,Verified,2017-04-01,2017,4,2017-04,Fully Paid,1,0,debt_consolidation,OH,13.890000343322754,1,10-20,$90k-120k,27.498973305954827,Medium Risk,665.0,669.0,1,0,15,0,12168.0,32.599998474121094,34,39181.6484375,35000.0,4181.64990234375,0.0,Individual,4,0
60596976,29025.0,29025.0,60.0,9.989999771118164,616.5599975585938,B,B3,2.0,MORTGAGE,209100.0,209100.0,Verified,2015-09-01,2015,9,2015-09,Fully Paid,1,0,credit_card,SC,29.309999465942383,1,20-30,$120k+,17.503080082135522,Low Risk,705.0,709.0,0,0,19,0,63846.0,71.4000015258789,40,32772.5703125,29025.0,3747.570068359375,0.0,Individual,1,0
55938223,13025.0,13025.0,36.0,13.989999771118164,445.1099853515625,C,C4,,RENT,38600.0,38600.0,Not Verified,2015-07-01,2015,7,2015-07,Fully Paid,1,0,debt_consolidation,MO,24.90999984741211,1,20-30,$30k-60k,9.998631074606434,Medium Risk,700.0,704.0,0,1,20,0,11042.0,24.5,27,16013.412109375,13025.0,2988.409912109375,0.0,Individual,0,0
53804371,15000.0,15000.0,36.0,16.989999771118164,534.719970703125,D,D3,10.0,OWN,65000.0,65000.0,Not Verified,2015-07-01,2015,7,2015-07,Fully Paid,1,0,debt_consolidation,GA,20.959999084472656,1,20-30,$60k-90k,14.165639972621491,Medium Risk,670.0,674.0,0,1,10,0,13861.0,44.599998474121094,46,19235.5859375,15000.0,4235.58984375,0.0,Individual,0,0
79043433,28000.0,28000.0,60.0,13.670000076293945,646.739990234375,C,C3,8.0,MORTGAGE,142277.3125,142277.3125,Source Verified,2016-06-01,2016,6,2016-06,Charged Off,1,1,debt_consolidation,GA,12.3100004196167,1,10-20,$120k+,15.085557837097879,Medium Risk,680.0,684.0,0,0,14,4,16572.0,56.79999923706055,34,8673.98046875,2729.14990234375,2737.909912109375,3174.580078125,Individual,3,0
35663478,19500.0,19500.0,36.0,11.4399995803833,642.47998046875,B,B4,4.0,MORTGAGE,68000.0,68000.0,Source Verified,2014-11-01,2014,11,2014-11,Fully Paid,1,0,debt_consolidation,IL,22.270000457763672,1,20-30,$60k-90k,12.999315537303216,Low Risk,685.0,689.0,0,1,10,1,14835.0,55.20000076293945,20,22164.109375,19500.0,2664.110107421875,0.0,Individual,2,1
81427219,6400.0,6400.0,36.0,7.889999866485596,200.22999572753906,A,A5,10.0,MORTGAGE,55000.0,55000.0,Verified,2016-06-01,2016,6,2016-06,Current,0,0,credit_card,AZ,23.260000228881836,1,20-30,$30k-60k,12.084873374401095,Low Risk,705.0,709.0,0,1,7,0,11840.0,74.5,15,6601.97998046875,5807.2001953125,794.780029296875,0.0,Individual,1,0
91680241,35000.0,35000.0,36.0,13.989999771118164,1196.050048828125,C,C3,10.0,RENT,60000.0,60000.0,Not Verified,2016-10-01,2016,10,2016-10,Fully Paid,1,0,debt_consolidation,CA,25.040000915527344,1,20-30,$60k-90k,15.252566735112936,Medium Risk,710.0,714.0,0,1,16,0,44872.0,42.400001525878906,38,36314.828125,35000.0,1314.8299560546875,0.0,Joint App,0,0
28302644,10000.0,10000.0,36.0,14.489999771118164,344.1700134277344,C,C4,3.0,MORTGAGE,70000.0,70000.0,Verified,2014-10-01,2014,10,2014-10,Fully Paid,1,0,debt_consolidation,CO,17.780000686645508,1,10-20,$60k-90k,12.41889117043121,Medium Risk,670.0,674.0,0,3,7,0,15406.0,83.69999694824219,40,12248.4228515625,10000.0,2248.419921875,0.0,Individual,3,0
103358125,35000.0,35000.0,36.0,11.489999771118164,1154.0,B,B5,0.0,MORTGAGE,150000.0,150000.0,Source Verified,2017-04-01,2017,4,2017-04,Current,0,0,debt_consolidation,CA,10.739999771118164,1,10-20,$120k+,23.665982203969882,Low Risk,705.0,709.0,2,1,24,0,10894.0,18.200000762939453,50,26519.66015625,20957.390625,5562.27001953125,0.0,Individual,7,0
74582382,14000.0,14000.0,60.0,9.75,295.739990234375,B,B3,10.0,MORTGAGE,140000.0,140000.0,Source Verified,2016-03-01,2016,3,2016-03,Current,0,0,debt_consolidation,MA,17.649999618530273,1,10-20,$120k+,27.581108829568787,Low Risk,690.0,694.0,0,1,7,0,50815.0,91.69999694824219,22,11169.400390625,8142.68994140625,3026.7099609375,0.0,Individual,5,0
136923618,15000.0,15000.0,36.0,16.90999984741211,534.1199951171875,C,C5,2.0,RENT,48000.0,48000.0,Not Verified,2018-07-01,2018,7,2018-07,Current,0,0,credit_card,FL,23.6299991607666,1,20-30,$30k-60k,22.247775496235455,Medium Risk,680.0,684.0,0,0,6,0,4255.0,94.5999984741211,19,4258.8701171875,2712.9599609375,1545.9100341796875,0.0,Individual,0,0
19857693,14000.0,14000.0,60.0,13.350000381469727,321.05999755859375,C,C2,2.0,RENT,46000.0,46000.0,Source Verified,2014-07-01,2014,7,2014-07,Fully Paid,1,0,credit_card,CA,20.25,1,20-30,$30k-60k,19.83025325119781,Medium Risk,695.0,699.0,0,2,14,0,12676.0,31.200000762939453,33,17435.30078125,14000.0,3435.300048828125,0.0,Individual,2,0
65374432,12000.0,12000.0,60.0,13.670000076293945,277.17999267578125,C,C4,5.0,OWN,50000.0,50000.0,Source Verified,2015-12-01,2015,12,2015-12,Late (16-30 days),0,0,debt_consolidation,OH,22.299999237060547,1,20-30,$30k-60k,8.914442162902121,Medium Risk,710.0,714.0,0,0,7,0,5844.0,27.600000381469727,20,10523.73046875,6633.64013671875,3890.090087890625,0.0,Individual,1,0
120207701,20000.0,20000.0,60.0,11.989999771118164,444.7900085449219,B,B5,0.0,RENT,40000.0,40000.0,Source Verified,2017-10-01,2017,10,2017-10,Current,0,0,car,CA,24.75,1,20-30,$30k-60k,11.419575633127995,Low Risk,755.0,759.0,0,0,17,0,10449.0,36.0,32,7592.419921875,4514.35009765625,3078.070068359375,0.0,Joint App,0,0
1545178,10000.0,10000.0,36.0,10.15999984741211,323.42999267578125,B,B1,10.0,MORTGAGE,52000.0,52000.0,Not Verified,2012-09-01,2012,9,2012-09,Fully Paid,1,0,debt_consolidation,VT,12.949999809265137,1,10-20,$30k-60k,23.170431211498972,Low Risk,725.0,729.0,0,1,10,0,6489.0,45.099998474121094,20,11643.2109375,10000.0,1643.2099609375,0.0,Individual,2,0
142571121,26000.0,26000.0,60.0,6.670000076293945,510.79998779296875,A,A2,4.0,MORTGAGE,100000.0,100000.0,Verified,2018-10-01,2018,10,2018-10,Current,0,0,credit_card,CA,18.15999984741211,1,10-20,$90k-120k,21.418206707734427,Low Risk,715.0,719.0,0,0,12,0,26236.0,79.5,27,2033.5699462890625,1477.3900146484375,556.1799926757812,0.0,Individual,0,0
15520087,15000.0,15000.0,36.0,15.3100004196167,522.260009765625,C,C4,10.0,RENT,100000.0,100000.0,Source Verified,2014-05-01,2014,5,2014-05,Charged Off,1,1,debt_consolidation,TX,3.0,1,<10,$90k-120k,17.32785763175907,Medium Risk,675.0,679.0,0,0,3,0,8249.0,95.9000015258789,5,9591.3896484375,6237.490234375,2640.929931640625,712.969970703125,Individual,0,0
121315707,20000.0,20000.0,36.0,7.070000171661377,618.1900024414062,A,A2,10.0,OWN,90000.0,90000.0,Not Verified,2017-10-01,2017,10,2017-10,Fully Paid,1,0,home_improvement,CT,4.369999885559082,1,<10,$90k-120k,6.833675564681725,Low Risk,785.0,789.0,0,2,5,0,2619.0,5.599999904632568,12,21267.357421875,20000.0,1267.3599853515625,0.0,Individual,0,0
141385276,15000.0,15000.0,60.0,18.940000534057617,388.6199951171875,D,D2,,MORTGAGE,82000.0,82000.0,Not Verified,2018-10-01,2018,10,2018-10,Current,0,0,debt_consolidation,MA,26.43000030517578,1,20-30,$60k-90k,8.58590006844627,Medium Risk,715.0,719.0,2,2,13,0,6947.0,24.899999618530273,20,1903.6400146484375,783.7000122070312,1119.93994140625,0.0,Individual,1,0
140112661,5000.0,5000.0,36.0,17.969999313354492,180.69000244140625,D,D1,10.0,MORTGAGE,175000.0,175000.0,Not Verified,2018-09-01,2018,9,2018-09,Current,0,0,debt_consolidation,CA,28.6299991607666,1,20-30,$120k+,33.831622176591374,Medium Risk,700.0,704.0,0,0,17,0,75614.0,85.69999694824219,25,1079.1500244140625,659.1400146484375,420.010009765625,0.0,Individual,3,0
97514111,7000.0,7000.0,36.0,7.239999771118164,216.91000366210938,A,A3,10.0,MORTGAGE,43000.0,43000.0,Verified,2017-02-01,2017,2,2017-02,Current,0,0,home_improvement,PA,24.950000762939453,1,20-30,$30k-60k,28.670773442847366,Low Risk,745.0,749.0,1,0,8,0,11762.0,21.700000762939453,20,5419.93017578125,4698.2001953125,721.72998046875,0.0,Individual,0,0
136123961,10000.0,10000.0,36.0,7.210000038146973,309.739990234375,A,A3,6.0,OWN,60000.0,60000.0,Not Verified,2018-07-01,2018,7,2018-07,Current,0,0,credit_card,MA,6.599999904632568,1,<10,$60k-90k,10.830937713894592,Low Risk,660.0,664.0,0,0,7,0,11191.0,86.0999984741211,12,2469.909912109375,2039.760009765625,430.1499938964844,0.0,Individual,0,0
112076280,25000.0,25000.0,36.0,7.349999904632568,775.9400024414062,A,A4,10.0,MORTGAGE,110000.0,110000.0,Not Verified,2017-07-01,2017,7,2017-07,Current,0,0,debt_consolidation,FL,17.190000534057617,1,10-20,$90k-120k,15.58110882956879,Low Risk,715.0,719.0,1,0,12,0,24370.0,65.19999694824219,15,15503.490234375,13208.4404296875,2295.050048828125,0.0,Individual,2,0
40482857,7000.0,7000.0,36.0,7.889999866485596,219.0,A,A5,5.0,MORTGAGE,43500.0,43500.0,Not Verified,2015-03-01,2015,3,2015-03,Fully Paid,1,0,car,CA,7.78000020980835,1,<10,$30k-60k,6.245037645448323,Low Risk,670.0,674.0,1,0,7,0,2486.0,24.600000381469727,12,7854.8466796875,7000.0,854.8499755859375,0.0,Individual,1,0
69625086,10000.0,10000.0,60.0,13.4399995803833,229.7899932861328,C,C3,0.0,RENT,75000.0,75000.0,Not Verified,2016-01-01,2016,1,2016-01,Fully Paid,1,0,car,CA,23.579999923706055,1,20-30,$60k-90k,19.33196440793977,Medium Risk,675.0,679.0,0,2,5,0,15087.0,89.30000305175781,14,12148.9130859375,10000.0,2148.909912109375,0.0,Individual,0,0
68494365,6000.0,6000.0,36.0,16.59000015258789,212.6999969482422,D,D2,0.0,RENT,85000.0,85000.0,Not Verified,2015-12-01,2015,12,2015-12,Fully Paid,1,0,other,NY,21.5,1,20-30,$60k-90k,17.166324435318277,Medium Risk,685.0,689.0,0,1,6,1,4075.0,69.0999984741211,14,7200.5791015625,6000.0,1200.5799560546875,0.0,Individual,0,0
137622628,4500.0,4500.0,36.0,13.5600004196167,152.83999633789062,C,C1,10.0,MORTGAGE,85000.0,85000.0,Verified,2018-07-01,2018,7,2018-07,Current,0,0,debt_consolidation,NE,19.600000381469727,1,10-20,$60k-90k,12.580424366872005,Medium Risk,700.0,704.0,0,0,11,0,4193.0,64.5,20,1215.93994140625,848.9299926757812,367.010009765625,0.0,Individual,2,0
60385973,19000.0,19000.0,60.0,16.549999237060547,467.6199951171875,D,D2,10.0,OWN,38000.0,38000.0,Not Verified,2015-09-01,2015,9,2015-09,Current,0,0,credit_card,OH,29.600000381469727,1,20-30,$30k-60k,26.663928815879533,Medium Risk,705.0,709.0,1,1,10,0,41983.0,49.79999923706055,19,19674.970703125,11591.6103515625,8083.35986328125,0.0,Individual,0,0
38557907,6000.0,6000.0,36.0,8.670000076293945,189.8800048828125,B,B1,2.0,RENT,40000.0,40000.0,Source Verified,2015-01-01,2015,1,2015-01,Fully Paid,1,0,credit_card,VT,29.459999084472656,1,20-30,$30k-60k,7.3347022587268995,Low Risk,730.0,734.0,0,0,16,0,5777.0,69.5999984741211,24,6812.94970703125,6000.0,812.9500122070312,0.0,Individual,0,0
141247045,22000.0,22000.0,60.0,6.110000133514404,426.45001220703125,A,A1,10.0,RENT,115000.0,115000.0,Verified,2018-10-01,2018,10,2018-10,Current,0,0,credit_card,NJ,8.59000015258789,1,<10,$90k-120k,28.914442162902123,Low Risk,705.0,709.0,0,0,8,0,29294.0,45.29999923706055,19,2143.449951171875,1588.260009765625,555.1900024414062,0.0,Individual,0,0
144841709,5000.0,5000.0,36.0,16.139999389648438,176.13999938964844,C,C4,5.0,MORTGAGE,72800.0,72800.0,Not Verified,2018-12-01,2018,12,2018-12,Current,0,0,home_improvement,NM,29.049999237060547,1,20-30,$60k-90k,14.165639972621491,Medium Risk,700.0,704.0,0,0,9,0,20364.0,89.30000305175781,16,523.9400024414062,331.0799865722656,192.86000061035156,0.0,Individual,1,0
67565963,4000.0,4000.0,36.0,13.180000305175781,135.1300048828125,C,C3,4.0,MORTGAGE,46000.0,46000.0,Verified,2015-12-01,2015,12,2015-12,Charged Off,1,1,debt_consolidation,MT,17.040000915527344,1,10-20,$30k-60k,9.752224503764545,Medium Risk,670.0,674.0,0,1,9,0,14459.0,79.0,20,3684.929931640625,2727.14990234375,778.9099731445312,178.8699951171875,Individual,2,0
1416281,13500.0,13500.0,36.0,13.109999656677246,455.5899963378906,B,B4,10.0,MORTGAGE,85500.0,85500.0,Not Verified,2012-07-01,2012,7,2012-07,Fully Paid,1,0,debt_consolidation,GA,27.65999984741211,1,20-30,$60k-90k,14.581793292265571,Low Risk,680.0,684.0,0,0,14,0,23822.0,72.0,48,16245.849609375,13500.0,2745.85009765625,0.0,Individual,2,0
21420238,10000.0,10000.0,36.0,10.989999771118164,327.3399963378906,B,B3,10.0,MORTGAGE,41820.0,41820.0,Source Verified,2014-07-01,2014,7,2014-07,Fully Paid,1,0,debt_consolidation,NJ,26.729999542236328,1,20-30,$30k-60k,23.66324435318275,Low Risk,670.0,674.0,1,0,16,0,7946.0,57.20000076293945,34,11799.8984375,10000.0,1799.9000244140625,0.0,Individual,2,0
137194080,10000.0,10000.0,36.0,15.020000457763672,346.760009765625,C,C3,10.0,MORTGAGE,32000.0,32000.0,Source Verified,2018-07-01,2018,7,2018-07,Current,0,0,debt_consolidation,CA,20.780000686645508,1,20-30,$30k-60k,16.334017796030118,Medium Risk,690.0,694.0,0,0,9,1,6750.0,58.20000076293945,13,2765.739990234375,1852.3800048828125,913.3599853515625,0.0,Individual,0,1
95716556,14000.0,14000.0,36.0,5.320000171661377,421.6099853515625,A,A1,10.0,MORTGAGE,68000.0,68000.0,Not Verified,2017-01-01,2017,1,2017-01,Current,0,0,debt_consolidation,MO,11.510000228881836,1,10-20,$60k-90k,10.754277891854894,Low Risk,740.0,744.0,0,0,11,0,15470.0,35.79999923706055,23,10973.91015625,9885.0302734375,1088.8800048828125,0.0,Individual,4,0
75060383,15000.0,15000.0,36.0,9.75,482.25,B,B3,10.0,MORTGAGE,40000.0,40000.0,Verified,2016-03-01,2016,3,2016-03,Charged Off,1,1,debt_consolidation,IL,28.799999237060547,1,20-30,$30k-60k,10.74880219028063,Low Risk,705.0,709.0,0,0,14,0,16622.0,53.099998474121094,28,2851.429931640625,1089.9300537109375,340.57000732421875,1420.9300537109375,Individual,0,0
13137506,10000.0,10000.0,36.0,8.899999618530273,317.5400085449219,A,A5,5.0,MORTGAGE,75000.0,75000.0,Verified,2014-03-01,2014,3,2014-03,Fully Paid,1,0,home_improvement,NY,18.459999084472656,1,10-20,$60k-90k,10.666666666666666,Low Risk,750.0,754.0,0,0,12,0,14843.0,33.0,17,10603.2998046875,10000.0,603.2999877929688,0.0,Individual,1,0
44915934,19750.0,19750.0,36.0,15.609999656677246,690.5599975585938,D,D1,4.0,RENT,92000.0,92000.0,Verified,2015-04-01,2015,4,2015-04,Fully Paid,1,0,debt_consolidation,CA,10.850000381469727,1,10-20,$90k-120k,18.579055441478438,Medium Risk,680.0,684.0,0,2,25,0,12172.0,47.0,30,24993.65625,19750.0,5209.1298828125,0.0,Individual,0,0
78972592,10000.0,10000.0,36.0,11.470000267028809,329.6199951171875,B,B5,1.0,OWN,60000.0,60000.0,Source Verified,2016-06-01,2016,6,2016-06,Charged Off,1,1,debt_consolidation,AL,38.099998474121094,1,30-40,$60k-90k,5.919233401779603,Low Risk,750.0,754.0,0,1,6,0,0.0,0.0,13,7909.60009765625,5414.240234375,1501.4100341796875,993.9500122070312,Individual,0,0
7053266,8000.0,8000.0,36.0,12.350000381469727,267.05999755859375,B,B4,10.0,MORTGAGE,60000.0,60000.0,Source Verified,2013-09-01,2013,9,2013-09,Fully Paid,1,0,debt_consolidation,AZ,22.079999923706055,1,20-30,$60k-90k,11.665982203969884,Low Risk,705.0,709.0,0,3,8,0,12590.0,72.4000015258789,17,9613.8916015625,8000.0,1613.8900146484375,0.0,Individual,3,0
42313264,10000.0,10000.0,36.0,9.989999771118164,322.6300048828125,B,B3,4.0,RENT,39000.0,39000.0,Not Verified,2015-03-01,2015,3,2015-03,Fully Paid,1,0,credit_card,NY,19.170000076293945,1,10-20,$30k-60k,31.915126625598905,Low Risk,685.0,689.0,1,0,9,0,13093.0,26.799999237060547,35,10903.8603515625,10000.0,903.8599853515625,0.0,Individual,0,0
40583097,25000.0,25000.0,36.0,14.989999771118164,866.52001953125,C,C5,2.0,MORTGAGE,65166.3984375,65166.3984375,Verified,2015-02-01,2015,2,2015-02,Fully Paid,1,0,debt_consolidation,FL,35.119998931884766,1,30-40,$60k-90k,16.418891170431213,Medium Risk,710.0,714.0,0,0,24,0,30480.0,40.900001525878906,38,31152.6640625,25000.0,6152.66015625,0.0,Individual,1,0
126468097,15000.0,15000.0,60.0,7.349999904632568,299.510009765625,A,A4,10.0,MORTGAGE,113000.0,113000.0,Not Verified,2018-01-01,2018,1,2018-01,Current,0,0,credit_card,NC,7.320000171661377,1,<10,$90k-120k,21.418206707734427,Low Risk,680.0,684.0,0,0,15,0,21782.0,74.0999984741211,20,4187.02001953125,3025.5,1161.52001953125,0.0,Individual,1,0
92439867,35000.0,35000.0,36.0,12.739999771118164,1174.9100341796875,C,C1,0.0,MORTGAGE,20000.0,20000.0,Verified,2016-11-01,2016,11,2016-11,Current,0,0,credit_card,GA,68.70999908447266,1,40+,<$30k,28.919917864476385,Medium Risk,660.0,664.0,2,0,15,0,26305.0,35.0,22,32872.7109375,26034.330078125,6838.3798828125,0.0,Joint App,0,0
125864770,18000.0,18000.0,36.0,6.079999923706055,548.25,A,A2,5.0,MORTGAGE,102000.0,102000.0,Not Verified,2018-01-01,2018,1,2018-01,Current,0,0,debt_consolidation,DE,20.420000076293945,1,20-30,$90k-120k,41.58521560574949,Low Risk,710.0,714.0,0,0,23,0,33965.0,35.099998474121094,55,7685.18017578125,6613.77001953125,1071.4100341796875,0.0,Individual,6,0
131621326,15000.0,15000.0,36.0,12.609999656677246,502.6000061035156,C,C1,10.0,RENT,49000.0,49000.0,Not Verified,2018-04-01,2018,4,2018-04,Current,0,0,debt_consolidation,CA,27.75,1,20-30,$30k-60k,12.161533196440795,Medium Risk,665.0,669.0,0,0,7,0,2674.0,70.4000015258789,9,5518.08984375,4000.530029296875,1517.56005859375,0.0,Joint App,0,0
137438144,14400.0,14400.0,60.0,20.889999389648438,388.67999267578125,D,D4,5.0,MORTGAGE,90000.0,90000.0,Not Verified,2018-08-01,2018,8,2018-08,Current,0,0,debt_consolidation,IL,27.600000381469727,1,20-30,$90k-120k,20.49555099247091,Medium Risk,715.0,719.0,0,2,21,0,30521.0,52.900001525878906,36,2704.06005859375,1017.9500122070312,1686.1099853515625,0.0,Individual,2,0
18505252,8000.0,8000.0,36.0,11.670000076293945,264.4599914550781,B,B4,4.0,RENT,43000.0,43000.0,Source Verified,2014-06-01,2014,6,2014-06,Fully Paid,1,0,debt_consolidation,CA,25.260000228881836,1,20-30,$30k-60k,19.665982203969882,Low Risk,665.0,669.0,0,0,8,1,8131.0,73.30000305175781,23,9361.419921875,8000.0,1361.4200439453125,0.0,Individual,1,1
135874266,9500.0,9500.0,36.0,8.079999923706055,298.04998779296875,A,A5,4.0,RENT,48000.0,48000.0,Source Verified,2018-06-01,2018,6,2018-06,Fully Paid,1,0,debt_consolidation,OH,21.079999923706055,1,20-30,$30k-60k,12.084873374401095,Low Risk,715.0,719.0,0,1,14,1,5210.0,11.199999809265137,35,9895.5400390625,9500.0,395.5400085449219,0.0,Individual,2,1
131537631,4000.0,4000.0,36.0,10.40999984741211,129.85000610351562,B,B3,4.0,RENT,92000.0,92000.0,Source Verified,2018-04-01,2018,4,2018-04,Current,0,0,credit_card,CT,6.369999885559082,1,<10,$90k-120k,20.413415468856947,Low Risk,665.0,669.0,0,3,17,0,6445.0,36.599998474121094,21,1426.0400390625,1093.25,332.7900085449219,0.0,Individual,0,0
120214219,2100.0,2100.0,36.0,20.0,78.05000305175781,D,D4,2.0,RENT,22000.0,22000.0,Verified,2017-10-01,2017,10,2017-10,Current,0,0,medical,TX,29.950000762939453,1,20-30,<$30k,5.333333333333333,Medium Risk,735.0,739.0,0,0,3,0,7459.0,58.29999923706055,3,1322.1800537109375,838.0599975585938,484.1199951171875,0.0,Individual,0,0
51177049,2000.0,2000.0,36.0,12.289999961853027,66.70999908447266,C,C1,4.0,MORTGAGE,38000.0,38000.0,Not Verified,2015-06-01,2015,6,2015-06,Charged Off,1,1,debt_consolidation,FL,28.649999618530273,1,20-30,$30k-60k,13.412731006160165,Medium Risk,705.0,709.0,0,0,11,2,18376.0,51.20000076293945,12,1708.4599609375,1250.010009765625,356.67999267578125,101.7699966430664,Individual,0,1
144771195,2800.0,2800.0,36.0,13.5600004196167,95.11000061035156,C,C1,,RENT,50000.0,50000.0,Not Verified,2018-12-01,2018,12,2018-12,Current,0,0,debt_consolidation,TX,11.710000038146973,1,10-20,$30k-60k,40.24914442162902,Medium Risk,660.0,664.0,0,0,3,1,1185.0,24.700000762939453,18,283.2200012207031,192.57000732421875,90.6500015258789,0.0,Individual,1,1
132489553,20000.0,20000.0,60.0,10.899999618530273,433.8599853515625,B,B4,1.0,MORTGAGE,65000.0,65000.0,Not Verified,2018-04-01,2018,4,2018-04,Current,0,0,debt_consolidation,AL,25.329999923706055,1,20-30,$60k-90k,28.161533196440793,Low Risk,730.0,734.0,0,0,14,0,37515.0,69.0999984741211,33,4376.490234375,2679.070068359375,1697.4200439453125,0.0,Individual,3,0
145518312,10000.0,10000.0,36.0,8.8100004196167,317.1199951171875,A,A5,10.0,MORTGAGE,60000.0,60000.0,Verified,2018-12-01,2018,12,2018-12,Current,0,0,debt_consolidation,WI,21.1200008392334,1,20-30,$60k-90k,24.334017796030118,Low Risk,745.0,749.0,0,1,12,0,30798.0,39.599998474121094,22,626.9000244140625,489.20001220703125,137.6999969482422,0.0,Individual,2,0
39419275,12000.0,12000.0,36.0,14.989999771118164,415.92999267578125,C,C5,10.0,MORTGAGE,42000.0,42000.0,Not Verified,2015-01-01,2015,1,2015-01,Fully Paid,1,0,debt_consolidation,MA,22.34000015258789,1,20-30,$30k-60k,14.836413415468858,Medium Risk,670.0,674.0,8,1,5,0,2802.0,65.19999694824219,17,14947.2001953125,12000.0,2947.199951171875,0.0,Individual,4,0
40993292,21825.0,21825.0,60.0,17.56999969482422,549.1199951171875,D,D4,10.0,RENT,47512.0,47512.0,Source Verified,2015-02-01,2015,2,2015-02,Fully Paid,1,0,debt_consolidation,NY,32.43000030517578,1,30-40,$30k-60k,18.168377823408623,Medium Risk,690.0,694.0,0,0,18,0,16829.0,43.79999923706055,28,30979.6796875,21825.0,9154.6796875,0.0,Individual,0,0
77507153,10000.0,10000.0,36.0,12.989999771118164,336.8999938964844,C,C2,7.0,MORTGAGE,52000.0,52000.0,Source Verified,2016-04-01,2016,4,2016-04,Fully Paid,1,0,debt_consolidation,AL,22.889999389648438,1,20-30,$30k-60k,13.415468856947296,Medium Risk,660.0,664.0,1,0,8,0,5298.0,86.9000015258789,28,11806.4541015625,10000.0,1806.449951171875,0.0,Individual,0,0
144307796,5200.0,5200.0,36.0,8.8100004196167,164.89999389648438,A,A5,10.0,RENT,50000.0,50000.0,Not Verified,2018-12-01,2018,12,2018-12,Current,0,0,debt_consolidation,WA,12.170000076293945,1,10-20,$30k-60k,11.3347022587269,Low Risk,670.0,674.0,0,0,7,0,14224.0,81.30000305175781,11,492.1499938964844,382.9700012207031,109.18000030517578,0.0,Individual,0,0
134029621,20000.0,20000.0,60.0,30.790000915527344,656.8099975585938,G,G1,1.0,OWN,38000.0,38000.0,Source Verified,2018-05-01,2018,5,2018-05,Current,0,0,debt_consolidation,NY,35.81999969482422,1,30-40,$30k-60k,7.000684462696783,High Risk,665.0,669.0,0,1,8,0,18940.0,88.5,8,6533.89013671875,1614.1600341796875,4919.72998046875,0.0,Joint App,0,0
84604973,18200.0,18200.0,36.0,14.489999771118164,626.3800048828125,C,C4,3.0,MORTGAGE,80000.0,80000.0,Not Verified,2016-07-01,2016,7,2016-07,Charged Off,1,1,debt_consolidation,FL,24.75,1,20-30,$60k-90k,17.66461327857632,Medium Risk,730.0,734.0,1,1,15,0,19283.0,30.600000381469727,40,10443.5400390625,7129.58984375,3313.949951171875,0.0,Individual,4,0
96510227,9500.0,9500.0,36.0,8.239999771118164,298.75,B,B1,10.0,MORTGAGE,50000.0,50000.0,Not Verified,2017-01-01,2017,1,2017-01,Current,0,0,credit_card,FL,7.900000095367432,1,<10,$30k-60k,31.3347022587269,Low Risk,665.0,669.0,0,0,7,0,10362.0,77.9000015258789,11,7763.14990234375,6621.7900390625,1141.3599853515625,0.0,Individual,1,0
122701886,14000.0,14000.0,36.0,11.989999771118164,464.94000244140625,B,B5,10.0,RENT,32300.0,32300.0,Source Verified,2017-11-01,2017,11,2017-11,Current,0,0,debt_consolidation,CA,19.65999984741211,1,10-20,$30k-60k,10.505133470225873,Low Risk,695.0,699.0,0,0,18,1,9244.0,28.0,28,7420.39013671875,5609.43017578125,1810.9599609375,0.0,Individual,0,1
134160837,32200.0,32200.0,36.0,15.489999771118164,1123.969970703125,C,C4,6.0,RENT,104760.0,104760.0,Verified,2018-06-01,2018,6,2018-06,Current,0,0,other,CA,13.779999732971191,1,10-20,$90k-120k,13.166324435318275,Medium Risk,665.0,669.0,1,1,23,0,9768.0,30.0,29,10060.3095703125,6714.16015625,3346.14990234375,0.0,Individual,0,0
75310996,16000.0,16000.0,60.0,14.460000038146973,376.1199951171875,C,C4,8.0,MORTGAGE,75000.0,75000.0,Not Verified,2016-04-01,2016,4,2016-04,Current,0,0,credit_card,IL,13.149999618530273,1,10-20,$60k-90k,14.414784394250514,Medium Risk,675.0,679.0,1,2,10,0,29517.0,85.5999984741211,24,13151.349609375,7922.91015625,5228.43994140625,0.0,Individual,1,0
109102014,3000.0,3000.0,36.0,7.96999979019165,93.97000122070312,A,A5,3.0,MORTGAGE,60000.0,60000.0,Not Verified,2017-05-01,2017,5,2017-05,Charged Off,1,1,debt_consolidation,NM,27.860000610351562,1,20-30,$60k-90k,15.24435318275154,Low Risk,710.0,714.0,1,0,12,0,15736.0,31.799999237060547,33,1126.31005859375,921.72998046875,204.5800018310547,0.0,Individual,2,0
43801801,5000.0,5000.0,36.0,6.920000076293945,154.2100067138672,A,A4,2.0,MORTGAGE,80000.0,80000.0,Source Verified,2015-03-01,2015,3,2015-03,Fully Paid,1,0,debt_consolidation,TX,15.859999656677246,1,10-20,$60k-90k,13.160848733744011,Low Risk,730.0,734.0,1,0,14,0,489.0,3.5999999046325684,22,5549.34765625,5000.0,549.3499755859375,0.0,Individual,1,0
137130123,15000.0,15000.0,36.0,10.470000267028809,487.3299865722656,B,B2,4.0,RENT,150000.0,150000.0,Verified,2018-07-01,2018,7,2018-07,Current,0,0,debt_consolidation,NJ,14.319999694824219,1,10-20,$120k+,3.3347022587268995,Low Risk,695.0,699.0,0,0,7,0,24537.0,64.19999694824219,9,3889.919921875,2940.260009765625,949.6599731445312,0.0,Individual,0,0
104337313,33000.0,33000.0,36.0,7.239999771118164,1022.5700073242188,A,A3,9.0,MORTGAGE,100000.0,100000.0,Source Verified,2017-04-01,2017,4,2017-04,Fully Paid,1,0,credit_card,CO,10.220000267028809,1,10-20,$90k-120k,16.413415468856947,Low Risk,710.0,714.0,0,0,13,0,30690.0,41.099998474121094,24,35043.125,33000.0,2043.1300048828125,0.0,Individual,3,0
93602522,20000.0,20000.0,36.0,18.989999771118164,733.02001953125,D,D3,10.0,RENT,52000.0,52000.0,Not Verified,2016-11-01,2016,11,2016-11,Current,0,0,other,CA,34.20000076293945,1,30-40,$30k-60k,19.16769336071184,Medium Risk,715.0,719.0,3,0,10,0,3159.0,9.800000190734863,20,19770.439453125,13893.01953125,5877.419921875,0.0,Individual,2,0
40402278,10000.0,10000.0,36.0,11.4399995803833,329.4800109863281,B,B4,10.0,OWN,60000.0,60000.0,Not Verified,2015-02-01,2015,2,2015-02,Fully Paid,1,0,debt_consolidation,IL,19.040000915527344,1,10-20,$60k-90k,12.75564681724846,Low Risk,670.0,674.0,0,1,10,0,10997.0,67.5,20,11854.697265625,10000.0,1854.699951171875,0.0,Individual,0,0
38626491,8875.0,8875.0,36.0,6.489999771118164,271.9700012207031,A,A2,1.0,RENT,70000.0,70000.0,Not Verified,2015-01-01,2015,1,2015-01,Fully Paid,1,0,debt_consolidation,NY,5.139999866485596,1,<10,$60k-90k,8.334017796030116,Low Risk,685.0,689.0,0,0,8,0,8898.0,46.79999923706055,28,9580.34765625,8875.0,705.3499755859375,0.0,Individual,0,0
65784217,19200.0,19200.0,60.0,23.989999771118164,552.239990234375,F,F3,1.0,MORTGAGE,60000.0,60000.0,Verified,2015-11-01,2015,11,2015-11,Charged Off,1,1,debt_consolidation,TX,22.020000457763672,1,20-30,$60k-90k,8.670773442847365,High Risk,665.0,669.0,0,0,8,0,7566.0,51.29999923706055,26,4641.3701171875,694.0700073242188,2041.5400390625,1878.1500244140625,Individual,1,0
16472166,11050.0,11050.0,36.0,10.149999618530273,357.3399963378906,B,B2,8.0,MORTGAGE,110000.0,110000.0,Not Verified,2014-05-01,2014,5,2014-05,Fully Paid,1,0,home_improvement,CT,11.460000038146973,1,10-20,$90k-120k,17.166324435318277,Low Risk,705.0,709.0,1,3,8,0,14987.0,93.0999984741211,21,12863.369140625,11050.0,1813.3699951171875,0.0,Individual,3,0
143269355,35000.0,35000.0,36.0,6.460000038146973,1072.0799560546875,A,A1,0.0,RENT,250000.0,250000.0,Not Verified,2018-11-01,2018,11,2018-11,Current,0,0,home_improvement,CA,0.8899999856948853,1,<10,$120k+,32.832306639288156,Low Risk,725.0,729.0,0,0,7,0,8628.0,12.300000190734863,17,4256.919921875,3563.300048828125,693.6199951171875,0.0,Individual,2,0
77139276,20000.0,20000.0,60.0,9.75,422.489990234375,B,B3,10.0,MORTGAGE,240000.0,240000.0,Source Verified,2016-05-01,2016,5,2016-05,Current,0,0,debt_consolidation,CT,10.109999656677246,1,10-20,$120k+,31.915126625598905,Low Risk,660.0,664.0,4,2,12,1,12274.0,70.9000015258789,30,15322.48046875,11307.259765625,4015.219970703125,0.0,Individual,3,0
113154992,10800.0,10800.0,36.0,9.930000305175781,348.1400146484375,B,B2,4.0,RENT,65000.0,65000.0,Not Verified,2017-07-01,2017,7,2017-07,Current,0,0,debt_consolidation,CA,10.5600004196167,1,10-20,$60k-90k,15.663244353182751,Low Risk,700.0,704.0,0,0,6,0,9097.0,66.9000015258789,21,6956.83984375,5603.18017578125,1353.6600341796875,0.0,Individual,0,0
1528375,5400.0,5400.0,36.0,7.900000095367432,168.97000122070312,A,A4,2.0,RENT,38000.0,38000.0,Not Verified,2012-09-01,2012,9,2012-09,Fully Paid,1,0,debt_consolidation,CA,23.34000015258789,1,20-30,$30k-60k,10.91854893908282,Low Risk,715.0,719.0,0,0,7,0,3886.0,79.30000305175781,15,6020.47314453125,5400.0,620.469970703125,0.0,Individual,0,0
49653366,18000.0,18000.0,36.0,5.320000171661377,542.0700073242188,A,A1,10.0,MORTGAGE,165000.0,165000.0,Source Verified,2015-05-01,2015,5,2015-05,Fully Paid,1,0,credit_card,VA,15.649999618530273,1,10-20,$120k+,24.16700889801506,Low Risk,740.0,744.0,0,0,10,0,46369.0,56.29999923706055,21,18554.16015625,18000.0,554.1599731445312,0.0,Individual,3,0
84132533,15000.0,15000.0,36.0,10.489999771118164,487.4700012207031,B,B3,10.0,MORTGAGE,111473.0,111473.0,Source Verified,2016-07-01,2016,7,2016-07,Fully Paid,1,0,debt_consolidation,CA,1.6399999856948853,1,<10,$90k-120k,11.249828884325805,Low Risk,670.0,674.0,0,0,3,1,5206.0,82.5999984741211,6,17321.4140625,15000.0,2321.409912109375,0.0,Individual,1,1
119382750,5000.0,5000.0,36.0,12.619999885559082,167.55999755859375,C,C1,6.0,MORTGAGE,72000.0,72000.0,Not Verified,2017-09-01,2017,9,2017-09,Fully Paid,1,0,debt_consolidation,AL,6.949999809265137,1,<10,$60k-90k,25.919233401779604,Medium Risk,660.0,664.0,2,1,5,0,3907.0,81.4000015258789,34,5123.85205078125,5000.0,123.8499984741211,0.0,Individual,2,0
85360267,20000.0,20000.0,60.0,24.489999771118164,581.0700073242188,E,E3,10.0,RENT,89900.0,89900.0,Verified,2016-07-01,2016,7,2016-07,Current,0,0,debt_consolidation,NY,10.90999984741211,1,10-20,$60k-90k,21.831622176591377,High Risk,660.0,664.0,0,1,23,1,16944.0,55.900001525878906,33,18567.029296875,7655.89990234375,10911.1298828125,0.0,Individual,0,1
11657901,6000.0,6000.0,36.0,11.989999771118164,199.25999450683594,B,B3,1.0,RENT,51000.0,51000.0,Source Verified,2014-02-01,2014,2,2014-02,Fully Paid,1,0,debt_consolidation,MI,24.6299991607666,1,20-30,$30k-60k,7.5893223819301845,Low Risk,695.0,699.0,0,3,38,0,7028.0,43.70000076293945,63,7131.18994140625,6000.0,1131.18994140625,0.0,Individual,0,0
51956981,9500.0,9500.0,36.0,6.239999771118164,290.04998779296875,A,A2,9.0,MORTGAGE,50000.0,50000.0,Not Verified,2015-06-01,2015,6,2015-06,Fully Paid,1,0,credit_card,WI,12.390000343322754,1,10-20,$30k-60k,11.748117727583846,Low Risk,765.0,769.0,0,0,9,0,8664.0,38.0,20,9930.3095703125,9500.0,430.30999755859375,0.0,Individual,5,0
76216689,12600.0,12600.0,60.0,11.989999771118164,280.2200012207031,C,C1,1.0,RENT,40000.0,40000.0,Not Verified,2016-04-01,2016,4,2016-04,Fully Paid,1,0,credit_card,NC,14.34000015258789,1,10-20,$30k-60k,18.49965776865161,Medium Risk,675.0,679.0,0,2,11,1,7137.0,34.79999923706055,39,14825.7861328125,12600.0,2225.7900390625,0.0,Individual,2,1
33360298,11475.0,11475.0,36.0,13.979999542236328,392.0799865722656,C,C3,10.0,RENT,36000.0,36000.0,Source Verified,2014-10-01,2014,10,2014-10,Fully Paid,1,0,credit_card,CA,18.670000076293945,1,10-20,$30k-60k,7.663244353182751,Medium Risk,660.0,664.0,0,0,6,0,8305.0,98.9000015258789,14,14190.240234375,11475.0,2695.639892578125,0.0,Individual,0,0
39078334,3000.0,3000.0,36.0,12.989999771118164,101.06999969482422,C,C2,7.0,MORTGAGE,64000.0,64000.0,Verified,2015-01-01,2015,1,2015-01,Fully Paid,1,0,debt_consolidation,FL,31.899999618530273,1,30-40,$60k-90k,21.166324435318277,Medium Risk,690.0,694.0,0,0,12,0,44868.0,100.80000305175781,15,3470.860107421875,3000.0,470.8599853515625,0.0,Individual,1,0
108401615,20000.0,20000.0,36.0,7.070000171661377,618.1900024414062,A,A2,10.0,MORTGAGE,103000.0,103000.0,Not Verified,2017-05-01,2017,5,2017-05,Current,0,0,debt_consolidation,MD,28.520000457763672,1,20-30,$90k-120k,14.08350444900753,Low Risk,775.0,779.0,0,0,8,0,24670.0,30.899999618530273,13,13592.3203125,11716.330078125,1875.989990234375,0.0,Individual,2,0
63217685,13000.0,13000.0,60.0,12.6899995803833,293.739990234375,C,C2,3.0,RENT,58000.0,58000.0,Source Verified,2015-10-01,2015,10,2015-10,Charged Off,1,1,credit_card,CA,8.84000015258789,1,<10,$30k-60k,13.418206707734429,Medium Risk,700.0,704.0,0,0,7,0,11830.0,85.69999694824219,10,9179.2998046875,5271.08984375,3238.2099609375,670.0,Individual,0,0
1605185,10000.0,10000.0,36.0,14.09000015258789,342.2200012207031,B,B5,6.0,RENT,65000.0,65000.0,Source Verified,2012-10-01,2012,10,2012-10,Charged Off,1,1,small_business,IL,14.100000381469727,1,10-20,$60k-90k,8.41889117043121,Low Risk,675.0,679.0,0,0,11,0,18255.0,75.0999984741211,14,6630.2001953125,4194.56005859375,1611.97998046875,823.6599731445312,Individual,0,0
95207492,6500.0,6500.0,36.0,13.489999771118164,220.5500030517578,C,C2,0.0,RENT,30000.0,30000.0,Verified,2016-12-01,2016,12,2016-12,Fully Paid,1,0,debt_consolidation,CA,23.84000015258789,1,20-30,$30k-60k,3.167693360711841,Medium Risk,660.0,664.0,0,0,8,0,7363.0,62.900001525878906,9,7365.0615234375,6500.0,865.0599975585938,0.0,Individual,0,0
96918536,5000.0,5000.0,36.0,8.239999771118164,157.24000549316406,B,B1,10.0,MORTGAGE,45000.0,45000.0,Not Verified,2017-01-01,2017,1,2017-01,Current,0,0,credit_card,AZ,12.239999771118164,1,10-20,$30k-60k,18.33538672142368,Low Risk,705.0,709.0,0,1,14,0,14503.0,48.29999923706055,35,4077.139892578125,3485.5400390625,591.5999755859375,0.0,Individual,2,0
67375257,16200.0,16200.0,36.0,17.860000610351562,584.5399780273438,D,D5,10.0,RENT,45000.0,45000.0,Source Verified,2015-12-01,2015,12,2015-12,Charged Off,1,1,debt_consolidation,TN,11.069999694824219,1,10-20,$30k-60k,5.585215605749487,Medium Risk,660.0,664.0,1,1,6,0,4937.0,53.70000076293945,7,15474.8896484375,9806.66015625,4206.22998046875,1462.0,Individual,0,0
8596647,11200.0,11200.0,60.0,13.670000076293945,258.70001220703125,B,B5,0.0,RENT,44604.0,44604.0,Verified,2013-11-01,2013,11,2013-11,Fully Paid,1,0,credit_card,CA,8.430000305175781,1,<10,$30k-60k,13.749486652977414,Low Risk,685.0,689.0,0,0,22,0,7830.0,91.0,32,15500.828125,11200.0,4300.830078125,0.0,Individual,0,0
107086895,19200.0,19200.0,60.0,14.989999771118164,456.6700134277344,C,C4,10.0,MORTGAGE,43495.0,43495.0,Source Verified,2017-05-01,2017,5,2017-05,Charged Off,1,1,debt_consolidation,VA,28.010000228881836,1,20-30,$30k-60k,10.833675564681725,Medium Risk,705.0,709.0,0,0,10,1,9206.0,49.0,21,7832.669921875,4078.530029296875,3731.31005859375,0.0,Joint App,2,1
125006901,10000.0,10000.0,60.0,12.619999885559082,225.60000610351562,C,C1,6.0,RENT,76000.0,76000.0,Not Verified,2017-11-01,2017,11,2017-11,Current,0,0,debt_consolidation,NY,21.940000534057617,1,20-30,$60k-90k,12.251882272416154,Medium Risk,760.0,764.0,0,1,11,0,5566.0,12.899999618530273,28,3602.590087890625,2086.639892578125,1515.949951171875,0.0,Individual,0,0
31366496,16325.0,16325.0,36.0,14.489999771118164,561.8499755859375,C,C4,10.0,OWN,103000.0,103000.0,Not Verified,2014-10-01,2014,10,2014-10,Fully Paid,1,0,debt_consolidation,NY,9.239999771118164,1,<10,$90k-120k,13.500342231348391,Medium Risk,660.0,664.0,1,1,27,0,27154.0,61.400001525878906,37,19531.3203125,16325.0,3206.320068359375,0.0,Individual,3,0
119256708,11200.0,11200.0,36.0,10.420000076293945,363.6099853515625,B,B3,6.0,MORTGAGE,39000.0,39000.0,Not Verified,2017-09-01,2017,9,2017-09,Current,0,0,debt_consolidation,MI,26.100000381469727,1,20-30,$30k-60k,12.750171115674195,Low Risk,690.0,694.0,0,0,11,1,9350.0,41.20000076293945,23,6196.5,4856.7001953125,1339.800048828125,0.0,Individual,0,1
478830,5600.0,5600.0,36.0,14.609999656677246,193.07000732421875,D,D1,10.0,RENT,40000.0,40000.0,Not Verified,2010-01-01,2010,1,2010-01,Fully Paid,1,0,other,GA,17.579999923706055,1,10-20,$30k-60k,14.420260095824778,Medium Risk,665.0,669.0,1,0,6,0,1182.0,39.400001525878906,17,6950.6435546875,5600.0,1350.6400146484375,0.0,Individual,-1,0
76935129,15000.0,15000.0,60.0,11.470000267028809,329.6700134277344,B,B5,2.0,MORTGAGE,41000.0,41000.0,Not Verified,2016-04-01,2016,4,2016-04,Current,0,0,credit_card,TN,29.239999771118164,1,20-30,$30k-60k,11.917864476386036,Low Risk,690.0,694.0,0,0,22,0,17585.0,43.0,37,11858.5595703125,8029.93994140625,3828.6201171875,0.0,Individual,3,0
501812,5000.0,5000.0,36.0,7.139999866485596,154.6999969482422,A,A3,3.0,MORTGAGE,77000.0,77000.0,Source Verified,2010-04-01,2010,4,2010-04,Fully Paid,1,0,other,PA,2.3399999141693115,1,<10,$60k-90k,16.6652977412731,Low Risk,775.0,779.0,0,1,5,0,8390.0,46.599998474121094,28,5285.55029296875,5000.0,285.54998779296875,0.0,Individual,-1,0
92064905,16000.0,16000.0,36.0,11.489999771118164,527.5499877929688,B,B5,8.0,MORTGAGE,70000.0,70000.0,Source Verified,2016-11-01,2016,11,2016-11,Current,0,0,debt_consolidation,ND,24.670000076293945,1,20-30,$60k-90k,14.91854893908282,Low Risk,700.0,704.0,0,1,12,1,12322.0,43.20000076293945,32,14750.9697265625,11956.1904296875,2794.780029296875,0.0,Individual,0,0
76835079,11200.0,11200.0,36.0,11.989999771118164,371.95001220703125,C,C1,7.0,RENT,49000.0,49000.0,Not Verified,2016-04-01,2016,4,2016-04,Fully Paid,1,0,debt_consolidation,PA,10.729999542236328,1,10-20,$30k-60k,35.00068446269678,Medium Risk,685.0,689.0,0,0,10,2,4739.0,77.69999694824219,12,12960.7861328125,11200.0,1760.7900390625,0.0,Individual,0,0
70612845,28000.0,28000.0,36.0,5.320000171661377,843.219970703125,A,A1,0.0,RENT,189000.0,189000.0,Source Verified,2016-02-01,2016,2,2016-02,Fully Paid,1,0,credit_card,VA,25.219999313354492,1,20-30,$120k+,20.75564681724846,Low Risk,700.0,704.0,0,1,12,0,144612.0,72.0,34,30246.685546875,28000.0,2246.679931640625,0.0,Individual,3,0
2229473,22000.0,22000.0,36.0,13.109999656677246,742.4400024414062,B,B4,0.0,RENT,72583.2421875,72583.2421875,Verified,2012-12-01,2012,12,2012-12,Fully Paid,1,0,debt_consolidation,CA,10.329999923706055,1,10-20,$60k-90k,9.084188911704311,Low Risk,690.0,694.0,0,0,10,0,15424.0,44.79999923706055,17,26727.537109375,22000.0,4727.5400390625,0.0,Individual,0,0
54403231,20000.0,20000.0,60.0,18.25,510.6000061035156,E,E1,4.0,RENT,64000.0,64000.0,Verified,2015-07-01,2015,7,2015-07,Charged Off,1,1,debt_consolidation,CA,21.100000381469727,1,20-30,$60k-90k,8.167008898015059,High Risk,665.0,669.0,0,0,19,0,17754.0,82.19999694824219,24,12292.7900390625,4783.2900390625,5469.830078125,2039.6700439453125,Individual,0,0
112048244,30000.0,30000.0,36.0,7.210000038146973,929.2000122070312,A,A3,10.0,MORTGAGE,245000.0,245000.0,Source Verified,2017-06-01,2017,6,2017-06,Current,0,0,credit_card,CO,12.609999656677246,1,10-20,$120k+,16.917180013689254,Low Risk,685.0,689.0,1,0,15,0,19432.0,22.700000762939453,33,18553.9609375,15865.6103515625,2688.35009765625,0.0,Individual,9,0
128462536,40000.0,40000.0,60.0,9.4399995803833,838.9099731445312,B,B1,10.0,MORTGAGE,107611.0,107611.0,Verified,2018-02-01,2018,2,2018-02,Current,0,0,debt_consolidation,TX,30.510000228881836,1,30-40,$90k-120k,25.67008898015058,Low Risk,730.0,734.0,0,0,16,0,35550.0,32.900001525878906,45,10926.8095703125,7146.31005859375,3780.5,0.0,Joint App,4,0
118067157,35000.0,35000.0,36.0,10.90999984741211,1144.3699951171875,B,B4,7.0,MORTGAGE,120000.0,120000.0,Source Verified,2017-09-01,2017,9,2017-09,Current,0,0,debt_consolidation,NM,33.36000061035156,1,30-40,$120k+,9.834360027378509,Low Risk,720.0,724.0,0,1,29,0,42459.0,39.599998474121094,41,20483.740234375,16077.7998046875,4405.93994140625,0.0,Individual,2,0
81570590,6400.0,6400.0,36.0,25.440000534057617,255.9600067138672,F,F2,3.0,RENT,40000.0,40000.0,Source Verified,2016-06-01,2016,6,2016-06,Fully Paid,1,0,debt_consolidation,NE,29.90999984741211,1,20-30,$30k-60k,15.832991101984941,High Risk,660.0,664.0,0,2,16,1,4271.0,37.79999923706055,34,7087.89013671875,6400.0,687.8900146484375,0.0,Individual,1,1
71774146,9000.0,9000.0,36.0,14.460000038146973,309.6199951171875,C,C4,4.0,RENT,53000.0,53000.0,Verified,2016-02-01,2016,2,2016-02,Charged Off,1,1,credit_card,TX,16.639999389648438,1,10-20,$30k-60k,13.921971252566735,Medium Risk,660.0,664.0,0,1,15,0,7274.0,63.29999923706055,23,3993.659912109375,2812.89990234375,1180.760009765625,0.0,Individual,0,0
37938228,24000.0,24000.0,36.0,11.989999771118164,797.030029296875,B,B5,3.0,MORTGAGE,140000.0,140000.0,Verified,2015-01-01,2015,1,2015-01,Fully Paid,1,0,small_business,WA,22.219999313354492,1,20-30,$120k+,20.16700889801506,Low Risk,670.0,674.0,0,1,21,0,46038.0,47.599998474121094,41,27639.98046875,24000.0,3639.97998046875,0.0,Individual,1,0
78418115,6400.0,6400.0,36.0,7.389999866485596,198.75999450683594,A,A4,0.0,MORTGAGE,33000.0,33000.0,Source Verified,2016-06-01,2016,6,2016-06,Fully Paid,1,0,home_improvement,TN,10.069999694824219,1,10-20,$30k-60k,23.16769336071184,Low Risk,750.0,754.0,0,0,7,0,1156.0,13.0,11,6696.369140625,6400.0,296.3699951171875,0.0,Individual,3,0
142852221,2500.0,2500.0,36.0,8.460000038146973,78.87999725341797,A,A5,,MORTGAGE,60000.0,60000.0,Not Verified,2018-10-01,2018,10,2018-10,Current,0,0,debt_consolidation,OH,22.780000686645508,1,20-30,$60k-90k,23.586584531143053,Low Risk,775.0,779.0,0,0,11,0,446.0,2.5,45,314.3399963378906,247.6199951171875,66.72000122070312,0.0,Joint App,3,0
76252977,15000.0,15000.0,36.0,6.489999771118164,459.6700134277344,A,A2,10.0,MORTGAGE,102000.0,102000.0,Not Verified,2016-04-01,2016,4,2016-04,Fully Paid,1,0,home_improvement,OR,9.75,1,<10,$90k-120k,22.91854893908282,Low Risk,750.0,754.0,0,0,6,0,15977.0,40.79999923706055,21,16199.2119140625,15000.0,1199.2099609375,0.0,Individual,1,0
105873122,24000.0,24000.0,36.0,7.239999771118164,743.6900024414062,A,A3,10.0,MORTGAGE,255000.0,255000.0,Source Verified,2017-04-01,2017,4,2017-04,Fully Paid,1,0,debt_consolidation,VA,18.479999542236328,1,10-20,$120k+,48.0848733744011,Low Risk,730.0,734.0,0,1,19,0,28215.0,33.5,44,25252.18359375,24000.0,1252.1800537109375,0.0,Individual,5,0
106496253,14400.0,14400.0,60.0,16.989999771118164,357.79998779296875,D,D1,0.0,MORTGAGE,45000.0,45000.0,Not Verified,2017-05-01,2017,5,2017-05,Current,0,0,debt_consolidation,WI,23.600000381469727,1,20-30,$30k-60k,8.83230663928816,Medium Risk,725.0,729.0,0,0,6,0,6895.0,43.599998474121094,10,7858.009765625,3940.530029296875,3917.47998046875,0.0,Joint App,2,0
74985258,6450.0,6450.0,36.0,5.320000171661377,194.25,A,A1,0.0,RENT,50000.0,50000.0,Not Verified,2016-03-01,2016,3,2016-03,Fully Paid,1,0,credit_card,IL,24.40999984741211,1,20-30,$30k-60k,9.330595482546201,Low Risk,765.0,769.0,0,0,17,0,7730.0,13.800000190734863,29,6941.228515625,6450.0,491.2300109863281,0.0,Individual,0,0
73638758,12000.0,12000.0,60.0,12.989999771118164,272.9800109863281,C,C2,2.0,MORTGAGE,174000.0,174000.0,Not Verified,2016-03-01,2016,3,2016-03,Current,0,0,other,AZ,16.729999542236328,1,10-20,$120k+,30.666666666666668,Medium Risk,720.0,724.0,0,0,15,0,24386.0,65.4000015258789,27,9809.9599609375,6257.83984375,3552.1201171875,0.0,Individual,5,0
132312275,20000.0,20000.0,36.0,9.430000305175781,640.010009765625,B,B1,10.0,MORTGAGE,120000.0,120000.0,Not Verified,2018-05-01,2018,5,2018-05,Current,0,0,credit_card,MI,5.289999961853027,1,<10,$120k+,15.41409993155373,Low Risk,695.0,699.0,0,2,9,0,17265.0,36.900001525878906,19,6379.14013671875,5002.81005859375,1376.3299560546875,0.0,Individual,1,0
97486704,4250.0,4250.0,36.0,11.489999771118164,140.1300048828125,B,B5,9.0,MORTGAGE,70000.0,70000.0,Not Verified,2017-02-01,2017,2,2017-02,Current,0,0,home_improvement,OH,31.8700008392334,1,30-40,$60k-90k,13.839835728952773,Low Risk,695.0,699.0,0,0,12,0,20058.0,67.5,20,3500.5400390625,2793.64990234375,706.8900146484375,0.0,Individual,1,0
8125025,2000.0,2000.0,36.0,20.200000762939453,74.54000091552734,D,D5,3.0,RENT,40000.0,40000.0,Not Verified,2013-10-01,2013,10,2013-10,Fully Paid,1,0,other,VT,15.720000267028809,1,10-20,$30k-60k,6.74880219028063,Medium Risk,705.0,709.0,0,0,4,0,3084.0,60.5,7,2683.006103515625,2000.0,683.010009765625,0.0,Individual,0,0
27199896,3000.0,3000.0,36.0,13.350000381469727,101.58999633789062,C,C2,0.0,RENT,14000.0,14000.0,Not Verified,2014-09-01,2014,9,2014-09,Fully Paid,1,0,major_purchase,GA,19.040000915527344,1,10-20,<$30k,3.0855578370978782,Medium Risk,715.0,719.0,0,1,4,0,957.0,31.899999618530273,4,3657.1669921875,3000.0,657.1699829101562,0.0,Individual,0,0
97914066,4000.0,4000.0,36.0,14.989999771118164,138.64999389648438,C,C4,3.0,OWN,26000.0,26000.0,Source Verified,2017-03-01,2017,3,2017-03,Current,0,0,debt_consolidation,MO,6.329999923706055,1,<10,<$30k,30.414784394250514,Medium Risk,660.0,664.0,4,0,7,0,1021.0,51.0,12,3324.27001953125,2464.090087890625,860.1799926757812,0.0,Individual,1,0
1315736,35000.0,35000.0,36.0,20.5,1309.6600341796875,E,E2,5.0,MORTGAGE,168000.0,168000.0,Verified,2012-06-01,2012,6,2012-06,Charged Off,1,1,home_improvement,NY,18.350000381469727,1,10-20,$120k+,16.331279945242983,High Risk,670.0,674.0,0,2,14,0,27731.0,80.5999984741211,27,28806.94921875,16777.48046875,9406.1298828125,2623.340087890625,Individual,1,0
46785856,24450.0,24450.0,36.0,15.609999656677246,854.8900146484375,D,D1,10.0,RENT,49000.0,49000.0,Verified,2015-05-01,2015,5,2015-05,Fully Paid,1,0,debt_consolidation,NJ,18.219999313354492,1,10-20,$30k-60k,17.412731006160165,Medium Risk,680.0,684.0,0,1,9,0,23609.0,75.69999694824219,18,30595.77734375,24450.0,6145.77978515625,0.0,Individual,0,0
140871670,11000.0,11000.0,36.0,13.5600004196167,373.6099853515625,C,C1,3.0,RENT,55000.0,55000.0,Verified,2018-10-01,2018,10,2018-10,Current,0,0,debt_consolidation,CA,22.610000610351562,1,20-30,$30k-60k,8.167008898015059,Medium Risk,685.0,689.0,0,0,11,0,12282.0,47.400001525878906,12,1895.3599853515625,1275.050048828125,620.3099975585938,0.0,Individual,0,0
84553137,19800.0,19800.0,36.0,17.989999771118164,715.719970703125,D,D2,0.0,RENT,45000.0,45000.0,Verified,2016-07-01,2016,7,2016-07,Fully Paid,1,0,debt_consolidation,DE,13.100000381469727,1,10-20,$30k-60k,12.498288843258042,Medium Risk,700.0,704.0,0,2,8,0,2029.0,8.5,30,25332.2265625,19800.0,5460.64990234375,0.0,Individual,0,0
134556737,12000.0,12000.0,36.0,12.130000114440918,399.32000732421875,B,B5,2.0,RENT,95000.0,95000.0,Not Verified,2018-06-01,2018,6,2018-06,Current,0,0,credit_card,GA,16.719999313354492,1,10-20,$90k-120k,25.251197809719372,Low Risk,660.0,664.0,5,0,12,0,18861.0,79.19999694824219,36,3632.06005859375,2604.580078125,1027.47998046875,0.0,Individual,4,0
87997760,10000.0,10000.0,36.0,15.59000015258789,349.54998779296875,C,C5,0.0,MORTGAGE,32000.0,32000.0,Source Verified,2016-08-01,2016,8,2016-08,Current,0,0,debt_consolidation,OH,6.53000020980835,1,<10,$30k-60k,13.086926762491444,Medium Risk,670.0,674.0,0,0,11,0,5384.0,89.69999694824219,18,10857.7001953125,8318.08984375,2539.610107421875,0.0,Individual,1,0
62217028,35000.0,35000.0,60.0,16.989999771118164,869.6599731445312,D,D3,10.0,MORTGAGE,85668.0,85668.0,Source Verified,2015-10-01,2015,10,2015-10,Fully Paid,1,0,debt_consolidation,NJ,19.09000015258789,1,10-20,$60k-90k,13.831622176591376,Medium Risk,725.0,729.0,0,0,9,0,23839.0,66.19999694824219,60,37718.76171875,35000.0,2718.760009765625,0.0,Individual,4,0
88154183,18000.0,18000.0,60.0,18.989999771118164,466.8399963378906,D,D3,1.0,MORTGAGE,80000.0,80000.0,Source Verified,2016-09-01,2016,9,2016-09,Fully Paid,1,0,debt_consolidation,IL,19.700000762939453,1,10-20,$60k-90k,22.086242299794662,Medium Risk,700.0,704.0,1,1,13,0,30320.0,68.80000305175781,30,20929.20703125,18000.0,2929.2099609375,0.0,Individual,4,0
88166328,28000.0,28000.0,60.0,15.59000015258789,674.8300170898438,C,C5,10.0,OWN,85635.0,85635.0,Not Verified,2016-08-01,2016,8,2016-08,Charged Off,1,1,credit_card,NY,24.59000015258789,1,20-30,$60k-90k,31.16769336071184,Medium Risk,700.0,704.0,0,0,20,0,31528.0,75.80000305175781,33,6076.64013671875,2949.550048828125,3077.090087890625,50.0,Individual,5,0
71025085,11875.0,11875.0,36.0,18.989999771118164,435.239990234375,D,D4,2.0,MORTGAGE,90000.0,90000.0,Verified,2016-02-01,2016,2,2016-02,Fully Paid,1,0,debt_consolidation,OH,16.8799991607666,1,10-20,$90k-120k,8.16974674880219,Medium Risk,660.0,664.0,0,0,10,0,11237.0,72.5,29,14548.4052734375,11875.0,2673.409912109375,0.0,Individual,1,0
13126084,20000.0,20000.0,60.0,15.609999656677246,482.2300109863281,C,C5,5.0,MORTGAGE,87500.0,87500.0,Verified,2014-03-01,2014,3,2014-03,Charged Off,1,1,credit_card,MI,12.210000038146973,1,10-20,$60k-90k,14.16290212183436,Medium Risk,700.0,704.0,0,1,12,0,9066.0,66.0,18,12943.2802734375,6208.330078125,5365.18994140625,1369.760009765625,Individual,1,0
14258022,6000.0,6000.0,36.0,12.489999771118164,200.6999969482422,B,B4,9.0,RENT,63000.0,63000.0,Not Verified,2014-05-01,2014,5,2014-05,Fully Paid,1,0,debt_consolidation,CA,2.4800000190734863,1,<10,$60k-90k,14.833675564681725,Low Risk,720.0,724.0,0,0,11,1,2445.0,11.600000381469727,16,6087.1298828125,6000.0,87.12999725341797,0.0,Individual,0,1
70897354,3000.0,3000.0,36.0,14.460000038146973,103.20999908447266,C,C4,9.0,OWN,40000.0,40000.0,Source Verified,2016-02-01,2016,2,2016-02,Charged Off,1,1,medical,AZ,32.849998474121094,1,30-40,$30k-60k,16.999315537303218,Medium Risk,695.0,699.0,0,1,7,0,25607.0,44.0,18,2176.389892578125,1590.6199951171875,570.77001953125,0.0,Individual,2,0
61483501,32000.0,32000.0,60.0,12.6899995803833,723.0399780273438,C,C2,0.0,MORTGAGE,300000.0,300000.0,Source Verified,2015-10-01,2015,10,2015-10,Charged Off,1,1,credit_card,KS,8.479999542236328,1,<10,$120k+,19.915126625598905,Medium Risk,690.0,694.0,0,0,11,0,44393.0,77.19999694824219,28,20106.009765625,12458.1904296875,7647.81982421875,0.0,Individual,5,0
94100535,30000.0,30000.0,36.0,11.4399995803833,988.4299926757812,B,B4,2.0,RENT,76300.0,76300.0,Verified,2016-12-01,2016,12,2016-12,Fully Paid,1,0,debt_consolidation,PA,9.039999961853027,1,<10,$60k-90k,6.168377823408624,Low Risk,660.0,664.0,0,0,3,0,23849.0,95.0,9,32761.80078125,30000.0,2761.800048828125,0.0,Individual,0,0
10066654,8000.0,8000.0,36.0,13.979999542236328,273.3500061035156,C,C1,10.0,MORTGAGE,65000.0,65000.0,Verified,2014-01-01,2014,1,2014-01,Fully Paid,1,0,other,CA,2.0899999141693115,1,<10,$60k-90k,28.58590006844627,Medium Risk,745.0,749.0,0,0,8,0,4834.0,19.5,19,9108.1298828125,8000.0,1108.1300048828125,0.0,Individual,4,0
41860533,13000.0,13000.0,36.0,6.920000076293945,400.92999267578125,A,A4,1.0,RENT,47000.0,47000.0,Not Verified,2015-03-01,2015,3,2015-03,Fully Paid,1,0,credit_card,NY,18.1299991607666,1,10-20,$30k-60k,13.494866529774127,Low Risk,700.0,704.0,0,1,14,0,13905.0,41.5,21,14452.4833984375,13000.0,1452.47998046875,0.0,Individual,0,0
41226903,35000.0,35000.0,60.0,12.289999961853027,783.7000122070312,C,C1,4.0,MORTGAGE,165000.0,165000.0,Verified,2015-03-01,2015,3,2015-03,Current,0,0,debt_consolidation,AR,19.559999465942383,1,10-20,$120k+,15.41409993155373,Medium Risk,720.0,724.0,0,0,11,0,30938.0,71.5,22,37569.80859375,26193.25,11376.5595703125,0.0,Individual,5,0
129164812,20000.0,20000.0,36.0,6.070000171661377,609.0800170898438,A,A2,8.0,MORTGAGE,85000.0,85000.0,Source Verified,2018-02-01,2018,2,2018-02,Current,0,0,credit_card,CT,15.90999984741211,1,10-20,$60k-90k,16.83778234086242,Low Risk,765.0,769.0,0,0,10,0,26985.0,40.400001525878906,30,7904.5498046875,6807.02978515625,1097.52001953125,0.0,Individual,5,0
132487026,6000.0,6000.0,36.0,12.609999656677246,201.0399932861328,C,C1,5.0,MORTGAGE,135000.0,135000.0,Not Verified,2018-05-01,2018,5,2018-05,Current,0,0,home_improvement,OH,6.5,1,<10,$120k+,16.83230663928816,Medium Risk,675.0,679.0,1,3,6,0,6528.0,85.9000015258789,25,2006.199951171875,1446.280029296875,559.9199829101562,0.0,Individual,3,0
14007899,9650.0,9650.0,36.0,15.3100004196167,335.989990234375,C,C4,9.0,RENT,43000.0,43000.0,Source Verified,2014-05-01,2014,5,2014-05,Charged Off,1,1,home_improvement,NY,20.209999084472656,1,20-30,$30k-60k,8.0,Medium Risk,680.0,684.0,0,0,13,0,13900.0,56.0,25,6022.64990234375,3488.429931640625,1551.4200439453125,966.0,Individual,0,0
119306710,3600.0,3600.0,36.0,10.90999984741211,117.70999908447266,B,B4,0.0,MORTGAGE,85000.0,85000.0,Source Verified,2017-09-01,2017,9,2017-09,Current,0,0,debt_consolidation,OH,19.170000076293945,1,10-20,$60k-90k,25.418206707734427,Low Risk,670.0,674.0,3,0,9,0,9565.0,96.5999984741211,23,2116.60009765625,1653.780029296875,462.82000732421875,0.0,Joint App,3,0
132891073,32000.0,32000.0,60.0,13.579999923706055,737.6400146484375,C,C2,10.0,MORTGAGE,75000.0,75000.0,Source Verified,2018-05-01,2018,5,2018-05,Current,0,0,debt_consolidation,CO,24.559999465942383,1,20-30,$60k-90k,13.166324435318275,Medium Risk,750.0,754.0,0,1,8,0,5963.0,28.700000762939453,14,7328.1201171875,3952.179931640625,3375.93994140625,0.0,Joint App,1,0
70631134,15000.0,15000.0,36.0,6.489999771118164,459.6700134277344,A,A2,7.0,OWN,36000.0,36000.0,Verified,2016-02-01,2016,2,2016-02,Fully Paid,1,0,debt_consolidation,NC,4.329999923706055,1,<10,$30k-60k,28.83778234086242,Low Risk,795.0,799.0,0,1,3,0,11146.0,15.5,15,16466.326171875,15000.0,1466.3299560546875,0.0,Individual,1,0
99551203,9050.0,9050.0,36.0,11.4399995803833,298.17999267578125,B,B4,10.0,MORTGAGE,73000.0,73000.0,Source Verified,2017-02-01,2017,2,2017-02,Fully Paid,1,0,debt_consolidation,IL,18.920000076293945,1,10-20,$60k-90k,16.75564681724846,Low Risk,735.0,739.0,1,1,9,0,6550.0,15.699999809265137,46,9543.5302734375,9050.0,493.5299987792969,0.0,Individual,3,0
129934804,8000.0,8000.0,36.0,15.039999961853027,277.4800109863281,C,C4,2.0,OWN,30000.0,30000.0,Source Verified,2018-03-01,2018,3,2018-03,Current,0,0,credit_card,SC,5.679999828338623,1,<10,$30k-60k,7.077344284736482,Medium Risk,690.0,694.0,0,0,4,0,5746.0,60.5,6,3855.919921875,2855.7099609375,1000.2100219726562,0.0,Individual,0,0
129806501,10500.0,10500.0,36.0,10.899999618530273,343.260009765625,B,B4,8.0,RENT,57000.0,57000.0,Source Verified,2018-03-01,2018,3,2018-03,Current,0,0,credit_card,NY,11.220000267028809,1,10-20,$30k-60k,7.2470910335386725,Low Risk,715.0,719.0,0,0,4,0,7843.0,54.099998474121094,4,4128.66015625,3127.830078125,1000.8300170898438,0.0,Individual,0,0
142993300,3000.0,3000.0,36.0,11.550000190734863,99.0,B,B4,4.0,MORTGAGE,80000.0,80000.0,Verified,2018-11-01,2018,11,2018-11,Current,0,0,credit_card,SC,11.960000038146973,1,10-20,$60k-90k,7.085557837097878,Low Risk,665.0,669.0,0,0,9,0,2402.0,38.70000076293945,10,392.1499938964844,284.5799865722656,107.56999969482422,0.0,Individual,1,0
97649660,12325.0,12325.0,36.0,13.489999771118164,418.20001220703125,C,C2,10.0,MORTGAGE,56000.0,56000.0,Source Verified,2017-02-01,2017,2,2017-02,Fully Paid,1,0,credit_card,TX,19.18000030517578,1,10-20,$30k-60k,14.505133470225873,Medium Risk,660.0,664.0,0,0,8,0,30962.0,85.0999984741211,52,14139.6748046875,12325.0,1814.6700439453125,0.0,Individual,2,0
65067516,10000.0,10000.0,36.0,6.889999866485596,308.2699890136719,A,A3,3.0,RENT,75000.0,75000.0,Not Verified,2015-11-01,2015,11,2015-11,Fully Paid,1,0,debt_consolidation,FL,12.5600004196167,1,10-20,$60k-90k,32.41889117043121,Low Risk,710.0,714.0,0,2,14,0,14190.0,37.400001525878906,32,11091.9111328125,10000.0,1091.9100341796875,0.0,Individual,3,0
102643743,25000.0,25000.0,36.0,6.989999771118164,771.8200073242188,A,A2,10.0,MORTGAGE,133000.0,133000.0,Not Verified,2017-03-01,2017,3,2017-03,Current,0,0,credit_card,IN,17.110000610351562,1,10-20,$120k+,14.247775496235455,Low Risk,710.0,714.0,0,0,15,0,35753.0,59.29999923706055,24,18499.41015625,16079.76953125,2419.639892578125,0.0,Individual,1,0
121736002,24000.0,24000.0,36.0,14.079999923706055,821.2000122070312,C,C3,0.0,OWN,80000.0,80000.0,Source Verified,2017-10-01,2017,10,2017-10,Current,0,0,credit_card,MD,15.40999984741211,1,10-20,$60k-90k,19.586584531143053,Medium Risk,680.0,684.0,0,1,23,0,19125.0,67.30000305175781,47,13941.6298828125,10086.91015625,3854.719970703125,0.0,Individual,0,0
55513934,15000.0,15000.0,36.0,11.529999732971191,494.8599853515625,B,B5,9.0,OWN,42000.0,42000.0,Not Verified,2015-07-01,2015,7,2015-07,Fully Paid,1,0,debt_consolidation,TX,30.0,1,30-40,$30k-60k,36.747433264887064,Low Risk,725.0,729.0,0,2,16,0,16674.0,35.70000076293945,29,17848.33984375,15000.0,2848.340087890625,0.0,Individual,0,0
114145215,17000.0,17000.0,36.0,7.96999979019165,532.489990234375,A,A5,0.0,RENT,87000.0,87000.0,Not Verified,2017-07-01,2017,7,2017-07,Current,0,0,credit_card,TX,14.510000228881836,1,10-20,$60k-90k,9.49760438056126,Low Risk,690.0,694.0,0,0,11,0,17906.0,53.599998474121094,19,10634.75,8942.8203125,1691.9300537109375,0.0,Joint App,0,0
69933184,20000.0,20000.0,36.0,12.880000114440918,672.72998046875,C,C2,7.0,RENT,60000.0,60000.0,Source Verified,2016-01-01,2016,1,2016-01,Fully Paid,1,0,debt_consolidation,CA,4.099999904632568,1,<10,$60k-90k,9.83709787816564,Medium Risk,690.0,694.0,0,0,4,0,5762.0,62.0,5,24203.69140625,20000.0,4203.68994140625,0.0,Individual,0,0
33661451,20000.0,20000.0,36.0,13.65999984741211,680.260009765625,C,C3,,MORTGAGE,50000.0,50000.0,Verified,2014-11-01,2014,11,2014-11,Charged Off,1,1,debt_consolidation,FL,30.649999618530273,1,30-40,$30k-60k,12.917180013689254,Medium Risk,695.0,699.0,0,0,11,0,22366.0,74.5999984741211,14,21072.880859375,16712.0703125,4360.81005859375,0.0,Individual,1,0
76372385,5000.0,5000.0,36.0,10.75,163.11000061035156,B,B4,,RENT,70000.0,70000.0,Not Verified,2016-04-01,2016,4,2016-04,Fully Paid,1,0,house,NC,13.970000267028809,1,10-20,$60k-90k,6.33264887063655,Low Risk,765.0,769.0,0,1,14,0,3213.0,7.400000095367432,21,5230.32568359375,5000.0,230.3300018310547,0.0,Individual,0,0
125199780,20100.0,20100.0,36.0,19.030000686645508,737.0999755859375,D,D3,2.0,RENT,155000.0,155000.0,Verified,2017-12-01,2017,12,2017-12,Current,0,0,credit_card,VA,17.18000030517578,1,10-20,$120k+,14.587268993839835,Medium Risk,670.0,674.0,0,1,29,1,39027.0,61.20000076293945,39,11030.3798828125,7022.0498046875,4008.330078125,0.0,Individual,0,1
95928915,13150.0,13150.0,36.0,14.989999771118164,455.7900085449219,C,C4,4.0,OWN,38700.0,38700.0,Verified,2016-12-01,2016,12,2016-12,Fully Paid,1,0,debt_consolidation,TX,19.09000015258789,1,10-20,$30k-60k,30.915811088295687,Medium Risk,665.0,669.0,0,1,17,0,21889.0,34.29999923706055,43,13943.400390625,13150.0,793.4000244140625,0.0,Individual,0,0
78904581,28000.0,28000.0,36.0,5.320000171661377,843.219970703125,A,A1,2.0,MORTGAGE,187200.0,187200.0,Source Verified,2016-06-01,2016,6,2016-06,Current,0,0,debt_consolidation,LA,16.09000015258789,1,10-20,$120k+,25.086926762491444,Low Risk,700.0,704.0,0,0,25,0,67734.0,44.099998474121094,45,27836.109375,25491.140625,2344.969970703125,0.0,Individual,3,0
76363889,10000.0,10000.0,36.0,7.389999866485596,310.55999755859375,A,A4,4.0,RENT,96000.0,96000.0,Source Verified,2016-04-01,2016,4,2016-04,Fully Paid,1,0,major_purchase,OR,6.5,1,<10,$90k-120k,23.83299110198494,Low Risk,690.0,694.0,0,0,5,0,619.0,4.099999904632568,12,11023.8125,10000.0,1023.8099975585938,0.0,Individual,1,0
98154591,10000.0,10000.0,36.0,8.239999771118164,314.4800109863281,B,B1,,OWN,64296.0,64296.0,Not Verified,2017-02-01,2017,2,2017-02,Fully Paid,1,0,debt_consolidation,CA,19.690000534057617,1,10-20,$60k-90k,40.16974674880219,Low Risk,695.0,699.0,0,1,11,1,21565.0,51.79999923706055,15,10656.1650390625,10000.0,656.1699829101562,0.0,Individual,0,1
144600863,8000.0,8000.0,36.0,7.019999980926514,247.08999633789062,A,A2,0.0,RENT,40000.0,40000.0,Source Verified,2018-12-01,2018,12,2018-12,Current,0,0,debt_consolidation,MO,16.649999618530273,1,10-20,$30k-60k,7.3347022587268995,Low Risk,705.0,709.0,0,0,9,0,7611.0,55.599998474121094,12,781.1500244140625,647.719970703125,133.42999267578125,0.0,Individual,0,0
23043568,5600.0,5600.0,36.0,8.390000343322754,176.5,A,A5,1.0,RENT,110000.0,110000.0,Not Verified,2014-08-01,2014,8,2014-08,Fully Paid,1,0,car,MN,5.070000171661377,1,<10,$90k-120k,8.251882272416154,Low Risk,695.0,699.0,0,1,9,0,6612.0,61.20000076293945,10,6257.490234375,5600.0,657.489990234375,0.0,Individual,0,0
114227277,9600.0,9600.0,36.0,10.420000076293945,311.6700134277344,B,B3,,RENT,30000.0,30000.0,Verified,2017-08-01,2017,8,2017-08,Charged Off,1,1,debt_consolidation,FL,30.959999084472656,1,30-40,$30k-60k,10.001368925393566,Low Risk,715.0,719.0,0,1,4,0,4669.0,47.0,7,4040.60009765625,3127.699951171875,912.9000244140625,0.0,Individual,0,0
65767552,29150.0,29150.0,36.0,10.989999771118164,954.2000122070312,B,B4,9.0,MORTGAGE,110000.0,110000.0,Verified,2015-12-01,2015,12,2015-12,Fully Paid,1,0,debt_consolidation,CT,26.989999771118164,1,20-30,$90k-120k,21.998631074606433,Low Risk,715.0,719.0,0,1,14,0,70282.0,81.0,51,33251.15625,29150.0,4101.16015625,0.0,Individual,8,0
135835772,20000.0,20000.0,36.0,13.0600004196167,674.4600219726562,C,C1,,OWN,100000.0,100000.0,Source Verified,2018-06-01,2018,6,2018-06,Current,0,0,debt_consolidation,NJ,24.8799991607666,1,20-30,$90k-120k,43.167693360711844,Medium Risk,695.0,699.0,1,0,11,0,17534.0,70.0999984741211,32,5439.22021484375,3796.6201171875,1642.5999755859375,0.0,Individual,2,0
125670849,12000.0,12000.0,36.0,9.930000305175781,386.82000732421875,B,B2,10.0,RENT,70000.0,70000.0,Source Verified,2017-12-01,2017,12,2017-12,Current,0,0,debt_consolidation,WI,21.360000610351562,1,20-30,$60k-90k,15.501711156741958,Low Risk,780.0,784.0,0,1,6,0,9401.0,41.20000076293945,15,5795.68017578125,4571.7998046875,1223.8800048828125,0.0,Individual,0,0
127118115,12800.0,12800.0,36.0,14.079999923706055,437.9800109863281,C,C3,5.0,MORTGAGE,87950.0,87950.0,Source Verified,2018-01-01,2018,1,2018-01,Current,0,0,credit_card,GA,14.1899995803833,1,10-20,$60k-90k,16.334017796030118,Medium Risk,680.0,684.0,0,0,15,0,23056.0,65.30000305175781,21,6121.7099609375,4351.2900390625,1770.4200439453125,0.0,Individual,1,0
19086114,29100.0,29100.0,60.0,19.520000457763672,763.22998046875,E,E2,10.0,MORTGAGE,66300.0,66300.0,Source Verified,2014-06-01,2014,6,2014-06,Fully Paid,1,0,debt_consolidation,MO,15.170000076293945,1,10-20,$60k-90k,11.085557837097879,High Risk,705.0,709.0,0,0,9,0,21066.0,62.5,20,37208.140625,29100.0,8108.14013671875,0.0,Individual,4,0
51897252,20000.0,20000.0,60.0,15.609999656677246,482.2300109863281,D,D1,,RENT,50000.0,50000.0,Source Verified,2015-06-01,2015,6,2015-06,Charged Off,1,1,debt_consolidation,FL,28.010000228881836,1,20-30,$30k-60k,24.32854209445585,Medium Risk,665.0,669.0,0,0,15,2,16949.0,73.69999694824219,33,9127.6796875,4748.669921875,4379.009765625,0.0,Individual,0,0
122187411,17150.0,17150.0,60.0,23.8799991607666,492.17999267578125,E,E2,7.0,MORTGAGE,67200.0,67200.0,Verified,2017-11-01,2017,11,2017-11,Current,0,0,debt_consolidation,AZ,33.63999938964844,1,30-40,$60k-90k,10.833675564681725,High Risk,660.0,664.0,0,2,10,0,15433.0,72.0,17,8207.7998046875,3017.219970703125,5190.580078125,0.0,Individual,2,0
23593402,15000.0,15000.0,60.0,14.489999771118164,352.8500061035156,C,C4,10.0,RENT,52447.0,52447.0,Source Verified,2014-08-01,2014,8,2014-08,Current,0,0,debt_consolidation,NY,19.260000228881836,1,10-20,$30k-60k,18.666666666666668,Medium Risk,800.0,804.0,0,0,3,0,0.0,,18,21108.1875,15000.0,6108.18994140625,0.0,Individual,0,0
60345508,25000.0,25000.0,60.0,9.170000076293945,521.030029296875,B,B2,10.0,OWN,75000.0,75000.0,Not Verified,2015-09-01,2015,9,2015-09,Fully Paid,1,0,debt_consolidation,TX,19.489999771118164,1,10-20,$60k-90k,26.33538672142368,Low Risk,770.0,774.0,0,1,14,0,9868.0,12.699999809265137,35,29581.703125,25000.0,4581.7001953125,0.0,Individual,1,0
137819412,10000.0,10000.0,36.0,6.110000133514404,304.7200012207031,A,A1,10.0,OWN,148000.0,148000.0,Not Verified,2018-08-01,2018,8,2018-08,Current,0,0,credit_card,TX,8.789999961853027,1,<10,$120k+,12.580424366872005,Low Risk,725.0,729.0,0,1,17,0,7975.0,17.100000381469727,21,2146.6201171875,1804.0,342.6199951171875,0.0,Individual,3,0
79141694,8000.0,8000.0,36.0,10.75,260.9700012207031,B,B4,0.0,RENT,50000.0,50000.0,Source Verified,2016-05-01,2016,5,2016-05,Fully Paid,1,0,debt_consolidation,CA,17.06999969482422,1,10-20,$30k-60k,23.66324435318275,Low Risk,685.0,689.0,0,0,11,2,3510.0,26.200000762939453,34,9088.1923828125,8000.0,1088.18994140625,0.0,Individual,3,2
140217262,25000.0,25000.0,36.0,7.210000038146973,774.3400268554688,A,A3,9.0,MORTGAGE,150000.0,150000.0,Not Verified,2018-09-01,2018,9,2018-09,Current,0,0,other,NY,12.319999694824219,1,10-20,$120k+,6.417522245037645,Low Risk,715.0,719.0,0,0,16,1,26605.0,45.20000076293945,19,4636.02978515625,3801.489990234375,834.5399780273438,0.0,Individual,2,1
102206310,5325.0,5325.0,36.0,30.989999771118164,228.9600067138672,G,G5,2.0,MORTGAGE,51000.0,51000.0,Verified,2017-03-01,2017,3,2017-03,Charged Off,1,1,debt_consolidation,CA,24.709999084472656,1,20-30,$30k-60k,7.581108829568788,High Risk,680.0,684.0,1,2,15,1,11122.0,41.5,20,668.5399780273438,280.5,388.0400085449219,0.0,Individual,1,1
138776021,27000.0,27000.0,60.0,18.940000534057617,699.510009765625,D,D2,10.0,RENT,75000.0,75000.0,Not Verified,2018-08-01,2018,8,2018-08,Current,0,0,debt_consolidation,OH,38.459999084472656,1,30-40,$60k-90k,11.915126625598905,Medium Risk,715.0,719.0,0,1,16,0,8303.0,33.599998474121094,38,4197.06005859375,1706.260009765625,2490.800048828125,0.0,Joint App,0,0
57136856,1400.0,1400.0,36.0,10.989999771118164,45.83000183105469,B,B4,0.0,RENT,92000.0,92000.0,Source Verified,2015-08-01,2015,8,2015-08,Fully Paid,1,0,debt_consolidation,CA,11.40999984741211,1,10-20,$90k-120k,9.664613278576317,Low Risk,670.0,674.0,0,0,7,0,14549.0,67.4000015258789,16,1616.1795654296875,1400.0,216.17999267578125,0.0,Individual,0,0
40442015,21000.0,21000.0,36.0,12.989999771118164,707.47998046875,C,C2,2.0,RENT,100000.0,100000.0,Source Verified,2015-02-01,2015,2,2015-02,Fully Paid,1,0,debt_consolidation,FL,7.739999771118164,1,<10,$90k-120k,11.756331279945243,Medium Risk,670.0,674.0,6,1,11,0,7424.0,63.0,31,23668.099609375,21000.0,2668.10009765625,0.0,Individual,2,0
144125963,4000.0,4000.0,36.0,8.1899995803833,125.69999694824219,A,A4,0.0,OWN,40000.0,40000.0,Source Verified,2018-11-01,2018,11,2018-11,Fully Paid,1,0,other,OK,18.780000686645508,1,10-20,$30k-60k,16.917180013689254,Low Risk,760.0,764.0,0,0,6,0,10165.0,34.5,9,4078.060791015625,4000.0,78.05999755859375,0.0,Individual,1,0
138961628,12000.0,12000.0,60.0,11.550000190734863,264.2200012207031,B,B4,10.0,MORTGAGE,63552.0,63552.0,Not Verified,2018-08-01,2018,8,2018-08,Fully Paid,1,0,credit_card,AR,31.700000762939453,1,30-40,$60k-90k,10.33264887063655,Low Risk,685.0,689.0,0,0,10,0,10924.0,41.400001525878906,33,12361.1533203125,12000.0,361.1499938964844,0.0,Individual,1,0
54187523,13000.0,13000.0,36.0,9.170000076293945,414.42999267578125,B,B2,10.0,OWN,43000.0,43000.0,Verified,2015-07-01,2015,7,2015-07,Fully Paid,1,0,debt_consolidation,CA,6.389999866485596,1,<10,$30k-60k,16.66255989048597,Low Risk,705.0,709.0,0,1,12,0,3673.0,17.700000762939453,26,14919.306640625,13000.0,1919.31005859375,0.0,Individual,0,0
114934159,32000.0,32000.0,36.0,19.030000686645508,1173.47998046875,D,D3,10.0,MORTGAGE,120000.0,120000.0,Source Verified,2017-08-01,2017,8,2017-08,Fully Paid,1,0,credit_card,MS,32.20000076293945,1,30-40,$120k+,26.001368925393567,Medium Risk,680.0,684.0,0,2,10,0,27564.0,73.0,36,35030.3359375,32000.0,3030.330078125,0.0,Individual,0,0
77191140,10000.0,10000.0,36.0,11.470000267028809,329.6199951171875,B,B5,10.0,MORTGAGE,70000.0,70000.0,Source Verified,2016-04-01,2016,4,2016-04,Fully Paid,1,0,debt_consolidation,TX,7.199999809265137,1,<10,$60k-90k,12.83504449007529,Low Risk,665.0,669.0,0,0,6,0,9316.0,78.30000305175781,10,11683.166015625,10000.0,1683.1700439453125,0.0,Individual,0,0
128889003,14000.0,14000.0,36.0,9.4399995803833,448.07000732421875,B,B1,3.0,RENT,70000.0,70000.0,Not Verified,2018-02-01,2018,2,2018-02,Current,0,0,credit_card,NY,12.270000457763672,1,10-20,$60k-90k,4.837782340862423,Low Risk,745.0,749.0,0,0,7,0,9582.0,24.600000381469727,11,5817.56982421875,4606.64013671875,1210.9300537109375,0.0,Individual,0,0
9384788,10600.0,10600.0,36.0,8.899999618530273,336.5899963378906,A,A5,0.0,RENT,116000.0,116000.0,Not Verified,2013-12-01,2013,12,2013-12,Fully Paid,1,0,credit_card,DC,3.7799999713897705,1,<10,$90k-120k,15.586584531143053,Low Risk,670.0,674.0,1,1,11,0,12316.0,74.5999984741211,41,11725.830078125,10600.0,1125.8299560546875,0.0,Individual,2,0
93227758,2500.0,2500.0,36.0,13.489999771118164,84.83000183105469,C,C2,2.0,RENT,31200.0,31200.0,Source Verified,2016-11-01,2016,11,2016-11,Fully Paid,1,0,other,NY,21.540000915527344,1,20-30,$30k-60k,9.672826830937714,Medium Risk,700.0,704.0,0,0,16,0,4169.0,31.299999237060547,33,2593.60693359375,2500.0,93.61000061035156,0.0,Individual,0,0
3373054,35000.0,35000.0,36.0,13.109999656677246,1181.1500244140625,B,B4,10.0,MORTGAGE,160000.0,160000.0,Verified,2013-04-01,2013,4,2013-04,Fully Paid,1,0,debt_consolidation,CA,16.610000610351562,1,10-20,$120k+,23.581108829568787,Low Risk,750.0,754.0,0,4,19,0,30836.0,43.099998474121094,55,37285.9609375,35000.0,2285.9599609375,0.0,Individual,2,0
107633872,6500.0,6500.0,36.0,12.739999771118164,218.1999969482422,C,C1,8.0,RENT,34560.0,34560.0,Source Verified,2017-05-01,2017,5,2017-05,Current,0,0,credit_card,MI,7.949999809265137,1,<10,$30k-60k,8.49555099247091,Medium Risk,710.0,714.0,0,0,3,0,2088.0,80.30000305175781,4,4795.7998046875,3674.830078125,1120.969970703125,0.0,Individual,0,0
140651367,30000.0,30000.0,36.0,6.670000076293945,921.7999877929688,A,A2,10.0,MORTGAGE,150000.0,150000.0,Not Verified,2018-09-01,2018,9,2018-09,Current,0,0,credit_card,WA,5.829999923706055,1,<10,$120k+,20.750171115674195,Low Risk,730.0,734.0,0,0,9,0,32804.0,44.5,21,5519.68017578125,4593.72021484375,925.9600219726562,0.0,Individual,3,0
10647821,20000.0,20000.0,36.0,11.989999771118164,664.2000122070312,B,B3,0.0,MORTGAGE,150000.0,150000.0,Verified,2014-01-01,2014,1,2014-01,Fully Paid,1,0,credit_card,GA,10.729999542236328,1,10-20,$120k+,14.420260095824778,Low Risk,685.0,689.0,0,1,10,0,23499.0,58.20000076293945,20,23315.80078125,20000.0,3315.800048828125,0.0,Individual,2,0
69723422,18000.0,18000.0,36.0,10.779999732971191,587.4299926757812,B,B4,5.0,RENT,61000.0,61000.0,Source Verified,2016-01-01,2016,1,2016-01,Fully Paid,1,0,debt_consolidation,CA,15.5,1,10-20,$60k-90k,17.418206707734427,Low Risk,715.0,719.0,0,2,11,0,14230.0,56.0,23,19526.099609375,18000.0,1526.0999755859375,0.0,Individual,0,0
535037,2500.0,2500.0,36.0,6.760000228881836,76.91999816894531,A,A2,4.0,MORTGAGE,57000.0,57000.0,Not Verified,2010-06-01,2010,6,2010-06,Fully Paid,1,0,debt_consolidation,WI,6.989999771118164,1,<10,$30k-60k,13.664613278576317,Low Risk,755.0,759.0,1,2,15,0,4658.0,10.800000190734863,39,2769.2822265625,2500.0,269.2799987792969,0.0,Individual,-1,0
128489860,15000.0,15000.0,36.0,9.930000305175781,483.5199890136719,B,B2,10.0,RENT,105000.0,105000.0,Source Verified,2018-02-01,2018,2,2018-02,Current,0,0,debt_consolidation,NY,6.03000020980835,1,<10,$90k-120k,12.0,Low Risk,705.0,709.0,0,1,10,0,17489.0,40.20000076293945,12,6277.47998046875,4911.2900390625,1366.18994140625,0.0,Individual,0,0
100096560,9600.0,9600.0,36.0,11.4399995803833,316.29998779296875,B,B4,0.0,OWN,40000.0,40000.0,Source Verified,2017-03-01,2017,3,2017-03,Current,0,0,debt_consolidation,CA,26.90999984741211,1,20-30,$30k-60k,15.329226557152635,Low Risk,675.0,679.0,0,1,10,1,7724.0,61.29999923706055,22,7587.27978515625,6029.66015625,1557.6199951171875,0.0,Individual,0,1
88372574,28000.0,28000.0,60.0,8.989999771118164,581.0999755859375,B,B1,2.0,MORTGAGE,90000.0,90000.0,Not Verified,2016-08-01,2016,8,2016-08,Current,0,0,debt_consolidation,CA,15.829999923706055,1,10-20,$90k-120k,26.666666666666668,Low Risk,730.0,734.0,0,0,16,0,22770.0,34.099998474121094,37,18000.119140625,12903.7197265625,5096.39990234375,0.0,Individual,5,0
140638215,20000.0,20000.0,36.0,12.729999542236328,671.2899780273438,B,B5,6.0,MORTGAGE,94469.0,94469.0,Source Verified,2018-09-01,2018,9,2018-09,Current,0,0,debt_consolidation,KY,23.290000915527344,1,20-30,$90k-120k,9.998631074606434,Low Risk,685.0,689.0,0,0,8,1,11661.0,84.5,11,4013.60009765625,2828.840087890625,1184.760009765625,0.0,Individual,1,1
130057732,22500.0,22500.0,60.0,9.920000076293945,477.17999267578125,B,B2,6.0,OWN,108000.0,108000.0,Not Verified,2018-04-01,2018,4,2018-04,Current,0,0,debt_consolidation,FL,11.930000305175781,1,10-20,$90k-120k,18.666666666666668,Low Risk,725.0,729.0,0,2,31,0,25090.0,13.0,60,5224.18017578125,3338.7099609375,1885.469970703125,0.0,Individual,3,0
102350046,5000.0,5000.0,36.0,7.489999771118164,155.50999450683594,A,A4,0.0,RENT,50000.0,50000.0,Source Verified,2017-03-01,2017,3,2017-03,Fully Paid,1,0,debt_consolidation,NJ,16.469999313354492,1,10-20,$30k-60k,10.581793292265571,Low Risk,755.0,759.0,0,1,6,0,8663.0,33.79999923706055,15,5317.146484375,5000.0,317.1499938964844,0.0,Individual,0,0
143909611,7000.0,7000.0,36.0,24.3700008392334,276.0,E,E2,4.0,MORTGAGE,70344.0,70344.0,Source Verified,2018-11-01,2018,11,2018-11,Current,0,0,debt_consolidation,TX,15.649999618530273,1,10-20,$60k-90k,15.16769336071184,High Risk,675.0,679.0,0,3,22,0,32417.0,67.5,46,1149.4200439453125,737.3900146484375,412.0299987792969,0.0,Individual,1,0
41398784,15000.0,15000.0,36.0,6.389999866485596,458.989990234375,A,A2,1.0,RENT,135000.0,135000.0,Not Verified,2015-02-01,2015,2,2015-02,Fully Paid,1,0,debt_consolidation,MI,13.569999694824219,1,10-20,$120k+,23.419575633127995,Low Risk,730.0,734.0,0,1,35,0,13191.0,27.0,79,16497.83203125,15000.0,1497.8299560546875,0.0,Individual,0,0
92431929,15000.0,15000.0,36.0,7.239999771118164,464.80999755859375,A,A3,10.0,MORTGAGE,300000.0,300000.0,Verified,2016-11-01,2016,11,2016-11,Current,0,0,credit_card,VA,13.539999961853027,1,10-20,$120k+,14.168377823408624,Low Risk,680.0,684.0,2,1,13,0,84479.0,76.0,26,13008.650390625,11380.7001953125,1627.949951171875,0.0,Individual,6,0
3705184,19425.0,19425.0,60.0,22.469999313354492,541.7100219726562,E,E5,8.0,MORTGAGE,60000.0,60000.0,Verified,2013-03-01,2013,3,2013-03,Fully Paid,1,0,home_improvement,PA,17.139999389648438,1,10-20,$60k-90k,5.49760438056126,High Risk,660.0,664.0,0,4,13,0,6527.0,72.5,13,19791.28515625,19425.0,366.2900085449219,0.0,Individual,1,0
83952881,10000.0,10000.0,36.0,14.489999771118164,344.1700134277344,C,C4,10.0,MORTGAGE,48000.0,48000.0,Source Verified,2016-06-01,2016,6,2016-06,Fully Paid,1,0,debt_consolidation,MN,31.450000762939453,1,30-40,$30k-60k,9.253935660506503,Medium Risk,665.0,669.0,1,0,16,0,12613.0,60.29999923706055,23,12004.375,10000.0,2004.3699951171875,0.0,Individual,2,0
108513396,4500.0,4500.0,36.0,9.4399995803833,144.02999877929688,B,B1,1.0,RENT,75000.0,75000.0,Not Verified,2017-05-01,2017,5,2017-05,Current,0,0,debt_consolidation,VA,20.93000030517578,1,20-30,$60k-90k,15.082819986310746,Low Risk,760.0,764.0,0,2,11,0,12596.0,20.299999237060547,20,4022.639892578125,3545.52001953125,477.1199951171875,0.0,Individual,0,0
124968061,9000.0,9000.0,36.0,13.59000015258789,305.80999755859375,C,C2,1.0,OWN,50000.0,50000.0,Source Verified,2017-11-01,2017,11,2017-11,Current,0,0,debt_consolidation,SD,19.3700008392334,1,10-20,$30k-60k,11.586584531143053,Medium Risk,680.0,684.0,0,1,14,0,28810.0,69.0,18,4573.56005859375,3313.030029296875,1260.530029296875,0.0,Individual,0,0
41440397,8000.0,8000.0,36.0,11.529999732971191,263.92999267578125,B,B5,8.0,RENT,56000.0,56000.0,Source Verified,2015-03-01,2015,3,2015-03,Fully Paid,1,0,debt_consolidation,CA,10.630000114440918,1,10-20,$30k-60k,15.832991101984941,Low Risk,665.0,669.0,0,0,9,2,4555.0,29.200000762939453,33,9074.9697265625,8000.0,1074.969970703125,0.0,Individual,0,2
68478325,12500.0,12500.0,36.0,9.170000076293945,398.489990234375,B,B2,,MORTGAGE,110000.0,110000.0,Not Verified,2016-01-01,2016,1,2016-01,Fully Paid,1,0,debt_consolidation,TX,3.5299999713897705,1,<10,$90k-120k,15.16495550992471,Low Risk,665.0,669.0,0,2,14,1,10878.0,34.0,25,13534.416015625,12500.0,1034.4200439453125,0.0,Individual,3,1
4454653,3975.0,3975.0,36.0,14.329999923706055,136.5,C,C1,,MORTGAGE,29942.0,29942.0,Verified,2013-05-01,2013,5,2013-05,Fully Paid,1,0,debt_consolidation,NC,29.6200008392334,1,20-30,<$30k,22.663928815879533,Medium Risk,690.0,694.0,0,1,7,0,5536.0,41.900001525878906,22,4324.4140625,3975.0,349.4100036621094,0.0,Individual,5,0
6926000,1175.0,1175.0,36.0,20.309999465942383,43.86000061035156,D,D5,1.0,RENT,31749.0,31749.0,Not Verified,2013-09-01,2013,9,2013-09,Fully Paid,1,0,moving,AZ,11.569999694824219,1,10-20,$30k-60k,8.83230663928816,Medium Risk,665.0,669.0,0,1,8,0,4187.0,53.70000076293945,27,1578.6181640625,1175.0,403.6199951171875,0.0,Individual,0,0
124065090,10000.0,10000.0,36.0,15.050000190734863,346.8999938964844,C,C4,0.0,MORTGAGE,31500.0,31500.0,Not Verified,2017-11-01,2017,11,2017-11,Fully Paid,1,0,credit_card,MI,30.479999542236328,1,30-40,$30k-60k,18.420260095824776,Medium Risk,700.0,704.0,0,0,8,0,19400.0,77.9000015258789,18,11538.626953125,10000.0,1538.6300048828125,0.0,Joint App,2,0
72762392,18000.0,18000.0,36.0,10.75,587.1699829101562,B,B4,10.0,MORTGAGE,94000.0,94000.0,Verified,2016-02-01,2016,2,2016-02,Fully Paid,1,0,medical,IL,30.030000686645508,1,30-40,$90k-120k,16.999315537303218,Low Risk,680.0,684.0,0,0,19,0,52753.0,87.19999694824219,46,21123.3671875,18000.0,3123.3701171875,0.0,Individual,6,0
90926265,16000.0,16000.0,36.0,11.489999771118164,527.5499877929688,B,B5,4.0,RENT,150000.0,150000.0,Source Verified,2016-10-01,2016,10,2016-10,Current,0,0,other,NJ,9.149999618530273,1,<10,$120k+,10.001368925393566,Low Risk,665.0,669.0,0,0,5,0,12959.0,80.0,12,15288.740234375,12445.01953125,2843.719970703125,0.0,Individual,0,0
113629469,16000.0,16000.0,36.0,11.989999771118164,531.3599853515625,B,B5,10.0,MORTGAGE,195000.0,195000.0,Verified,2017-08-01,2017,8,2017-08,Charged Off,1,1,debt_consolidation,ME,20.719999313354492,1,20-30,$120k+,24.418891170431213,Low Risk,670.0,674.0,0,2,24,0,43085.0,74.0,54,7428.3798828125,5549.77001953125,1878.6099853515625,0.0,Individual,7,0
129551494,10000.0,10000.0,60.0,25.809999465942383,298.2900085449219,E,E4,10.0,MORTGAGE,41500.0,41500.0,Not Verified,2018-03-01,2018,3,2018-03,Fully Paid,1,0,debt_consolidation,MS,38.22999954223633,1,30-40,$30k-60k,11.748117727583846,High Risk,680.0,684.0,0,1,6,0,13708.0,79.69999694824219,19,10698.2431640625,10000.0,683.239990234375,0.0,Individual,0,0
135459208,5000.0,5000.0,36.0,14.029999732971191,170.97000122070312,C,C2,,MORTGAGE,48000.0,48000.0,Not Verified,2018-06-01,2018,6,2018-06,Current,0,0,home_improvement,GA,29.649999618530273,1,20-30,$30k-60k,31.252566735112936,Medium Risk,675.0,679.0,1,2,10,1,739.0,5.599999904632568,16,1534.8299560546875,1061.280029296875,473.54998779296875,0.0,Individual,0,1
113597784,16000.0,16000.0,36.0,10.420000076293945,519.4400024414062,B,B3,10.0,MORTGAGE,150000.0,150000.0,Verified,2017-07-01,2017,7,2017-07,Current,0,0,debt_consolidation,WI,16.760000228881836,1,10-20,$120k+,14.08350444900753,Low Risk,700.0,704.0,0,0,14,1,9977.0,22.0,60,12073.6904296875,10000.0,2073.68994140625,0.0,Individual,2,1
104302015,15000.0,15000.0,60.0,18.989999771118164,389.0299987792969,D,D3,1.0,RENT,80000.0,80000.0,Verified,2017-04-01,2017,4,2017-04,Current,0,0,debt_consolidation,AL,33.209999084472656,1,30-40,$60k-90k,10.414784394250514,Medium Risk,705.0,709.0,0,0,22,0,28385.0,72.5999984741211,33,8950.849609375,4165.85009765625,4785.0,0.0,Individual,0,0
6908637,25000.0,25000.0,36.0,10.640000343322754,814.219970703125,B,B2,6.0,MORTGAGE,70000.0,70000.0,Verified,2013-09-01,2013,9,2013-09,Fully Paid,1,0,credit_card,MA,24.399999618530273,1,20-30,$60k-90k,16.580424366872005,Low Risk,725.0,729.0,0,1,9,0,25362.0,39.599998474121094,23,28266.400390625,25000.0,3266.39990234375,0.0,Individual,3,0
60697480,13625.0,13625.0,36.0,9.989999771118164,439.5799865722656,B,B3,6.0,RENT,31000.0,31000.0,Verified,2015-09-01,2015,9,2015-09,Charged Off,1,1,debt_consolidation,NY,16.530000686645508,1,10-20,$30k-60k,8.83230663928816,Low Risk,680.0,684.0,0,1,10,0,14655.0,77.0999984741211,14,7972.7998046875,5557.259765625,1468.4599609375,947.0800170898438,Individual,0,0
132503309,16000.0,16000.0,36.0,9.430000305175781,512.010009765625,B,B1,0.0,RENT,105000.0,105000.0,Source Verified,2018-05-01,2018,5,2018-05,Current,0,0,credit_card,VA,13.739999771118164,1,10-20,$90k-120k,15.41409993155373,Low Risk,715.0,719.0,0,3,11,0,18339.0,32.099998474121094,24,5123.68994140625,4002.27001953125,1121.4200439453125,0.0,Individual,0,0
29805210,35000.0,35000.0,60.0,13.979999542236328,814.030029296875,C,C3,9.0,RENT,110000.0,110000.0,Verified,2014-10-01,2014,10,2014-10,Fully Paid,1,0,major_purchase,NY,33.63999938964844,1,30-40,$90k-120k,17.08145106091718,Medium Risk,780.0,784.0,0,1,23,0,15514.0,20.700000762939453,62,46993.88671875,35000.0,11993.8896484375,0.0,Individual,1,0
127769936,4000.0,4000.0,36.0,9.930000305175781,128.94000244140625,B,B2,1.0,MORTGAGE,30000.0,30000.0,Not Verified,2018-01-01,2018,1,2018-01,Current,0,0,other,TX,22.280000686645508,1,20-30,$30k-60k,11.915126625598905,Low Risk,695.0,699.0,0,0,7,0,16280.0,70.80000305175781,13,1674.010009765625,1309.699951171875,364.30999755859375,0.0,Joint App,2,0
126244115,10500.0,10500.0,60.0,18.059999465942383,266.9800109863281,D,D2,4.0,MORTGAGE,30000.0,30000.0,Source Verified,2018-01-01,2018,1,2018-01,Current,0,0,debt_consolidation,CT,30.8799991607666,1,30-40,$30k-60k,9.585215605749486,Medium Risk,680.0,684.0,1,0,9,0,2902.0,69.0999984741211,10,3790.389892578125,1683.9599609375,2106.429931640625,0.0,Joint App,2,0
30004786,11625.0,11625.0,36.0,16.290000915527344,410.3699951171875,D,D2,10.0,RENT,36000.0,36000.0,Source Verified,2014-10-01,2014,10,2014-10,Fully Paid,1,0,debt_consolidation,VA,27.729999542236328,1,20-30,$30k-60k,9.998631074606434,Medium Risk,670.0,674.0,0,0,5,0,10774.0,99.80000305175781,12,12944.919921875,11625.0,1319.9200439453125,0.0,Individual,0,0
52466337,10000.0,10000.0,36.0,15.609999656677246,349.6499938964844,D,D1,5.0,MORTGAGE,88000.0,88000.0,Verified,2015-06-01,2015,6,2015-06,Charged Off,1,1,debt_consolidation,FL,29.059999465942383,1,20-30,$60k-90k,13.998631074606434,Medium Risk,675.0,679.0,0,1,11,0,18071.0,81.80000305175781,20,2096.18994140625,219.57000732421875,112.73999786376953,1763.8800048828125,Individual,4,0
85350620,12000.0,12000.0,60.0,14.489999771118164,282.2799987792969,C,C4,1.0,OWN,63000.0,63000.0,Source Verified,2016-07-01,2016,7,2016-07,Fully Paid,1,0,home_improvement,VA,18.170000076293945,1,10-20,$60k-90k,11.3347022587269,Medium Risk,675.0,679.0,0,1,10,0,10959.0,52.20000076293945,22,12633.1396484375,12000.0,633.1400146484375,0.0,Individual,2,0
802048,3600.0,3600.0,36.0,13.489999771118164,122.1500015258789,C,C2,10.0,MORTGAGE,65004.0,65004.0,Not Verified,2011-07-01,2011,7,2011-07,Fully Paid,1,0,major_purchase,PA,13.59000015258789,1,10-20,$60k-90k,19.16495550992471,Medium Risk,675.0,679.0,0,1,6,1,4186.0,73.4000015258789,18,4397.38330078125,3600.0,797.3800048828125,0.0,Individual,-1,0
46726530,3800.0,3800.0,36.0,14.649999618530273,131.0800018310547,C,C5,10.0,MORTGAGE,60000.0,60000.0,Not Verified,2015-05-01,2015,5,2015-05,Fully Paid,1,0,other,MN,22.739999771118164,1,20-30,$60k-90k,18.327173169062284,Medium Risk,660.0,664.0,2,0,11,1,12169.0,73.80000305175781,18,4712.5947265625,3800.0,912.5900268554688,0.0,Individual,3,0
7448103,18000.0,18000.0,36.0,11.989999771118164,597.780029296875,B,B3,9.0,MORTGAGE,40000.0,40000.0,Verified,2013-09-01,2013,9,2013-09,Fully Paid,1,0,debt_consolidation,CA,16.709999084472656,1,10-20,$30k-60k,14.171115674195756,Low Risk,665.0,669.0,0,0,8,1,5059.0,52.70000076293945,32,21486.240234375,18000.0,3486.239990234375,0.0,Individual,5,1
23673183,6000.0,6000.0,36.0,12.989999771118164,202.13999938964844,C,C1,10.0,RENT,24000.0,24000.0,Not Verified,2014-08-01,2014,8,2014-08,Fully Paid,1,0,debt_consolidation,MN,21.350000381469727,1,20-30,<$30k,14.08350444900753,Medium Risk,675.0,679.0,0,1,3,0,3816.0,72.0,19,7276.81298828125,6000.0,1276.81005859375,0.0,Individual,1,0
65190883,17050.0,17050.0,60.0,13.670000076293945,393.82000732421875,C,C4,10.0,RENT,44000.0,44000.0,Not Verified,2015-11-01,2015,11,2015-11,Current,0,0,debt_consolidation,NJ,30.6299991607666,1,30-40,$30k-60k,25.998631074606433,Medium Risk,720.0,724.0,0,0,29,0,12819.0,22.600000381469727,42,22788.353515625,17050.0,5738.35009765625,0.0,Individual,0,0
8305832,30900.0,30900.0,60.0,22.399999618530273,860.469970703125,E,E3,10.0,MORTGAGE,117000.0,117000.0,Verified,2013-10-01,2013,10,2013-10,Fully Paid,1,0,debt_consolidation,NY,23.229999542236328,1,20-30,$90k-120k,19.3347022587269,High Risk,680.0,684.0,0,0,18,0,37069.0,77.69999694824219,22,44888.58984375,30900.0,13988.58984375,0.0,Individual,1,0
5156164,15050.0,15050.0,36.0,11.550000190734863,496.6499938964844,B,B3,10.0,MORTGAGE,43160.0,43160.0,Not Verified,2013-07-01,2013,7,2013-07,Fully Paid,1,0,credit_card,KY,16.739999771118164,1,10-20,$30k-60k,14.74880219028063,Low Risk,720.0,724.0,0,0,14,0,13647.0,43.70000076293945,24,17809.150390625,15050.0,2759.14990234375,0.0,Individual,1,0
121913730,4000.0,4000.0,36.0,19.030000686645508,146.69000244140625,D,D3,4.0,MORTGAGE,40000.0,40000.0,Verified,2017-11-01,2017,11,2017-11,Current,0,0,credit_card,MI,42.2400016784668,1,40+,$30k-60k,6.91854893908282,Medium Risk,665.0,669.0,0,1,10,1,8851.0,91.19999694824219,13,2342.81005859375,1502.9000244140625,839.9099731445312,0.0,Joint App,1,1
66590694,5000.0,5000.0,36.0,11.220000267028809,164.22000122070312,B,B5,,RENT,36502.0,36502.0,Verified,2015-12-01,2015,12,2015-12,Fully Paid,1,0,debt_consolidation,CO,10.720000267028809,1,10-20,$30k-60k,11.331964407939767,Low Risk,665.0,669.0,0,2,6,1,986.0,26.0,12,5894.22119140625,5000.0,894.219970703125,0.0,Individual,2,1
76414901,31200.0,31200.0,60.0,12.989999771118164,709.739990234375,C,C2,10.0,MORTGAGE,98000.0,98000.0,Not Verified,2016-04-01,2016,4,2016-04,Fully Paid,1,0,debt_consolidation,FL,26.969999313354492,1,20-30,$90k-120k,13.00205338809035,Medium Risk,740.0,744.0,0,0,14,0,20018.0,36.599998474121094,35,34225.87109375,31200.0,3025.8701171875,0.0,Individual,6,0
133477051,16000.0,16000.0,60.0,15.489999771118164,384.7699890136719,C,C4,10.0,MORTGAGE,46000.0,46000.0,Verified,2018-06-01,2018,6,2018-06,Fully Paid,1,0,credit_card,MO,17.65999984741211,1,10-20,$30k-60k,19.085557837097877,Medium Risk,675.0,679.0,0,0,10,0,15729.0,65.0,20,16728.65625,16000.0,728.6599731445312,0.0,Individual,3,0
145025299,10000.0,10000.0,36.0,10.329999923706055,324.2300109863281,B,B1,1.0,MORTGAGE,120000.0,120000.0,Not Verified,2018-12-01,2018,12,2018-12,Current,0,0,debt_consolidation,GA,13.350000381469727,1,10-20,$120k+,23.3347022587269,Low Risk,675.0,679.0,0,1,15,0,14069.0,35.900001525878906,31,961.2100219726562,720.6099853515625,240.60000610351562,0.0,Individual,1,0
111674505,10000.0,10000.0,36.0,7.96999979019165,313.2300109863281,A,A5,10.0,RENT,42500.0,42500.0,Not Verified,2017-07-01,2017,7,2017-07,Current,0,0,debt_consolidation,FL,13.979999542236328,1,10-20,$30k-60k,16.249144421629023,Low Risk,715.0,719.0,0,0,4,1,5598.0,46.599998474121094,7,6257.9599609375,5260.490234375,997.469970703125,0.0,Individual,0,1
39877185,7500.0,7500.0,36.0,6.989999771118164,231.5500030517578,A,A3,2.0,RENT,75000.0,75000.0,Source Verified,2015-01-01,2015,1,2015-01,Fully Paid,1,0,credit_card,CA,3.1700000762939453,1,<10,$60k-90k,20.58590006844627,Low Risk,665.0,669.0,0,1,8,1,5618.0,40.400001525878906,14,8244.806640625,7500.0,744.8099975585938,0.0,Individual,0,1
40933391,27200.0,27200.0,60.0,10.989999771118164,591.260009765625,B,B4,10.0,OWN,313000.0,313000.0,Source Verified,2015-02-01,2015,2,2015-02,Fully Paid,1,0,debt_consolidation,TX,4.579999923706055,1,<10,$120k+,16.418891170431213,Low Risk,715.0,719.0,0,0,8,0,24014.0,82.0,21,34089.7265625,27200.0,6889.72998046875,0.0,Individual,4,0
138784873,35000.0,35000.0,60.0,11.550000190734863,770.6300048828125,B,B4,4.0,RENT,125000.0,125000.0,Source Verified,2018-08-01,2018,8,2018-08,Current,0,0,debt_consolidation,TX,16.799999237060547,1,10-20,$120k+,10.833675564681725,Low Risk,760.0,764.0,0,2,6,0,20196.0,2.0999999046325684,18,5371.9501953125,3125.3798828125,2246.570068359375,0.0,Individual,1,0
91278575,25000.0,25000.0,36.0,14.489999771118164,860.4099731445312,C,C4,10.0,OWN,104178.0,104178.0,Verified,2016-10-01,2016,10,2016-10,In Grace Period,0,0,debt_consolidation,NM,41.34000015258789,1,40+,$90k-120k,27.419575633127995,Medium Risk,670.0,674.0,2,2,23,0,25885.0,74.80000305175781,84,30887.318359375,25000.0,5715.240234375,0.0,Joint App,1,0
14187834,15000.0,15000.0,36.0,21.18000030517578,566.52001953125,E,E3,10.0,RENT,57000.0,57000.0,Verified,2014-04-01,2014,4,2014-04,Fully Paid,1,0,house,NY,4.650000095367432,1,<10,$30k-60k,15.832991101984941,High Risk,710.0,714.0,0,1,13,0,4698.0,16.600000381469727,29,20394.384765625,15000.0,5394.3798828125,0.0,Individual,0,0
100152530,5000.0,5000.0,36.0,8.239999771118164,157.24000549316406,B,B1,10.0,MORTGAGE,41000.0,41000.0,Source Verified,2017-03-01,2017,3,2017-03,Current,0,0,debt_consolidation,AZ,5.440000057220459,1,<10,$30k-60k,10.496919917864476,Low Risk,660.0,664.0,4,0,5,0,2585.0,63.0,24,4928.7099609375,4537.91015625,390.79998779296875,0.0,Individual,2,0
96551659,10000.0,10000.0,36.0,11.4399995803833,329.4800109863281,B,B4,5.0,RENT,75000.0,75000.0,Source Verified,2017-01-01,2017,1,2017-01,Current,0,0,medical,OH,9.739999771118164,1,<10,$60k-90k,11.16769336071184,Low Risk,665.0,669.0,0,1,7,0,2973.0,20.799999237060547,8,8560.1201171875,6871.77001953125,1688.3499755859375,0.0,Individual,0,0
84664801,3025.0,3025.0,36.0,13.489999771118164,102.63999938964844,C,C2,10.0,MORTGAGE,70000.0,70000.0,Not Verified,2016-07-01,2016,7,2016-07,Current,0,0,home_improvement,GA,34.4900016784668,1,30-40,$60k-90k,16.0,Medium Risk,675.0,679.0,1,0,26,0,40052.0,63.70000076293945,44,3280.580078125,2625.75,654.8300170898438,0.0,Individual,1,0
95110009,10000.0,10000.0,36.0,15.989999771118164,351.5299987792969,C,C5,10.0,OWN,64000.0,64000.0,Source Verified,2016-12-01,2016,12,2016-12,Charged Off,1,1,home_improvement,TX,27.920000076293945,1,20-30,$60k-90k,15.082819986310746,Medium Risk,660.0,664.0,0,0,16,0,14281.0,36.5,43,1768.5400390625,1145.0799560546875,623.4600219726562,0.0,Individual,0,0
116544598,10000.0,10000.0,60.0,12.619999885559082,225.60000610351562,C,C1,7.0,RENT,40800.0,40800.0,Not Verified,2017-08-01,2017,8,2017-08,Current,0,0,credit_card,CA,12.149999618530273,1,10-20,$30k-60k,6.496919917864476,Medium Risk,705.0,709.0,0,0,7,0,12999.0,35.79999923706055,13,4286.41015625,2518.2900390625,1768.1199951171875,0.0,Individual,0,0
132882411,16000.0,16000.0,60.0,14.069999694824219,372.8800048828125,C,C3,2.0,RENT,30000.0,30000.0,Source Verified,2018-05-01,2018,5,2018-05,Late (31-120 days),0,0,credit_card,MD,14.680000305175781,1,10-20,$30k-60k,4.999315537303217,Medium Risk,675.0,679.0,0,2,4,0,1208.0,18.299999237060547,6,2474.77001953125,1144.25,1311.8800048828125,0.0,Individual,0,0
524970,25000.0,19200.0,60.0,17.559999465942383,482.9700012207031,E,E4,4.0,RENT,81000.0,81000.0,Verified,2010-06-01,2010,6,2010-06,Fully Paid,1,0,debt_consolidation,CA,9.869999885559082,1,<10,$60k-90k,12.167008898015059,High Risk,695.0,699.0,0,1,8,0,14866.0,55.5,12,20719.87890625,19200.0,1519.8800048828125,0.0,Individual,-1,0
138308460,5000.0,5000.0,36.0,16.139999389648438,176.13999938964844,C,C4,6.0,RENT,28000.0,28000.0,Not Verified,2018-08-01,2018,8,2018-08,Current,0,0,major_purchase,CA,41.790000915527344,1,40+,<$30k,14.496919917864476,Medium Risk,680.0,684.0,0,0,6,0,10236.0,78.0999984741211,12,1228.5,793.6799926757812,434.82000732421875,0.0,Joint App,0,0
140766513,35000.0,35000.0,60.0,13.5600004196167,806.4299926757812,C,C1,0.0,MORTGAGE,110000.0,110000.0,Source Verified,2018-09-01,2018,9,2018-09,Current,0,0,debt_consolidation,CO,10.0,1,10-20,$90k-120k,12.251882272416154,Medium Risk,675.0,679.0,0,0,11,0,9489.0,34.5,26,4864.9501953125,2536.2900390625,2328.659912109375,0.0,Individual,2,0
77068472,5600.0,5600.0,36.0,11.989999771118164,185.97999572753906,C,C1,10.0,MORTGAGE,40000.0,40000.0,Verified,2016-04-01,2016,4,2016-04,Fully Paid,1,0,credit_card,MI,33.45000076293945,1,30-40,$30k-60k,27.750855578370977,Medium Risk,680.0,684.0,0,0,7,2,8064.0,80.0,50,6683.27685546875,5600.0,1083.280029296875,0.0,Individual,1,1
85699621,22000.0,22000.0,36.0,9.489999771118164,704.6300048828125,B,B2,10.0,MORTGAGE,140000.0,140000.0,Not Verified,2016-08-01,2016,8,2016-08,Current,0,0,debt_consolidation,CA,9.119999885559082,1,<10,$120k+,15.419575633127995,Low Risk,710.0,714.0,0,0,13,0,26788.0,26.399999618530273,38,21831.9296875,18559.23046875,3272.699951171875,0.0,Individual,6,0
34282800,19200.0,19200.0,36.0,7.489999771118164,597.1599731445312,A,A4,4.0,RENT,65000.0,65000.0,Source Verified,2014-11-01,2014,11,2014-11,Fully Paid,1,0,credit_card,CA,9.510000228881836,1,<10,$60k-90k,13.336071184120465,Low Risk,660.0,664.0,0,1,9,0,17336.0,71.9000015258789,14,21477.4375,19200.0,2277.43994140625,0.0,Individual,0,0
120062789,35000.0,35000.0,36.0,12.619999885559082,1172.9000244140625,C,C1,2.0,RENT,80000.0,80000.0,Source Verified,2017-09-01,2017,9,2017-09,Fully Paid,1,0,debt_consolidation,GA,7.170000076293945,1,<10,$60k-90k,7.085557837097878,Medium Risk,665.0,669.0,0,0,22,0,8218.0,32.599998474121094,25,39283.78515625,35000.0,4283.77978515625,0.0,Individual,0,0
14660695,12000.0,12000.0,60.0,13.350000381469727,275.20001220703125,C,C2,2.0,MORTGAGE,70000.0,70000.0,Source Verified,2014-11-01,2014,11,2014-11,Charged Off,1,1,debt_consolidation,OK,12.960000038146973,1,10-20,$60k-90k,22.6694045174538,Medium Risk,685.0,689.0,1,0,10,1,3494.0,20.799999237060547,27,11908.0703125,7732.919921875,4160.14990234375,0.0,Individual,1,1
135772342,30000.0,30000.0,60.0,23.399999618530273,852.6300048828125,E,E1,5.0,MORTGAGE,70000.0,70000.0,Verified,2018-07-01,2018,7,2018-07,Current,0,0,debt_consolidation,WI,13.529999732971191,1,10-20,$60k-90k,23.411362080766597,High Risk,690.0,694.0,0,1,14,0,26482.0,78.5999984741211,28,6762.5400390625,2293.010009765625,4469.52978515625,0.0,Individual,4,0
118257138,15000.0,15000.0,36.0,11.989999771118164,498.1499938964844,B,B5,6.0,RENT,50000.0,50000.0,Verified,2017-09-01,2017,9,2017-09,Current,0,0,debt_consolidation,OR,10.390000343322754,1,10-20,$30k-60k,21.418206707734427,Low Risk,660.0,664.0,0,0,5,0,13181.0,92.80000305175781,8,8974.76953125,6830.83984375,2143.929931640625,0.0,Individual,0,0
69156194,6000.0,6000.0,36.0,10.779999732971191,195.80999755859375,B,B4,2.0,RENT,50000.0,50000.0,Verified,2016-01-01,2016,1,2016-01,Fully Paid,1,0,debt_consolidation,NC,27.360000610351562,1,20-30,$30k-60k,5.9137577002053385,Low Risk,695.0,699.0,0,1,12,0,6967.0,33.0,16,7040.779296875,6000.0,1040.780029296875,0.0,Individual,0,0
757804,8000.0,8000.0,36.0,7.489999771118164,248.82000732421875,A,A4,4.0,MORTGAGE,61000.0,61000.0,Not Verified,2011-05-01,2011,5,2011-05,Fully Paid,1,0,credit_card,NM,18.75,1,10-20,$60k-90k,11.663244353182751,Low Risk,740.0,744.0,0,0,15,0,3147.0,33.099998474121094,27,8581.224609375,8000.0,581.219970703125,0.0,Individual,-1,0
77179211,10000.0,10000.0,60.0,8.390000343322754,204.63999938964844,B,B1,,MORTGAGE,42084.0,42084.0,Source Verified,2016-04-01,2016,4,2016-04,Charged Off,1,1,home_improvement,MO,18.110000610351562,1,10-20,$30k-60k,13.333333333333334,Low Risk,710.0,714.0,0,0,13,0,20470.0,78.0,14,6334.52001953125,4645.52978515625,1688.989990234375,0.0,Individual,1,0
139047560,10000.0,10000.0,60.0,22.350000381469727,278.19000244140625,D,D5,5.0,RENT,54382.0,54382.0,Source Verified,2018-08-01,2018,8,2018-08,Current,0,0,debt_consolidation,AK,25.309999465942383,1,20-30,$30k-60k,11.58110882956879,Medium Risk,660.0,664.0,0,1,6,0,3062.0,92.80000305175781,24,1910.3199462890625,680.6799926757812,1229.6400146484375,0.0,Individual,0,0
125619584,14000.0,14000.0,60.0,17.09000015258789,348.6199951171875,D,D1,10.0,MORTGAGE,96000.0,96000.0,Verified,2017-12-01,2017,12,2017-12,Fully Paid,1,0,debt_consolidation,CA,14.84000015258789,1,10-20,$90k-120k,15.586584531143053,Medium Risk,665.0,669.0,0,0,6,1,12147.0,84.9000015258789,19,14271.572265625,14000.0,271.57000732421875,0.0,Individual,2,1
134516612,10000.0,10000.0,36.0,10.069999694824219,323.010009765625,B,B2,2.0,MORTGAGE,80000.0,80000.0,Not Verified,2018-06-01,2018,6,2018-06,Current,0,0,credit_card,AZ,12.75,1,10-20,$60k-90k,13.831622176591376,Low Risk,690.0,694.0,0,0,6,1,9629.0,42.0,18,2584.080078125,1969.8800048828125,614.2000122070312,0.0,Individual,0,1
68836159,20000.0,20000.0,36.0,11.479999542236328,659.3300170898438,B,B5,1.0,MORTGAGE,60000.0,60000.0,Verified,2016-01-01,2016,1,2016-01,Charged Off,1,1,other,TX,20.200000762939453,1,20-30,$60k-90k,21.166324435318277,Low Risk,660.0,664.0,1,0,11,0,11352.0,85.4000015258789,18,20517.76953125,16764.869140625,3686.9599609375,0.0,Individual,0,0
26308414,16000.0,16000.0,36.0,8.390000343322754,504.2699890136719,A,A5,7.0,OWN,70000.0,70000.0,Verified,2014-09-01,2014,9,2014-09,Fully Paid,1,0,credit_card,VA,34.40999984741211,1,30-40,$60k-90k,29.169062286105408,Low Risk,730.0,734.0,0,0,6,0,1564.0,20.899999618530273,31,18158.85546875,16000.0,2158.860107421875,0.0,Individual,3,0
131296523,4800.0,4800.0,36.0,10.40999984741211,155.80999755859375,B,B3,2.0,MORTGAGE,60000.0,60000.0,Source Verified,2018-04-01,2018,4,2018-04,Current,0,0,credit_card,NY,30.729999542236328,1,30-40,$60k-90k,25.16084873374401,Low Risk,660.0,664.0,0,0,6,0,20693.0,85.9000015258789,18,1711.1300048828125,1311.7900390625,399.3399963378906,0.0,Individual,3,0
8961502,3600.0,3600.0,36.0,9.670000076293945,115.61000061035156,B,B1,10.0,MORTGAGE,115000.0,115000.0,Source Verified,2013-11-01,2013,11,2013-11,Fully Paid,1,0,home_improvement,NJ,5.070000171661377,1,<10,$90k-120k,21.919233401779604,Low Risk,720.0,724.0,0,0,6,0,12905.0,78.69999694824219,10,3932.10009765625,3600.0,332.1000061035156,0.0,Individual,1,0
84585427,16000.0,16000.0,36.0,10.489999771118164,519.969970703125,B,B3,4.0,MORTGAGE,75000.0,75000.0,Not Verified,2016-07-01,2016,7,2016-07,Fully Paid,1,0,debt_consolidation,IL,25.549999237060547,1,20-30,$60k-90k,14.335386721423683,Low Risk,785.0,789.0,0,1,12,0,775.0,3.5,18,17644.404296875,16000.0,1644.4000244140625,0.0,Individual,1,0
127863769,3000.0,3000.0,36.0,12.619999885559082,100.54000091552734,C,C1,,RENT,45000.0,45000.0,Not Verified,2018-02-01,2018,2,2018-02,Current,0,0,credit_card,WA,12.75,1,10-20,$30k-60k,13.25119780971937,Medium Risk,660.0,664.0,0,1,7,1,2321.0,10.0,16,1302.81005859375,955.7000122070312,347.1099853515625,0.0,Individual,0,1
126430763,20000.0,20000.0,36.0,16.020000457763672,703.3400268554688,C,C5,3.0,MORTGAGE,52000.0,52000.0,Verified,2018-01-01,2018,1,2018-01,Current,0,0,debt_consolidation,TX,7.360000133514404,1,<10,$30k-60k,12.251882272416154,Medium Risk,660.0,664.0,0,0,4,0,1642.0,27.399999618530273,11,9868.48046875,6668.22998046875,3200.25,0.0,Joint App,2,0
46772294,21600.0,21600.0,60.0,12.289999961853027,483.6600036621094,C,C1,2.0,MORTGAGE,115000.0,115000.0,Source Verified,2015-04-01,2015,4,2015-04,Fully Paid,1,0,debt_consolidation,NM,26.43000030517578,1,20-30,$90k-120k,18.245037645448324,Medium Risk,715.0,719.0,0,0,12,0,10067.0,48.20000076293945,32,25566.7421875,21600.0,3966.739990234375,0.0,Individual,0,0
78983557,10000.0,10000.0,36.0,5.320000171661377,301.1499938964844,A,A1,10.0,RENT,98334.0,98334.0,Not Verified,2016-05-01,2016,5,2016-05,Charged Off,1,1,debt_consolidation,CA,3.8299999237060547,1,<10,$90k-120k,27.082819986310746,Low Risk,785.0,789.0,0,0,7,0,10700.0,16.100000381469727,8,596.3900146484375,514.77001953125,81.62000274658203,0.0,Individual,0,0
103791574,25000.0,25000.0,36.0,6.989999771118164,771.8200073242188,A,A2,5.0,MORTGAGE,175000.0,175000.0,Not Verified,2017-03-01,2017,3,2017-03,Fully Paid,1,0,debt_consolidation,CA,14.40999984741211,1,10-20,$120k+,19.915126625598905,Low Risk,700.0,704.0,0,0,7,0,43693.0,77.19999694824219,15,27149.587890625,25000.0,2149.590087890625,0.0,Individual,6,0
96656685,28000.0,28000.0,60.0,13.489999771118164,644.1400146484375,C,C2,10.0,MORTGAGE,225000.0,225000.0,Verified,2017-01-01,2017,1,2017-01,Current,0,0,debt_consolidation,IL,26.670000076293945,1,20-30,$120k+,15.50444900752909,Medium Risk,685.0,689.0,0,0,18,0,325597.0,91.0,34,16705.669921875,9882.669921875,6823.0,0.0,Individual,5,0
119373163,30000.0,30000.0,60.0,14.079999923706055,699.2999877929688,C,C3,9.0,MORTGAGE,54290.0,54290.0,Verified,2017-09-01,2017,9,2017-09,Current,0,0,debt_consolidation,TX,15.40999984741211,1,10-20,$30k-60k,17.66735112936345,Medium Risk,730.0,734.0,0,0,4,0,16738.0,93.0,10,12540.4697265625,6915.66015625,5624.81005859375,0.0,Joint App,2,0
86002360,12000.0,12000.0,60.0,23.989999771118164,345.1499938964844,E,E2,5.0,RENT,45000.0,45000.0,Source Verified,2016-08-01,2016,8,2016-08,Current,0,0,debt_consolidation,CO,20.110000610351562,1,20-30,$30k-60k,13.91649555099247,High Risk,720.0,724.0,0,1,13,0,7787.0,24.799999237060547,18,10683.66015625,4459.830078125,6223.830078125,0.0,Individual,0,0
141538121,23000.0,23000.0,36.0,6.670000076293945,706.7100219726562,A,A2,1.0,RENT,52000.0,52000.0,Not Verified,2018-10-01,2018,10,2018-10,Current,0,0,debt_consolidation,HI,37.95000076293945,1,30-40,$30k-60k,11.252566735112936,Low Risk,745.0,749.0,0,0,10,0,14022.0,28.899999618530273,18,3525.030029296875,2926.699951171875,598.3300170898438,0.0,Individual,0,0
6816092,10000.0,10000.0,60.0,22.200000762939453,277.3299865722656,E,E4,1.0,OWN,65500.0,65500.0,Verified,2013-08-01,2013,8,2013-08,Fully Paid,1,0,other,UT,14.470000267028809,1,10-20,$60k-90k,12.251882272416154,High Risk,685.0,689.0,0,0,7,1,19662.0,52.599998474121094,11,16289.931640625,10000.0,6289.93017578125,0.0,Individual,2,0
71887415,30000.0,30000.0,60.0,15.3100004196167,718.5900268554688,C,C5,8.0,RENT,137000.0,137000.0,Not Verified,2016-02-01,2016,2,2016-02,Late (31-120 days),0,0,debt_consolidation,TX,31.030000686645508,1,30-40,$120k+,15.501711156741958,Medium Risk,695.0,699.0,0,1,17,0,29446.0,91.69999694824219,51,23754.01953125,13660.8203125,10093.2001953125,0.0,Individual,0,0
104896301,24000.0,24000.0,36.0,10.489999771118164,779.9500122070312,B,B2,10.0,RENT,25000.0,25000.0,Verified,2017-04-01,2017,4,2017-04,Current,0,0,debt_consolidation,MD,74.08000183105469,1,40+,<$30k,11.58110882956879,Low Risk,705.0,709.0,0,0,12,0,9518.0,45.79999923706055,24,17928.279296875,14453.669921875,3474.610107421875,0.0,Joint App,0,0
99843179,18000.0,18000.0,36.0,10.489999771118164,584.9600219726562,B,B2,0.0,RENT,140000.0,140000.0,Source Verified,2017-02-01,2017,2,2017-02,Current,0,0,debt_consolidation,FL,21.3700008392334,1,20-30,$120k+,14.25325119780972,Low Risk,680.0,684.0,1,0,20,0,16660.0,38.70000076293945,49,14613.509765625,11890.5595703125,2722.949951171875,0.0,Individual,0,0
14859050,11700.0,11700.0,60.0,20.489999771118164,313.17999267578125,E,E2,10.0,MORTGAGE,62000.0,62000.0,Source Verified,2014-04-01,2014,4,2014-04,Charged Off,1,1,debt_consolidation,MD,33.4900016784668,1,30-40,$60k-90k,15.832991101984941,High Risk,680.0,684.0,2,0,21,0,46953.0,71.19999694824219,44,4559.27001953125,1093.1800537109375,1725.43994140625,1740.6500244140625,Individual,6,0
140097926,15000.0,15000.0,60.0,10.079999923706055,319.29998779296875,B,B1,1.0,MORTGAGE,95000.0,95000.0,Not Verified,2018-09-01,2018,9,2018-09,Fully Paid,1,0,debt_consolidation,FL,17.56999969482422,1,10-20,$90k-120k,25.418206707734427,Low Risk,725.0,729.0,0,2,17,0,12260.0,15.600000381469727,38,15760.990234375,15000.0,760.989990234375,0.0,Individual,3,0
43669535,22475.0,22475.0,60.0,17.56999969482422,565.47998046875,D,D4,10.0,MORTGAGE,45000.0,45000.0,Source Verified,2015-03-01,2015,3,2015-03,Fully Paid,1,0,debt_consolidation,MI,33.95000076293945,1,30-40,$30k-60k,12.6652977412731,Medium Risk,705.0,709.0,0,1,13,0,14667.0,45.099998474121094,35,26332.359375,22475.0,3857.360107421875,0.0,Individual,6,0
84234814,14400.0,14400.0,36.0,11.489999771118164,474.7900085449219,B,B5,0.0,RENT,35000.0,35000.0,Verified,2016-07-01,2016,7,2016-07,Current,0,0,debt_consolidation,IL,29.65999984741211,1,20-30,$30k-60k,11.915126625598905,Low Risk,685.0,689.0,0,0,25,0,11005.0,34.79999923706055,33,16174.900390625,13558.080078125,2616.820068359375,0.0,Individual,0,0
49953539,20000.0,20000.0,60.0,13.329999923706055,458.45001220703125,C,C3,7.0,MORTGAGE,110000.0,110000.0,Source Verified,2015-05-01,2015,5,2015-05,Current,0,0,debt_consolidation,CA,14.430000305175781,1,10-20,$90k-120k,13.831622176591376,Medium Risk,670.0,674.0,0,0,12,0,28827.0,90.9000015258789,19,21073.890625,14086.3896484375,6987.5,0.0,Individual,3,0
38506046,24000.0,24000.0,60.0,8.670000076293945,494.3699951171875,B,B1,9.0,MORTGAGE,75000.0,75000.0,Source Verified,2015-01-01,2015,1,2015-01,Fully Paid,1,0,debt_consolidation,IL,26.510000228881836,1,20-30,$60k-90k,17.752224503764545,Low Risk,705.0,709.0,0,1,23,0,43185.0,33.099998474121094,36,29444.19140625,24000.0,5444.18994140625,0.0,Individual,3,0
61549665,12000.0,12000.0,60.0,11.529999732971191,264.1000061035156,B,B5,10.0,RENT,103000.0,103000.0,Source Verified,2015-10-01,2015,10,2015-10,Charged Off,1,1,debt_consolidation,CA,18.020000457763672,1,10-20,$90k-120k,18.661190965092402,Low Risk,685.0,689.0,0,0,18,1,13990.0,50.0,29,3145.719970703125,1231.2099609375,862.3699951171875,1052.1400146484375,Individual,0,0
34352383,24250.0,24250.0,36.0,17.139999389648438,866.27001953125,D,D4,10.0,MORTGAGE,83000.0,83000.0,Source Verified,2014-11-01,2014,11,2014-11,Fully Paid,1,0,debt_consolidation,MT,17.770000457763672,1,10-20,$60k-90k,19.000684462696782,Medium Risk,715.0,719.0,0,1,9,0,12647.0,82.69999694824219,40,29289.029296875,24250.0,5039.02978515625,0.0,Individual,9,0
19205714,15000.0,15000.0,60.0,17.56999969482422,377.4100036621094,D,D4,10.0,RENT,45000.0,45000.0,Source Verified,2014-06-01,2014,6,2014-06,Fully Paid,1,0,debt_consolidation,CA,19.729999542236328,1,10-20,$30k-60k,10.250513347022586,Medium Risk,680.0,684.0,0,1,10,0,9563.0,67.80000305175781,21,22595.822265625,15000.0,7595.81982421875,0.0,Individual,0,0
116526029,10000.0,10000.0,60.0,15.050000190734863,238.1699981689453,C,C4,10.0,RENT,23000.0,23000.0,Verified,2017-08-01,2017,8,2017-08,Current,0,0,debt_consolidation,SC,22.489999771118164,1,20-30,<$30k,14.915811088295689,Medium Risk,695.0,699.0,0,0,5,0,15084.0,50.599998474121094,15,4516.8701171875,2402.2099609375,2114.659912109375,0.0,Individual,0,0
46716279,15000.0,15000.0,60.0,15.609999656677246,361.6700134277344,D,D1,10.0,MORTGAGE,65000.0,65000.0,Not Verified,2015-04-01,2015,4,2015-04,Fully Paid,1,0,debt_consolidation,AL,15.399999618530273,1,10-20,$60k-90k,10.412046543463381,Medium Risk,690.0,694.0,0,0,23,0,12196.0,53.70000076293945,43,19106.30859375,15000.0,4088.22998046875,0.0,Individual,5,0
135445596,15000.0,15000.0,36.0,13.0600004196167,505.8500061035156,C,C1,7.0,MORTGAGE,82000.0,82000.0,Not Verified,2018-06-01,2018,6,2018-06,Fully Paid,1,0,debt_consolidation,VA,11.630000114440918,1,10-20,$60k-90k,11.252566735112936,Medium Risk,710.0,714.0,0,0,8,0,4874.0,34.0,14,15007.0771484375,15000.0,7.079999923706055,0.0,Individual,3,0
129045875,19200.0,19200.0,36.0,19.030000686645508,704.0900268554688,D,D3,0.0,RENT,50000.0,50000.0,Not Verified,2018-02-01,2018,2,2018-02,Current,0,0,debt_consolidation,CA,23.520000457763672,1,20-30,$30k-60k,8.503764544832306,Medium Risk,690.0,694.0,0,0,20,0,9717.0,43.0,30,8530.2802734375,5236.5,3293.780029296875,0.0,Individual,1,0
5895103,9000.0,9000.0,36.0,16.780000686645508,319.8900146484375,C,C5,8.0,MORTGAGE,50000.0,50000.0,Verified,2013-08-01,2013,8,2013-08,Fully Paid,1,0,debt_consolidation,MN,30.8700008392334,1,30-40,$30k-60k,16.334017796030118,Medium Risk,675.0,679.0,0,3,11,0,29055.0,81.19999694824219,23,11516.0400390625,9000.0,2516.0400390625,0.0,Individual,0,0
138599791,16000.0,16000.0,36.0,7.210000038146973,495.5799865722656,A,A3,,MORTGAGE,47000.0,47000.0,Not Verified,2018-08-01,2018,8,2018-08,Current,0,0,debt_consolidation,TX,18.790000915527344,1,10-20,$30k-60k,10.833675564681725,Low Risk,765.0,769.0,0,0,7,0,2181.0,13.100000381469727,15,3456.239990234375,2847.030029296875,609.2100219726562,0.0,Individual,0,0
125124079,15000.0,15000.0,60.0,17.09000015258789,373.5199890136719,D,D1,2.0,RENT,83000.0,83000.0,Source Verified,2017-12-01,2017,12,2017-12,Current,0,0,debt_consolidation,NY,15.979999542236328,1,10-20,$60k-90k,9.500342231348391,Medium Risk,685.0,689.0,0,0,9,0,16714.0,57.599998474121094,16,5588.56005859375,2651.929931640625,2936.6298828125,0.0,Individual,0,0
124940517,8000.0,8000.0,36.0,10.90999984741211,261.57000732421875,B,B4,5.0,RENT,36000.0,36000.0,Source Verified,2017-12-01,2017,12,2017-12,Current,0,0,major_purchase,FL,30.100000381469727,1,30-40,$30k-60k,4.334017796030117,Low Risk,675.0,679.0,0,1,6,1,4992.0,43.400001525878906,8,3918.699951171875,3020.1201171875,898.5800170898438,0.0,Individual,0,1
8315691,10000.0,10000.0,36.0,15.100000381469727,347.1499938964844,C,C2,5.0,RENT,48000.0,48000.0,Not Verified,2013-10-01,2013,10,2013-10,Fully Paid,1,0,debt_consolidation,NY,27.729999542236328,1,20-30,$30k-60k,11.16769336071184,Medium Risk,730.0,734.0,1,1,13,0,6016.0,29.600000381469727,30,11029.2431640625,10000.0,1029.239990234375,0.0,Individual,0,0
39750440,12000.0,12000.0,36.0,11.4399995803833,395.3699951171875,B,B4,1.0,RENT,54000.0,54000.0,Not Verified,2015-01-01,2015,1,2015-01,Fully Paid,1,0,credit_card,CA,26.469999313354492,1,20-30,$30k-60k,18.083504449007528,Low Risk,695.0,699.0,0,0,9,0,18840.0,82.5999984741211,19,14226.654296875,12000.0,2226.64990234375,0.0,Individual,0,0
130066591,6000.0,6000.0,36.0,6.070000171661377,182.72999572753906,A,A2,5.0,RENT,35000.0,35000.0,Not Verified,2018-04-01,2018,4,2018-04,Current,0,0,debt_consolidation,FL,27.399999618530273,1,20-30,$30k-60k,10.247775496235455,Low Risk,795.0,799.0,1,0,11,0,4002.0,10.0,13,2863.280029296875,2604.080078125,259.20001220703125,0.0,Individual,0,0
1611320,16500.0,16500.0,36.0,11.140000343322754,541.2899780273438,B,B2,8.0,MORTGAGE,37200.0,37200.0,Source Verified,2012-10-01,2012,10,2012-10,Fully Paid,1,0,debt_consolidation,TX,28.100000381469727,1,20-30,$30k-60k,16.917180013689254,Low Risk,715.0,719.0,0,0,11,0,30687.0,84.30000305175781,39,19429.103515625,16500.0,2929.10009765625,0.0,Individual,2,0
38637453,18000.0,18000.0,36.0,16.489999771118164,637.1900024414062,D,D3,0.0,RENT,60000.0,60000.0,Source Verified,2015-01-01,2015,1,2015-01,Charged Off,1,1,vacation,GA,14.619999885559082,1,10-20,$60k-90k,12.251882272416154,Medium Risk,665.0,669.0,1,3,12,0,11348.0,73.19999694824219,22,7014.0,4595.35986328125,2418.639892578125,0.0,Individual,0,0
125103418,6000.0,6000.0,36.0,5.320000171661377,180.69000244140625,A,A1,0.0,RENT,75000.0,75000.0,Source Verified,2017-12-01,2017,12,2017-12,Current,0,0,moving,FL,10.90999984741211,1,10-20,$60k-90k,5.916495550992471,Low Risk,770.0,774.0,0,0,9,0,3573.0,10.800000190734863,11,2706.800048828125,2384.47998046875,322.32000732421875,0.0,Individual,0,0
40593489,28000.0,28000.0,36.0,8.1899995803833,879.8800048828125,A,A5,2.0,MORTGAGE,149000.0,149000.0,Source Verified,2015-02-01,2015,2,2015-02,Fully Paid,1,0,debt_consolidation,VA,16.020000457763672,1,10-20,$120k+,28.418891170431213,Low Risk,690.0,694.0,0,0,16,0,47293.0,67.19999694824219,37,31649.9765625,28000.0,3649.97998046875,0.0,Individual,6,0
124046267,16500.0,16500.0,60.0,26.299999237060547,496.9599914550781,E,E5,4.0,RENT,50000.0,50000.0,Verified,2017-11-01,2017,11,2017-11,Current,0,0,other,FL,19.920000076293945,1,10-20,$30k-60k,5.670088980150582,High Risk,695.0,699.0,1,0,11,0,28.0,0.5,13,7903.14013671875,2557.080078125,5346.06005859375,0.0,Individual,0,0
68912437,11200.0,11200.0,36.0,17.270000457763672,400.82000732421875,D,D3,5.0,RENT,87000.0,87000.0,Not Verified,2016-01-01,2016,1,2016-01,Fully Paid,1,0,debt_consolidation,CA,37.90999984741211,1,30-40,$60k-90k,30.16563997262149,Medium Risk,665.0,669.0,0,0,30,0,55869.0,62.900001525878906,48,12108.2998046875,11200.0,908.2999877929688,0.0,Individual,0,0
108669489,6000.0,6000.0,36.0,5.320000171661377,180.69000244140625,A,A1,3.0,MORTGAGE,63000.0,63000.0,Not Verified,2017-05-01,2017,5,2017-05,Fully Paid,1,0,credit_card,GA,27.280000686645508,1,20-30,$60k-90k,16.83230663928816,Low Risk,790.0,794.0,0,0,24,0,7693.0,19.5,61,6360.28759765625,6000.0,360.2900085449219,0.0,Individual,3,0
134205980,7500.0,7500.0,36.0,9.579999923706055,240.52999877929688,B,B1,,RENT,23364.0,23364.0,Verified,2018-06-01,2018,6,2018-06,Current,0,0,debt_consolidation,LA,23.270000457763672,1,20-30,<$30k,10.499657768651609,Low Risk,680.0,684.0,0,0,6,0,15301.0,72.9000015258789,11,2172.760009765625,1678.800048828125,493.9599914550781,0.0,Joint App,0,0
113846674,20000.0,20000.0,36.0,10.90999984741211,653.9299926757812,B,B4,,MORTGAGE,122200.0,122200.0,Not Verified,2017-07-01,2017,7,2017-07,Current,0,0,debt_consolidation,NY,6.510000228881836,1,<10,$120k+,24.829568788501028,Low Risk,670.0,674.0,0,1,6,0,5964.0,85.19999694824219,20,13054.3603515625,10285.8798828125,2768.47998046875,0.0,Individual,2,0
133224867,24000.0,24000.0,36.0,6.190000057220459,732.2000122070312,A,A2,9.0,MORTGAGE,185000.0,185000.0,Not Verified,2018-05-01,2018,5,2018-05,Current,0,0,home_improvement,NC,17.8700008392334,1,10-20,$120k+,32.580424366872,Low Risk,755.0,759.0,0,0,11,0,7652.0,26.799999237060547,45,7962.2998046875,6903.60009765625,1058.699951171875,0.0,Individual,2,0
1391508,25000.0,25000.0,60.0,24.700000762939453,729.4000244140625,G,G1,10.0,MORTGAGE,62400.0,62400.0,Verified,2012-07-01,2012,7,2012-07,Charged Off,1,1,debt_consolidation,AZ,25.75,1,20-30,$60k-90k,11.249828884325805,High Risk,660.0,664.0,0,0,13,0,14577.0,82.80000305175781,23,26871.80078125,9999.3896484375,14049.7197265625,2822.68994140625,Individual,2,0
66444512,9600.0,9600.0,36.0,9.170000076293945,306.0400085449219,B,B2,2.0,OWN,45000.0,45000.0,Source Verified,2015-12-01,2015,12,2015-12,Fully Paid,1,0,credit_card,TX,31.440000534057617,1,30-40,$30k-60k,14.33264887063655,Low Risk,675.0,679.0,0,0,9,0,20631.0,81.5,18,10037.8603515625,9600.0,437.8599853515625,0.0,Individual,0,0
63426559,8000.0,8000.0,36.0,12.6899995803833,268.3599853515625,C,C2,7.0,MORTGAGE,165000.0,165000.0,Source Verified,2015-10-01,2015,10,2015-10,Fully Paid,1,0,credit_card,CA,5.800000190734863,1,<10,$120k+,16.501026694045173,Medium Risk,670.0,674.0,0,0,13,0,15624.0,97.0,26,9655.2607421875,8000.0,1655.260009765625,0.0,Individual,14,0
138819295,16000.0,16000.0,36.0,7.210000038146973,495.5799865722656,A,A3,6.0,OWN,79000.0,79000.0,Not Verified,2018-08-01,2018,8,2018-08,Current,0,0,debt_consolidation,TX,14.800000190734863,1,10-20,$60k-90k,15.252566735112936,Low Risk,715.0,719.0,0,0,21,0,15283.0,21.100000381469727,45,3462.64990234375,2847.030029296875,615.6199951171875,0.0,Individual,1,0
74683484,14275.0,14275.0,36.0,12.989999771118164,480.9200134277344,C,C2,,RENT,33995.0,33995.0,Verified,2016-03-01,2016,3,2016-03,Fully Paid,1,0,debt_consolidation,AZ,25.739999771118164,1,20-30,$30k-60k,15.665982203969884,Medium Risk,675.0,679.0,0,0,14,1,9.0,0.0,32,16074.626953125,14275.0,1799.6300048828125,0.0,Individual,0,1
65048502,10000.0,10000.0,36.0,11.489999771118164,329.7200012207031,B,B5,10.0,RENT,74000.0,74000.0,Verified,2015-11-01,2015,11,2015-11,Fully Paid,1,0,debt_consolidation,NY,34.060001373291016,1,30-40,$60k-90k,13.585215605749486,Low Risk,680.0,684.0,0,0,12,1,1262.0,9.899999618530273,40,11811.548828125,10000.0,1811.550048828125,0.0,Individual,1,1
5775781,12000.0,12000.0,60.0,20.489999771118164,321.2099914550781,E,E1,10.0,RENT,45000.0,45000.0,Verified,2013-06-01,2013,6,2013-06,Fully Paid,1,0,credit_card,NV,19.84000015258789,1,10-20,$30k-60k,24.6652977412731,High Risk,670.0,674.0,0,0,13,1,4609.0,55.79999923706055,57,19272.306640625,12000.0,7272.31005859375,0.0,Individual,5,1
130010892,17500.0,17500.0,60.0,15.039999961853027,416.70001220703125,C,C4,10.0,MORTGAGE,39000.0,39000.0,Not Verified,2018-03-01,2018,3,2018-03,Fully Paid,1,0,debt_consolidation,TX,34.86000061035156,1,30-40,$30k-60k,15.915126625598905,Medium Risk,715.0,719.0,0,0,10,0,21422.0,41.29999923706055,21,19400.328125,17500.0,1900.3299560546875,0.0,Joint App,4,0
10127480,16800.0,16800.0,60.0,20.5,449.7900085449219,E,E1,10.0,MORTGAGE,80000.0,80000.0,Source Verified,2013-12-01,2013,12,2013-12,Charged Off,1,1,debt_consolidation,GA,23.3700008392334,1,20-30,$60k-90k,16.999315537303218,High Risk,670.0,674.0,6,2,10,0,6304.0,86.4000015258789,42,13943.490234375,6580.33984375,7360.5400390625,2.609999895095825,Individual,6,0
85241215,16500.0,16500.0,36.0,22.389999389648438,633.47998046875,E,E1,6.0,MORTGAGE,35000.0,35000.0,Verified,2016-07-01,2016,7,2016-07,Fully Paid,1,0,house,CA,12.239999771118164,1,10-20,$30k-60k,12.0,High Risk,670.0,674.0,1,1,11,1,2562.0,41.29999923706055,19,17040.92578125,16500.0,540.9299926757812,0.0,Individual,0,1
7647270,35000.0,35000.0,36.0,15.609999656677246,1223.77001953125,C,C3,7.0,MORTGAGE,450000.0,350000.0,Verified,2013-11-01,2013,11,2013-11,Fully Paid,1,0,home_improvement,SD,9.140000343322754,1,<10,$120k+,12.41889117043121,Medium Risk,735.0,739.0,0,1,14,0,26825.0,45.099998474121094,55,41961.1796875,35000.0,6961.18017578125,0.0,Individual,14,0
108004721,14000.0,14000.0,36.0,16.020000457763672,492.3399963378906,C,C5,2.0,MORTGAGE,120000.0,120000.0,Source Verified,2017-05-01,2017,5,2017-05,Current,0,0,home_improvement,NJ,13.489999771118164,1,10-20,$120k+,11.000684462696784,Medium Risk,660.0,664.0,0,0,13,0,19935.0,84.80000305175781,22,10824.01953125,7747.14990234375,3076.8701171875,0.0,Individual,0,0
68550870,8000.0,8000.0,36.0,8.489999771118164,252.50999450683594,B,B1,0.0,MORTGAGE,100000.0,100000.0,Source Verified,2016-01-01,2016,1,2016-01,Fully Paid,1,0,debt_consolidation,FL,11.0,1,10-20,$90k-120k,11.835728952772074,Low Risk,670.0,674.0,0,1,10,1,7355.0,41.599998474121094,29,8885.71484375,8000.0,885.7100219726562,0.0,Individual,1,1
110773726,16000.0,16000.0,60.0,19.030000686645508,415.32000732421875,D,D3,3.0,MORTGAGE,101000.0,101000.0,Source Verified,2017-07-01,2017,7,2017-07,Fully Paid,1,0,debt_consolidation,TN,11.260000228881836,1,10-20,$90k-120k,21.248459958932237,Medium Risk,690.0,694.0,0,0,14,0,15647.0,66.30000305175781,21,16361.2080078125,16000.0,361.2099914550781,0.0,Individual,1,0
11404777,13000.0,13000.0,36.0,11.989999771118164,431.7300109863281,B,B3,,OWN,62000.0,62000.0,Verified,2014-02-01,2014,2,2014-02,Fully Paid,1,0,debt_consolidation,TX,17.030000686645508,1,10-20,$60k-90k,19.838466803559207,Low Risk,690.0,694.0,0,2,13,1,7056.0,33.0,34,15102.2998046875,13000.0,2102.300048828125,0.0,Individual,0,1
117363288,16000.0,16000.0,60.0,17.09000015258789,398.4200134277344,D,D1,3.0,MORTGAGE,72250.0,72250.0,Verified,2017-08-01,2017,8,2017-08,Current,0,0,debt_consolidation,NC,26.18000030517578,1,20-30,$60k-90k,16.418891170431213,Medium Risk,660.0,664.0,0,0,19,0,10686.0,68.9000015258789,28,7554.7900390625,3691.3798828125,3863.409912109375,0.0,Individual,0,0
133207114,24000.0,24000.0,36.0,5.309999942779541,722.6500244140625,A,A1,10.0,MORTGAGE,150000.0,150000.0,Not Verified,2018-05-01,2018,5,2018-05,Current,0,0,credit_card,PA,22.079999923706055,1,20-30,$120k+,16.999315537303218,Low Risk,765.0,769.0,0,1,22,0,23174.0,17.700000762939453,48,9328.8203125,8432.7998046875,896.02001953125,0.0,Individual,4,0
99973478,35000.0,35000.0,36.0,13.489999771118164,1187.5699462890625,C,C2,1.0,MORTGAGE,91000.0,91000.0,Verified,2017-03-01,2017,3,2017-03,Current,0,0,debt_consolidation,AL,17.0,1,10-20,$90k-120k,21.415468856947296,Medium Risk,660.0,664.0,2,0,11,0,40950.0,88.0999984741211,28,28449.220703125,21738.240234375,6710.97998046875,0.0,Individual,2,0
75709494,18000.0,18000.0,60.0,19.530000686645508,472.20001220703125,D,D5,3.0,RENT,64000.0,64000.0,Not Verified,2016-03-01,2016,3,2016-03,Fully Paid,1,0,debt_consolidation,AZ,12.039999961853027,1,10-20,$60k-90k,15.832991101984941,Medium Risk,660.0,664.0,0,0,11,0,13100.0,66.19999694824219,26,19321.91015625,18000.0,1321.9100341796875,0.0,Individual,3,0
68610037,21000.0,21000.0,60.0,13.989999771118164,488.5299987792969,C,C4,10.0,RENT,97000.0,97000.0,Source Verified,2016-01-01,2016,1,2016-01,Current,0,0,debt_consolidation,GA,32.599998474121094,1,30-40,$90k-120k,10.669404517453799,Medium Risk,685.0,689.0,0,0,17,0,36436.0,76.0999984741211,38,18531.5,11568.5,6963.0,0.0,Individual,0,0
72765407,11200.0,11200.0,36.0,11.470000267028809,369.17999267578125,B,B5,10.0,OWN,35000.0,35000.0,Source Verified,2016-03-01,2016,3,2016-03,Charged Off,1,1,credit_card,MA,31.06999969482422,1,30-40,$30k-60k,11.077344284736482,Low Risk,660.0,664.0,3,1,7,0,4233.0,46.0,22,4718.22998046875,2736.929931640625,979.8499755859375,1001.4500122070312,Individual,0,0
56090283,4250.0,4250.0,36.0,12.6899995803833,142.57000732421875,C,C2,5.0,MORTGAGE,55000.0,55000.0,Not Verified,2015-08-01,2015,8,2015-08,Charged Off,1,1,home_improvement,AZ,6.909999847412109,1,<10,$30k-60k,5.333333333333333,Medium Risk,700.0,704.0,0,1,10,0,3903.0,25.0,12,4138.72021484375,3161.5400390625,827.4199829101562,149.75999450683594,Individual,1,0
76437792,9000.0,9000.0,36.0,7.889999866485596,281.5799865722656,A,A5,2.0,RENT,53760.0,53760.0,Source Verified,2016-04-01,2016,4,2016-04,Charged Off,1,1,debt_consolidation,MD,10.890000343322754,1,10-20,$30k-60k,7.162217659137577,Low Risk,700.0,704.0,0,0,13,1,7595.0,36.70000076293945,38,4223.41015625,3493.969970703125,729.4400024414062,0.0,Individual,0,0
68672338,35000.0,35000.0,36.0,16.59000015258789,1240.719970703125,D,D2,0.0,MORTGAGE,150000.0,150000.0,Verified,2016-01-01,2016,1,2016-01,Charged Off,1,1,debt_consolidation,MD,7.860000133514404,1,<10,$120k+,14.250513347022586,Medium Risk,660.0,664.0,0,0,20,2,20007.0,61.20000076293945,33,3689.89990234375,2302.070068359375,1387.8299560546875,0.0,Individual,1,0
566017,12000.0,12000.0,36.0,15.210000038146973,417.2200012207031,D,D2,3.0,RENT,46800.0,46800.0,Source Verified,2010-10-01,2010,10,2010-10,Fully Paid,1,0,debt_consolidation,NY,20.040000915527344,1,20-30,$30k-60k,10.417522245037645,Medium Risk,670.0,674.0,0,1,5,0,15400.0,79.80000305175781,7,14500.228515625,12000.0,2500.22998046875,0.0,Individual,-1,0
107502016,10000.0,10000.0,36.0,13.489999771118164,339.30999755859375,C,C2,10.0,MORTGAGE,30500.0,30500.0,Verified,2017-05-01,2017,5,2017-05,Current,0,0,debt_consolidation,KS,63.9900016784668,1,40+,$30k-60k,31.082819986310746,Medium Risk,665.0,669.0,6,4,10,0,6488.0,92.69999694824219,38,7457.330078125,5626.72998046875,1830.5999755859375,0.0,Joint App,5,0
65791405,35000.0,35000.0,60.0,12.59000015258789,789.0399780273438,C,C2,10.0,MORTGAGE,70000.0,70000.0,Source Verified,2015-11-01,2015,11,2015-11,Charged Off,1,1,debt_consolidation,PA,20.3700008392334,1,20-30,$60k-90k,16.0,Medium Risk,730.0,734.0,0,2,17,0,26219.0,41.79999923706055,44,25984.859375,9332.8896484375,6798.52001953125,9814.0,Individual,1,0
3604934,17000.0,17000.0,60.0,21.489999771118164,464.6099853515625,E,E3,4.0,RENT,38500.0,38500.0,Verified,2013-03-01,2013,3,2013-03,Fully Paid,1,0,debt_consolidation,WI,33.630001068115234,1,30-40,$30k-60k,7.41409993155373,High Risk,660.0,664.0,0,0,10,0,16673.0,76.0999984741211,18,27198.2265625,17000.0,10198.23046875,0.0,Individual,0,0
135670585,2000.0,2000.0,36.0,12.130000114440918,66.55999755859375,B,B5,1.0,MORTGAGE,135000.0,135000.0,Not Verified,2018-06-01,2018,6,2018-06,Current,0,0,debt_consolidation,TX,17.059999465942383,1,10-20,$120k+,13.32785763175907,Low Risk,710.0,714.0,0,0,15,0,7298.0,54.099998474121094,42,596.3400268554688,434.3599853515625,161.97999572753906,0.0,Individual,1,0
15630273,18000.0,18000.0,36.0,12.989999771118164,606.4099731445312,C,C1,6.0,MORTGAGE,75000.0,75000.0,Source Verified,2014-05-01,2014,5,2014-05,Fully Paid,1,0,debt_consolidation,WV,21.459999084472656,1,20-30,$60k-90k,11.58110882956879,Medium Risk,675.0,679.0,0,1,20,1,10505.0,28.799999237060547,38,18194.849609375,18000.0,194.85000610351562,0.0,Individual,4,1
73745201,10000.0,10000.0,60.0,18.989999771118164,259.3599853515625,D,D4,5.0,MORTGAGE,90000.0,90000.0,Not Verified,2016-03-01,2016,3,2016-03,Current,0,0,debt_consolidation,KY,21.010000228881836,1,20-30,$90k-120k,6.666666666666667,Medium Risk,675.0,679.0,0,3,6,0,3396.0,75.5,16,9326.41015625,4853.72021484375,4472.68994140625,0.0,Individual,1,0
129924468,3600.0,3600.0,36.0,19.420000076293945,132.72999572753906,D,D3,2.0,RENT,34500.0,34500.0,Not Verified,2018-03-01,2018,3,2018-03,Current,0,0,debt_consolidation,NY,13.109999656677246,1,10-20,$30k-60k,10.414784394250514,Medium Risk,680.0,684.0,0,1,7,0,5423.0,58.0,7,1602.47998046875,977.6400146484375,624.8400268554688,0.0,Individual,0,0
56082679,7000.0,7000.0,36.0,8.180000305175781,219.94000244140625,B,B1,1.0,OWN,60000.0,60000.0,Not Verified,2015-08-01,2015,8,2015-08,Fully Paid,1,0,debt_consolidation,NY,8.239999771118164,1,<10,$60k-90k,11.082819986310746,Low Risk,720.0,724.0,0,0,8,0,10334.0,87.5999984741211,13,7914.5087890625,7000.0,914.510009765625,0.0,Individual,2,0
131226540,7000.0,7000.0,36.0,14.069999694824219,239.49000549316406,C,C3,,RENT,25000.0,25000.0,Verified,2018-04-01,2018,4,2018-04,Current,0,0,other,NY,24.389999389648438,1,20-30,<$30k,18.083504449007528,Medium Risk,800.0,804.0,0,0,5,0,0.0,0.0,11,2633.77001953125,1836.739990234375,797.030029296875,0.0,Joint App,0,0
61448665,15000.0,15000.0,36.0,7.889999866485596,469.2900085449219,A,A5,1.0,RENT,45000.0,45000.0,Verified,2015-10-01,2015,10,2015-10,Charged Off,1,1,credit_card,OH,22.43000030517578,1,20-30,$30k-60k,16.83230663928816,Low Risk,715.0,719.0,0,0,7,0,13263.0,55.70000076293945,12,1410.9000244140625,1119.31005859375,291.5899963378906,0.0,Individual,0,0
4574777,8000.0,8000.0,36.0,18.75,292.239990234375,D,D3,7.0,RENT,34320.0,34320.0,Not Verified,2013-05-01,2013,5,2013-05,Fully Paid,1,0,credit_card,CA,11.470000267028809,1,10-20,$30k-60k,14.581793292265571,Medium Risk,685.0,689.0,0,1,9,0,11190.0,60.5,14,10261.4404296875,8000.0,2261.43994140625,0.0,Individual,0,0
8980976,5150.0,5150.0,36.0,24.5,203.41000366210938,F,F3,6.0,RENT,26000.0,26000.0,Not Verified,2013-11-01,2013,11,2013-11,Fully Paid,1,0,debt_consolidation,MO,26.59000015258789,1,20-30,<$30k,6.0013689253935665,High Risk,680.0,684.0,0,2,8,0,3414.0,53.29999923706055,9,7322.43017578125,5150.0,2172.429931640625,0.0,Individual,0,0
59100054,21000.0,21000.0,60.0,12.289999961853027,470.2200012207031,C,C1,10.0,RENT,45000.0,45000.0,Not Verified,2015-09-01,2015,9,2015-09,Current,0,0,major_purchase,WI,7.409999847412109,1,<10,$30k-60k,8.750171115674195,Medium Risk,725.0,729.0,0,1,6,0,9403.0,31.0,7,19734.900390625,13306.4404296875,6428.4599609375,0.0,Individual,0,0
88919045,10000.0,10000.0,36.0,17.989999771118164,361.4800109863281,D,D2,9.0,MORTGAGE,55000.0,55000.0,Source Verified,2016-09-01,2016,9,2016-09,Charged Off,1,1,other,CO,15.119999885559082,1,10-20,$30k-60k,8.336755646817249,Medium Risk,660.0,664.0,0,2,11,2,7994.0,35.79999923706055,15,6321.22021484375,3527.18994140625,1875.02001953125,919.010009765625,Individual,2,2
126411212,6000.0,6000.0,36.0,13.59000015258789,203.8800048828125,C,C2,10.0,MORTGAGE,49000.0,49000.0,Source Verified,2018-01-01,2018,1,2018-01,Charged Off,1,1,car,MD,3.5799999237060547,1,<10,$30k-60k,4.7529089664613275,Medium Risk,730.0,734.0,0,2,4,0,472.0,2.4000000953674316,10,1830.3900146484375,1280.280029296875,550.1099853515625,0.0,Individual,1,0
94032177,15000.0,15000.0,60.0,17.989999771118164,380.82000732421875,D,D2,3.0,RENT,75000.0,75000.0,Not Verified,2016-11-01,2016,11,2016-11,Late (31-120 days),0,0,major_purchase,NY,12.579999923706055,1,10-20,$60k-90k,11.33744010951403,Medium Risk,760.0,764.0,0,0,5,0,17177.0,18.0,5,9959.0400390625,4874.22021484375,4989.6201171875,0.0,Individual,0,0
67725643,18000.0,18000.0,60.0,14.479999542236328,423.3299865722656,C,C5,3.0,RENT,78000.0,78000.0,Source Verified,2015-12-01,2015,12,2015-12,Fully Paid,1,0,debt_consolidation,UT,15.079999923706055,1,10-20,$60k-90k,17.752224503764545,Medium Risk,660.0,664.0,0,2,14,1,10341.0,35.400001525878906,48,20364.533203125,18000.0,2364.530029296875,0.0,Individual,7,1
145482764,8000.0,8000.0,36.0,19.920000076293945,296.989990234375,D,D3,4.0,RENT,81657.0,81657.0,Not Verified,2018-12-01,2018,12,2018-12,Current,0,0,credit_card,PA,12.390000343322754,1,10-20,$60k-90k,17.333333333333332,Medium Risk,670.0,674.0,0,0,7,0,5204.0,89.69999694824219,29,873.260009765625,500.7900085449219,372.4700012207031,0.0,Individual,0,0
131352323,10000.0,10000.0,60.0,25.809999465942383,298.2900085449219,E,E4,1.0,RENT,10000.0,10000.0,Not Verified,2018-04-01,2018,4,2018-04,Current,0,0,debt_consolidation,WI,87.1500015258789,1,40+,<$30k,12.331279945242985,High Risk,665.0,669.0,0,1,9,0,7789.0,68.30000305175781,23,3252.510009765625,1020.3400268554688,2232.169921875,0.0,Joint App,0,0
3185294,2500.0,2500.0,36.0,15.800000190734863,87.6500015258789,C,C3,10.0,MORTGAGE,67000.0,67000.0,Source Verified,2013-01-01,2013,1,2013-01,Charged Off,1,1,debt_consolidation,AK,25.700000762939453,1,20-30,$60k-90k,17.086926762491444,Medium Risk,675.0,679.0,0,1,12,0,17577.0,95.0,20,550.239990234375,223.3000030517578,127.30000305175781,199.63999938964844,Individual,2,0
24645930,8000.0,8000.0,36.0,10.149999618530273,258.7099914550781,B,B2,10.0,OWN,29650.0,29650.0,Source Verified,2014-08-01,2014,8,2014-08,Charged Off,1,1,debt_consolidation,IL,32.90999984741211,1,30-40,<$30k,10.581793292265571,Low Risk,715.0,719.0,0,0,31,1,14038.0,23.100000381469727,37,6274.31982421875,4828.080078125,1122.25,323.989990234375,Individual,0,1
77019918,8000.0,8000.0,36.0,15.3100004196167,278.5400085449219,C,C5,10.0,RENT,130000.0,130000.0,Source Verified,2016-04-01,2016,4,2016-04,Fully Paid,1,0,debt_consolidation,CT,25.31999969482422,1,20-30,$120k+,15.665982203969884,Medium Risk,670.0,674.0,3,2,24,0,27740.0,54.29999923706055,43,10000.1689453125,8000.0,2000.1700439453125,0.0,Individual,1,0
125226709,6400.0,6400.0,36.0,17.09000015258789,228.47000122070312,D,D1,10.0,MORTGAGE,54000.0,54000.0,Verified,2017-12-01,2017,12,2017-12,Current,0,0,debt_consolidation,WI,25.8700008392334,1,20-30,$30k-60k,22.168377823408623,Medium Risk,715.0,719.0,0,0,15,0,7122.0,25.299999237060547,20,3420.969970703125,2278.429931640625,1142.5400390625,0.0,Individual,2,0
73530127,5500.0,5500.0,36.0,6.489999771118164,168.5500030517578,A,A2,9.0,MORTGAGE,80000.0,80000.0,Source Verified,2016-03-01,2016,3,2016-03,Fully Paid,1,0,debt_consolidation,WY,10.220000267028809,1,10-20,$60k-90k,10.915811088295689,Low Risk,725.0,729.0,0,0,5,0,2272.0,45.400001525878906,19,5560.8798828125,5500.0,60.880001068115234,0.0,Individual,5,0
91090301,15000.0,15000.0,60.0,15.59000015258789,361.5199890136719,C,C5,10.0,MORTGAGE,65000.0,65000.0,Not Verified,2016-10-01,2016,10,2016-10,Current,0,0,other,OH,28.899999618530273,1,20-30,$60k-90k,23.082819986310746,Medium Risk,680.0,684.0,0,0,15,2,8818.0,29.100000381469727,34,10536.0400390625,5823.72998046875,4712.31005859375,0.0,Individual,2,1
134546545,14925.0,14925.0,36.0,20.389999389648438,557.6400146484375,D,D4,2.0,MORTGAGE,80000.0,80000.0,Verified,2018-06-01,2018,6,2018-06,Current,0,0,home_improvement,IN,43.63999938964844,1,40+,$60k-90k,18.49965776865161,Medium Risk,740.0,744.0,0,1,28,0,7991.0,15.100000381469727,43,4984.9501953125,2929.89990234375,2055.050048828125,0.0,Joint App,3,0
117366139,35000.0,35000.0,60.0,30.84000015258789,1150.5,G,G2,10.0,RENT,91000.0,91000.0,Verified,2017-09-01,2017,9,2017-09,Current,0,0,debt_consolidation,FL,20.399999618530273,1,20-30,$90k-120k,23.83299110198494,High Risk,675.0,679.0,0,1,15,0,33817.0,77.9000015258789,24,21049.810546875,5634.72021484375,15415.08984375,0.0,Individual,0,0
1197010,20000.0,20000.0,60.0,12.119999885559082,446.1099853515625,B,B3,2.0,RENT,55000.0,55000.0,Verified,2012-03-01,2012,3,2012-03,Fully Paid,1,0,small_business,NJ,17.739999771118164,1,10-20,$30k-60k,29.582477754962355,Low Risk,780.0,784.0,0,2,11,0,4407.0,14.899999618530273,22,24511.140625,20000.0,4511.14013671875,0.0,Individual,1,0
6552518,20000.0,20000.0,60.0,15.880000114440918,485.0899963378906,C,C4,10.0,MORTGAGE,67000.0,67000.0,Verified,2013-08-01,2013,8,2013-08,Fully Paid,1,0,debt_consolidation,NY,23.700000762939453,1,20-30,$60k-90k,11.252566735112936,Medium Risk,725.0,729.0,0,2,9,0,19032.0,71.80000305175781,14,29100.26171875,20000.0,9100.259765625,0.0,Individual,2,0
131415295,13000.0,13000.0,60.0,13.579999923706055,299.6700134277344,C,C2,8.0,MORTGAGE,68000.0,68000.0,Not Verified,2018-04-01,2018,4,2018-04,Current,0,0,credit_card,CA,15.279999732971191,1,10-20,$60k-90k,10.666666666666666,Medium Risk,695.0,699.0,0,0,9,0,22953.0,72.0,20,3286.56005859375,1776.3399658203125,1510.219970703125,0.0,Individual,1,0
40097472,28500.0,28500.0,60.0,17.860000610351562,721.5499877929688,D,D5,1.0,MORTGAGE,210000.0,210000.0,Source Verified,2015-02-01,2015,2,2015-02,Fully Paid,1,0,debt_consolidation,TX,9.170000076293945,1,<10,$120k+,12.084873374401095,Medium Risk,665.0,669.0,0,0,9,3,10041.0,67.4000015258789,17,31698.259765625,28500.0,3198.260009765625,0.0,Individual,3,1
11657851,5000.0,5000.0,36.0,9.670000076293945,160.57000732421875,B,B1,7.0,MORTGAGE,67906.0,67906.0,Verified,2014-02-01,2014,2,2014-02,Fully Paid,1,0,debt_consolidation,GA,2.2100000381469727,1,<10,$60k-90k,16.418891170431213,Low Risk,680.0,684.0,0,0,4,0,4600.0,92.0,18,5679.27978515625,5000.0,679.280029296875,0.0,Individual,4,0
75124458,9000.0,9000.0,36.0,7.889999866485596,281.5799865722656,A,A5,6.0,RENT,45000.0,45000.0,Source Verified,2016-03-01,2016,3,2016-03,Charged Off,1,1,credit_card,MA,17.360000610351562,1,10-20,$30k-60k,33.91649555099247,Low Risk,685.0,689.0,0,0,6,1,4749.0,32.29999923706055,14,3233.25,2055.10009765625,475.17999267578125,702.969970703125,Joint App,1,1
46652530,25250.0,25250.0,60.0,11.529999732971191,555.7000122070312,B,B5,10.0,MORTGAGE,55000.0,55000.0,Source Verified,2015-04-01,2015,4,2015-04,Fully Paid,1,0,credit_card,IN,13.720000267028809,1,10-20,$30k-60k,13.084188911704311,Low Risk,720.0,724.0,0,0,9,0,25977.0,49.79999923706055,17,32035.892578125,25250.0,6785.89013671875,0.0,Individual,4,0
135834972,10000.0,10000.0,36.0,11.050000190734863,327.6300048828125,B,B4,10.0,MORTGAGE,91000.0,91000.0,Source Verified,2018-06-01,2018,6,2018-06,Fully Paid,1,0,debt_consolidation,TX,10.920000076293945,1,10-20,$90k-120k,14.91854893908282,Low Risk,690.0,694.0,0,2,9,0,10441.0,49.70000076293945,19,10662.5234375,10000.0,662.52001953125,0.0,Individual,4,0
125050708,15000.0,15000.0,36.0,7.96999979019165,469.8399963378906,A,A5,0.0,OWN,75000.0,75000.0,Not Verified,2017-11-01,2017,11,2017-11,Current,0,0,credit_card,GA,28.479999542236328,1,20-30,$60k-90k,14.168377823408624,Low Risk,705.0,709.0,0,0,11,1,16516.0,41.900001525878906,24,7510.7998046875,6227.85009765625,1282.949951171875,0.0,Individual,0,1
7456365,10500.0,10500.0,36.0,9.989999771118164,338.760009765625,B,B1,10.0,MORTGAGE,30000.0,30000.0,Source Verified,2013-10-01,2013,10,2013-10,Fully Paid,1,0,credit_card,TX,16.639999389648438,1,10-20,$30k-60k,25.50034223134839,Low Risk,685.0,689.0,0,1,9,0,9024.0,38.099998474121094,24,11406.9423828125,10500.0,906.9400024414062,0.0,Individual,1,0
129229166,10000.0,10000.0,36.0,6.710000038146973,307.45001220703125,A,A3,3.0,MORTGAGE,35000.0,35000.0,Verified,2018-03-01,2018,3,2018-03,Current,0,0,credit_card,IL,6.949999809265137,1,<10,$30k-60k,16.49555099247091,Low Risk,710.0,714.0,0,1,9,0,3987.0,12.199999809265137,29,3681.93994140625,3112.97998046875,568.9600219726562,0.0,Individual,2,0
31807966,15000.0,15000.0,36.0,7.119999885559082,463.9800109863281,A,A3,9.0,MORTGAGE,36700.0,36700.0,Not Verified,2014-10-01,2014,10,2014-10,Fully Paid,1,0,debt_consolidation,IN,31.329999923706055,1,30-40,$30k-60k,12.58590006844627,Low Risk,770.0,774.0,0,0,8,0,8815.0,34.29999923706055,21,16697.345703125,15000.0,1697.3499755859375,0.0,Individual,4,0
46814239,15325.0,15325.0,60.0,11.529999732971191,337.2699890136719,B,B5,10.0,MORTGAGE,44714.19921875,44714.19921875,Source Verified,2015-04-01,2015,4,2015-04,Fully Paid,1,0,debt_consolidation,CA,34.84000015258789,1,30-40,$30k-60k,26.496919917864478,Low Risk,755.0,759.0,0,1,10,0,15943.0,34.400001525878906,21,17588.130859375,15325.0,2263.1298828125,0.0,Individual,2,0
130368109,6025.0,6025.0,36.0,10.899999618530273,196.97000122070312,B,B4,10.0,MORTGAGE,63000.0,63000.0,Not Verified,2018-03-01,2018,3,2018-03,Current,0,0,debt_consolidation,MA,18.100000381469727,1,10-20,$60k-90k,17.998631074606433,Low Risk,735.0,739.0,0,0,5,0,5609.0,77.9000015258789,9,2359.989990234375,1794.8299560546875,565.1599731445312,0.0,Individual,1,0
84131291,4200.0,4200.0,36.0,11.489999771118164,138.47999572753906,B,B5,4.0,RENT,30000.0,30000.0,Verified,2016-07-01,2016,7,2016-07,Current,0,0,moving,LA,6.239999771118164,1,<10,$30k-60k,7.2498288843258045,Low Risk,720.0,724.0,0,0,5,0,3478.0,45.20000076293945,6,4428.68017578125,3659.1201171875,769.5599975585938,0.0,Individual,0,0
65756528,35000.0,35000.0,60.0,12.050000190734863,779.4500122070312,C,C1,6.0,MORTGAGE,112000.0,112000.0,Source Verified,2015-12-01,2015,12,2015-12,Fully Paid,1,0,debt_consolidation,CA,12.479999542236328,1,10-20,$90k-120k,11.247091033538672,Medium Risk,780.0,784.0,0,0,17,0,34353.0,38.70000076293945,27,38920.50390625,35000.0,3920.5,0.0,Individual,2,0
50580728,16000.0,16000.0,60.0,15.609999656677246,385.7900085449219,D,D1,3.0,RENT,58000.0,58000.0,Source Verified,2015-06-01,2015,6,2015-06,Current,0,0,debt_consolidation,OR,22.020000457763672,1,20-30,$30k-60k,12.0,Medium Risk,660.0,664.0,0,0,13,0,14080.0,73.0,24,17346.669921875,10774.1103515625,6572.56005859375,0.0,Individual,2,0
142689119,20000.0,20000.0,60.0,10.470000267028809,429.5899963378906,B,B2,10.0,MORTGAGE,73000.0,73000.0,Not Verified,2018-10-01,2018,10,2018-10,Current,0,0,debt_consolidation,IN,35.029998779296875,1,30-40,$60k-90k,29.166324435318277,Low Risk,725.0,729.0,0,2,11,0,5076.0,35.70000076293945,30,2124.679931640625,1297.2900390625,827.3900146484375,0.0,Joint App,4,0
65312469,27000.0,27000.0,60.0,12.59000015258789,608.6900024414062,C,C2,2.0,MORTGAGE,92000.0,92000.0,Not Verified,2015-11-01,2015,11,2015-11,Fully Paid,1,0,credit_card,MS,28.15999984741211,1,20-30,$90k-120k,24.58590006844627,Medium Risk,715.0,719.0,0,0,10,0,22141.0,60.29999923706055,27,33147.3046875,27000.0,6147.31005859375,0.0,Individual,4,0
40522537,10000.0,10000.0,36.0,14.3100004196167,343.2900085449219,C,C4,0.0,RENT,91500.0,91500.0,Not Verified,2015-02-01,2015,2,2015-02,Fully Paid,1,0,moving,GA,9.130000114440918,1,<10,$90k-120k,12.251882272416154,Medium Risk,695.0,699.0,0,0,18,0,1672.0,25.0,42,10459.400390625,10000.0,459.3999938964844,0.0,Individual,1,0
88820866,3000.0,3000.0,36.0,13.989999771118164,102.5199966430664,C,C3,5.0,RENT,35500.0,35500.0,Source Verified,2016-08-01,2016,8,2016-08,Fully Paid,1,0,credit_card,TX,32.959999084472656,1,30-40,$30k-60k,12.83504449007529,Medium Risk,710.0,714.0,0,1,9,0,14851.0,54.79999923706055,16,3664.8994140625,3000.0,664.9000244140625,0.0,Individual,0,0
132149738,6050.0,6050.0,36.0,6.710000038146973,186.00999450683594,A,A3,,RENT,19032.0,19032.0,Source Verified,2018-04-01,2018,4,2018-04,Current,0,0,credit_card,VA,8.949999809265137,1,<10,<$30k,12.83230663928816,Low Risk,755.0,759.0,0,0,10,0,5118.0,22.0,19,2041.5999755859375,1721.52001953125,320.0799865722656,0.0,Individual,0,0
121744866,16000.0,16000.0,60.0,18.059999465942383,406.82000732421875,D,D2,2.0,RENT,58000.0,58000.0,Source Verified,2017-12-01,2017,12,2017-12,Current,0,0,credit_card,NY,7.739999771118164,1,<10,$30k-60k,34.42026009582478,Medium Risk,660.0,664.0,1,0,5,0,14715.0,97.5,8,6022.02978515625,2770.56005859375,3251.469970703125,0.0,Individual,0,0
502142,3000.0,3000.0,36.0,13.479999542236328,101.77999877929688,C,C3,9.0,RENT,42224.0,42224.0,Not Verified,2010-04-01,2010,4,2010-04,Fully Paid,1,0,debt_consolidation,CA,15.739999771118164,1,10-20,$30k-60k,7.162217659137577,Medium Risk,685.0,689.0,0,0,3,1,642.0,80.19999694824219,6,3375.824951171875,3000.0,375.82000732421875,0.0,Individual,-1,1
88903516,35000.0,35000.0,36.0,8.59000015258789,1106.3299560546875,A,A5,10.0,MORTGAGE,120000.0,120000.0,Verified,2016-09-01,2016,9,2016-09,Current,0,0,debt_consolidation,CA,21.030000686645508,1,20-30,$120k+,11.33744010951403,Low Risk,700.0,704.0,1,0,16,0,15669.0,52.099998474121094,33,33173.19921875,28525.439453125,4647.759765625,0.0,Individual,2,0
76032475,20850.0,20850.0,36.0,28.989999771118164,873.6300048828125,G,G5,1.0,RENT,110000.0,110000.0,Source Verified,2016-04-01,2016,4,2016-04,Charged Off,1,1,debt_consolidation,IN,9.109999656677246,1,<10,$90k-120k,10.001368925393566,High Risk,725.0,729.0,0,2,8,0,3050.0,17.200000762939453,8,25474.490234375,15285.6103515625,10145.2001953125,0.0,Individual,0,0
81444159,14400.0,14400.0,36.0,11.989999771118164,478.2200012207031,C,C1,1.0,OWN,50000.0,50000.0,Source Verified,2016-06-01,2016,6,2016-06,Fully Paid,1,0,debt_consolidation,TX,25.440000534057617,1,20-30,$30k-60k,11.832991101984941,Medium Risk,670.0,674.0,0,0,10,0,12506.0,85.69999694824219,15,16676.396484375,14400.0,2276.39990234375,0.0,Individual,0,0
9714763,35000.0,35000.0,60.0,18.25,893.5399780273438,D,D3,5.0,MORTGAGE,80000.0,80000.0,Verified,2013-12-01,2013,12,2013-12,Charged Off,1,1,credit_card,TX,23.639999389648438,1,20-30,$60k-90k,8.999315537303216,Medium Risk,670.0,674.0,1,1,23,0,31946.0,69.0,44,49571.578125,29268.220703125,18850.6796875,1408.0,Individual,1,0
140740873,35000.0,35000.0,60.0,16.139999389648438,853.739990234375,C,C4,10.0,RENT,110000.0,110000.0,Not Verified,2018-09-01,2018,9,2018-09,Current,0,0,debt_consolidation,CA,28.15999984741211,1,20-30,$90k-120k,14.08350444900753,Medium Risk,660.0,664.0,1,0,25,0,29792.0,64.19999694824219,41,5091.06005859375,2376.610107421875,2714.449951171875,0.0,Individual,0,0
119414388,9275.0,9275.0,36.0,19.030000686645508,340.1300048828125,D,D3,8.0,OWN,54500.0,54500.0,Verified,2017-09-01,2017,9,2017-09,Charged Off,1,1,credit_card,OK,37.209999084472656,1,30-40,$30k-60k,16.16974674880219,Medium Risk,660.0,664.0,2,1,30,0,18352.0,39.79999923706055,39,4402.080078125,2758.68994140625,1643.3900146484375,0.0,Individual,0,0
77449596,28000.0,28000.0,36.0,12.989999771118164,943.2999877929688,C,C2,2.0,RENT,120000.0,120000.0,Source Verified,2016-05-01,2016,5,2016-05,Fully Paid,1,0,debt_consolidation,CA,12.15999984741211,1,10-20,$120k+,7.748117727583847,Medium Risk,670.0,674.0,1,2,21,0,12471.0,54.20000076293945,37,33880.01953125,28000.0,5880.02001953125,0.0,Individual,0,0
123047983,4500.0,4500.0,36.0,9.4399995803833,144.02999877929688,B,B1,3.0,RENT,55000.0,55000.0,Not Verified,2017-12-01,2017,12,2017-12,Fully Paid,1,0,medical,NV,34.47999954223633,1,30-40,$30k-60k,13.08145106091718,Low Risk,730.0,734.0,0,0,12,1,4687.0,29.5,24,4802.29736328125,4500.0,302.29998779296875,0.0,Individual,0,1
13107684,12000.0,12000.0,60.0,18.920000076293945,310.760009765625,D,D4,2.0,RENT,45000.0,45000.0,Source Verified,2014-03-01,2014,3,2014-03,Fully Paid,1,0,credit_card,PA,14.100000381469727,1,10-20,$30k-60k,32.16153319644079,Medium Risk,670.0,674.0,0,1,11,0,11525.0,79.5,18,18646.849609375,12000.0,6646.85009765625,0.0,Individual,0,0
75688338,9600.0,9600.0,36.0,12.989999771118164,323.4200134277344,C,C2,10.0,RENT,43000.0,43000.0,Source Verified,2016-03-01,2016,3,2016-03,Fully Paid,1,0,debt_consolidation,NY,12.510000228881836,1,10-20,$30k-60k,23.665982203969882,Medium Risk,685.0,689.0,0,0,11,0,12721.0,46.900001525878906,27,11271.01953125,9600.0,1671.02001953125,0.0,Individual,0,0
128407707,7000.0,7000.0,36.0,7.349999904632568,217.27000427246094,A,A4,0.0,RENT,75000.0,75000.0,Source Verified,2018-02-01,2018,2,2018-02,Fully Paid,1,0,credit_card,WA,4.159999847412109,1,<10,$60k-90k,4.75564681724846,Low Risk,700.0,704.0,0,0,6,0,5144.0,31.399999618530273,7,7263.0751953125,7000.0,263.0799865722656,0.0,Individual,0,0
70882103,10000.0,10000.0,36.0,9.15999984741211,318.75,B,B2,10.0,OWN,78300.0,78300.0,Not Verified,2016-02-01,2016,2,2016-02,Fully Paid,1,0,debt_consolidation,FL,10.699999809265137,1,10-20,$60k-90k,14.417522245037645,Low Risk,660.0,664.0,0,0,14,0,5946.0,19.700000762939453,25,11038.8232421875,10000.0,1038.8199462890625,0.0,Individual,1,0
98857151,4050.0,4050.0,36.0,12.739999771118164,135.9600067138672,C,C1,,RENT,11916.0,11916.0,Verified,2017-02-01,2017,2,2017-02,Fully Paid,1,0,debt_consolidation,FL,26.489999771118164,1,20-30,<$30k,28.75564681724846,Medium Risk,690.0,694.0,0,0,9,1,6433.0,27.0,21,4339.4951171875,4050.0,289.489990234375,0.0,Individual,1,1
549152,10000.0,10000.0,36.0,17.190000534057617,357.4800109863281,E,E3,3.0,RENT,36000.0,36000.0,Source Verified,2010-07-01,2010,7,2010-07,Fully Paid,1,0,house,MN,4.300000190734863,1,<10,$30k-60k,8.082135523613964,High Risk,660.0,664.0,0,0,3,0,3147.0,74.9000015258789,10,12870.1796875,10000.0,2870.179931640625,0.0,Individual,-1,0
74181639,20000.0,20000.0,60.0,6.489999771118164,391.2300109863281,A,A2,10.0,MORTGAGE,44000.0,44000.0,Source Verified,2016-03-01,2016,3,2016-03,Fully Paid,1,0,debt_consolidation,NC,15.140000343322754,1,10-20,$30k-60k,18.16290212183436,Low Risk,740.0,744.0,0,0,11,0,11123.0,63.599998474121094,36,21551.078125,20000.0,1551.0799560546875,0.0,Individual,0,0
128996693,10000.0,10000.0,60.0,14.079999923706055,233.10000610351562,C,C3,3.0,OWN,37900.0,37900.0,Source Verified,2018-02-01,2018,2,2018-02,Current,0,0,other,MI,10.859999656677246,1,10-20,$30k-60k,28.503764544832308,Medium Risk,720.0,724.0,1,0,24,0,5457.0,8.800000190734863,62,3022.47998046875,1615.6099853515625,1406.8699951171875,0.0,Individual,2,0
8158501,10050.0,10050.0,36.0,16.200000762939453,354.3299865722656,C,C4,6.0,RENT,30000.0,30000.0,Verified,2013-10-01,2013,10,2013-10,Charged Off,1,1,debt_consolidation,MI,19.079999923706055,1,10-20,$30k-60k,6.587268993839836,Medium Risk,690.0,694.0,0,1,14,0,11021.0,41.70000076293945,19,11802.849609375,9015.0302734375,2677.169921875,110.6500015258789,Individual,0,0
35196794,14500.0,14500.0,36.0,15.59000015258789,506.8500061035156,D,D1,4.0,MORTGAGE,29000.0,29000.0,Verified,2014-11-01,2014,11,2014-11,Fully Paid,1,0,debt_consolidation,WA,18.25,1,10-20,<$30k,8.251882272416154,Medium Risk,695.0,699.0,0,0,6,1,10403.0,55.900001525878906,23,17283.94921875,14500.0,2783.949951171875,0.0,Individual,1,1
38302116,15000.0,15000.0,36.0,6.03000020980835,456.5400085449219,A,A1,3.0,OWN,65000.0,65000.0,Not Verified,2015-01-01,2015,1,2015-01,Fully Paid,1,0,debt_consolidation,CA,20.959999084472656,1,20-30,$60k-90k,11.586584531143053,Low Risk,745.0,749.0,0,0,14,0,16510.0,44.70000076293945,33,16198.830078125,15000.0,1198.8299560546875,0.0,Individual,0,0
46144782,17500.0,17500.0,36.0,12.6899995803833,587.0399780273438,C,C2,10.0,RENT,102000.0,102000.0,Not Verified,2015-04-01,2015,4,2015-04,Fully Paid,1,0,debt_consolidation,RI,4.639999866485596,1,<10,$90k-120k,13.664613278576317,Medium Risk,660.0,664.0,0,0,8,0,14748.0,75.19999694824219,25,19093.119140625,17500.0,1593.1199951171875,0.0,Individual,1,0
110348147,16000.0,16000.0,36.0,7.96999979019165,501.1700134277344,A,A5,10.0,MORTGAGE,75000.0,75000.0,Not Verified,2017-06-01,2017,6,2017-06,Fully Paid,1,0,credit_card,MI,19.389999389648438,1,10-20,$60k-90k,36.747433264887064,Low Risk,680.0,684.0,1,2,19,0,5893.0,14.600000381469727,36,17030.916015625,16000.0,1030.9200439453125,0.0,Individual,2,0
118283250,22500.0,22500.0,60.0,15.050000190734863,535.8699951171875,C,C4,10.0,MORTGAGE,154000.0,154000.0,Verified,2017-09-01,2017,9,2017-09,Current,0,0,credit_card,WI,22.219999313354492,1,20-30,$120k+,25.336071184120467,Medium Risk,680.0,684.0,0,1,12,0,72392.0,80.4000015258789,30,9673.8896484375,5087.22021484375,4586.669921875,0.0,Individual,3,0
32058888,8500.0,8500.0,36.0,12.489999771118164,284.32000732421875,B,B5,,RENT,36000.0,36000.0,Verified,2014-10-01,2014,10,2014-10,Fully Paid,1,0,debt_consolidation,KY,34.599998474121094,1,30-40,$30k-60k,15.16769336071184,Low Risk,680.0,684.0,0,2,7,0,5185.0,43.599998474121094,14,10229.4052734375,8500.0,1729.4100341796875,0.0,Individual,0,0
144368504,8000.0,8000.0,36.0,7.559999942779541,249.0800018310547,A,A3,2.0,RENT,42000.0,42000.0,Source Verified,2018-12-01,2018,12,2018-12,Current,0,0,debt_consolidation,TX,10.399999618530273,1,10-20,$30k-60k,7.082819986310746,Low Risk,715.0,719.0,0,1,12,0,9584.0,30.700000762939453,16,769.0800170898438,599.7999877929688,169.27999877929688,0.0,Individual,0,0
3217717,2000.0,2000.0,36.0,14.09000015258789,68.44999694824219,B,B5,10.0,RENT,43000.0,43000.0,Not Verified,2013-02-01,2013,2,2013-02,Fully Paid,1,0,debt_consolidation,NM,20.360000610351562,1,20-30,$30k-60k,15.419575633127995,Low Risk,695.0,699.0,0,1,12,0,18615.0,62.79999923706055,25,2463.8759765625,2000.0,463.8800048828125,0.0,Individual,0,0
37127352,15000.0,15000.0,36.0,14.989999771118164,519.9099731445312,C,C5,10.0,OWN,102000.0,102000.0,Source Verified,2014-12-01,2014,12,2014-12,Fully Paid,1,0,debt_consolidation,NJ,13.720000267028809,1,10-20,$90k-120k,14.499657768651609,Medium Risk,660.0,664.0,0,0,8,0,12836.0,89.80000305175781,29,17597.658203125,15000.0,2597.659912109375,0.0,Individual,4,0
10073291,10000.0,10000.0,36.0,9.670000076293945,321.1300048828125,B,B1,10.0,MORTGAGE,68000.0,68000.0,Not Verified,2014-01-01,2014,1,2014-01,Charged Off,1,1,debt_consolidation,TX,29.399999618530273,1,20-30,$60k-90k,10.839151266255989,Low Risk,720.0,724.0,0,0,16,0,10640.0,34.5,37,6422.60009765625,5197.3798828125,1224.8399658203125,0.3799999952316284,Individual,2,0
110793178,16525.0,16525.0,36.0,26.299999237060547,668.4500122070312,E,E5,,OWN,25500.0,25500.0,Verified,2017-06-01,2017,6,2017-06,Fully Paid,1,0,debt_consolidation,TX,32.33000183105469,1,30-40,<$30k,21.50034223134839,High Risk,700.0,704.0,0,1,14,1,13012.0,66.69999694824219,18,21572.6796875,16525.0,5047.68017578125,0.0,Joint App,0,0
106520478,8400.0,8400.0,36.0,13.989999771118164,287.05999755859375,C,C3,10.0,MORTGAGE,42000.0,42000.0,Verified,2017-04-01,2017,4,2017-04,Current,0,0,home_improvement,MN,17.459999084472656,1,10-20,$30k-60k,14.33264887063655,Medium Risk,660.0,664.0,0,1,9,0,3612.0,33.099998474121094,13,6595.85009765625,4955.580078125,1640.27001953125,0.0,Individual,1,0
79013288,40000.0,40000.0,60.0,10.75,864.719970703125,B,B4,0.0,MORTGAGE,210000.0,210000.0,Source Verified,2016-05-01,2016,5,2016-05,Current,0,0,debt_consolidation,CT,21.229999542236328,1,20-30,$120k+,18.581793292265573,Low Risk,690.0,694.0,0,0,15,0,72291.0,69.4000015258789,26,29352.69921875,20023.0703125,9329.6298828125,0.0,Individual,2,0
131282587,25000.0,25000.0,60.0,25.809999465942383,745.7100219726562,E,E4,,RENT,64000.0,64000.0,Not Verified,2018-04-01,2018,4,2018-04,Current,0,0,debt_consolidation,FL,13.350000381469727,1,10-20,$60k-90k,12.917180013689254,High Risk,700.0,704.0,0,2,8,0,12396.0,52.099998474121094,21,8411.16015625,2550.669921875,5860.490234375,0.0,Individual,0,0
488991,10000.0,10000.0,36.0,7.510000228881836,311.1000061035156,A,A4,0.0,MORTGAGE,125000.0,125000.0,Not Verified,2010-02-01,2010,2,2010-02,Fully Paid,1,0,major_purchase,CA,0.28999999165534973,1,<10,$120k+,27.33744010951403,Low Risk,805.0,809.0,0,1,14,0,1323.0,0.20000000298023224,30,10240.998046875,10000.0,241.0,0.0,Individual,-1,0
60890693,27400.0,27400.0,60.0,18.25,699.52001953125,E,E1,10.0,MORTGAGE,145000.0,145000.0,Verified,2015-09-01,2015,9,2015-09,Charged Off,1,1,credit_card,NC,39.65999984741211,1,30-40,$120k+,27.3347022587269,High Risk,710.0,714.0,0,1,20,0,47740.0,88.69999694824219,31,21116.259765625,9046.91015625,9834.3701171875,2200.0,Individual,4,0
127281445,8400.0,8400.0,36.0,6.71999979019165,258.29998779296875,A,A3,4.0,MORTGAGE,149000.0,149000.0,Not Verified,2018-01-01,2018,1,2018-01,Fully Paid,1,0,debt_consolidation,NY,12.779999732971191,1,10-20,$120k+,23.419575633127995,Low Risk,765.0,769.0,0,0,14,0,5953.0,13.899999618530273,36,8918.158203125,8400.0,518.1599731445312,0.0,Individual,0,0
13038043,8000.0,8000.0,36.0,14.640000343322754,275.9200134277344,C,C3,3.0,RENT,65000.0,65000.0,Not Verified,2014-03-01,2014,3,2014-03,Fully Paid,1,0,debt_consolidation,NC,17.81999969482422,1,10-20,$60k-90k,12.914442162902121,Medium Risk,670.0,674.0,0,1,11,0,12103.0,66.9000015258789,17,8552.431640625,8000.0,552.4299926757812,0.0,Individual,0,0
1468189,13475.0,13475.0,36.0,6.03000020980835,410.1199951171875,A,A1,3.0,RENT,120000.0,120000.0,Not Verified,2012-08-01,2012,8,2012-08,Fully Paid,1,0,debt_consolidation,CT,10.970000267028809,1,10-20,$120k+,9.582477754962355,Low Risk,770.0,774.0,0,0,8,0,7659.0,28.5,14,14386.36328125,13475.0,911.3599853515625,0.0,Individual,0,0
28752869,5000.0,5000.0,36.0,12.489999771118164,167.25,B,B5,,RENT,60000.0,60000.0,Source Verified,2014-10-01,2014,10,2014-10,Fully Paid,1,0,credit_card,FL,14.199999809265137,1,10-20,$60k-90k,44.747433264887064,Low Risk,660.0,664.0,0,0,10,1,9798.0,57.599998474121094,41,6012.076171875,5000.0,1012.0800170898438,0.0,Individual,6,1
145337199,7000.0,7000.0,36.0,11.3100004196167,230.2100067138672,B,B3,1.0,MORTGAGE,70000.0,70000.0,Source Verified,2018-12-01,2018,12,2018-12,Current,0,0,debt_consolidation,TX,27.860000610351562,1,20-30,$60k-90k,12.41889117043121,Low Risk,705.0,709.0,0,2,16,0,28633.0,47.599998474121094,19,679.6300048828125,497.3599853515625,182.27000427246094,0.0,Individual,1,0
144269652,5000.0,5000.0,36.0,12.979999542236328,168.42999267578125,B,B5,5.0,RENT,41317.0,41317.0,Not Verified,2018-11-01,2018,11,2018-11,Current,0,0,credit_card,NJ,18.360000610351562,1,10-20,$30k-60k,6.50239561943874,Low Risk,665.0,669.0,1,1,8,0,2652.0,16.0,13,666.510009765625,464.8599853515625,201.64999389648438,0.0,Individual,0,0
1555910,19200.0,19200.0,36.0,10.15999984741211,620.97998046875,B,B1,10.0,MORTGAGE,62000.0,62000.0,Not Verified,2012-10-01,2012,10,2012-10,Fully Paid,1,0,debt_consolidation,CA,12.930000305175781,1,10-20,$60k-90k,20.16700889801506,Low Risk,725.0,729.0,0,1,9,0,17746.0,68.80000305175781,23,21960.6328125,19200.0,2760.6298828125,0.0,Individual,3,0
132986275,30000.0,30000.0,36.0,9.920000076293945,966.8900146484375,B,B2,4.0,MORTGAGE,135000.0,135000.0,Source Verified,2018-05-01,2018,5,2018-05,Current,0,0,credit_card,FL,19.1200008392334,1,10-20,$120k+,12.747433264887064,Low Risk,660.0,664.0,0,2,39,0,64075.0,36.400001525878906,62,9683.0498046875,7462.31982421875,2220.72998046875,0.0,Individual,2,0
141631728,34200.0,34200.0,60.0,15.020000457763672,813.97998046875,C,C3,10.0,MORTGAGE,90000.0,90000.0,Verified,2018-10-01,2018,10,2018-10,Current,0,0,debt_consolidation,IL,24.690000534057617,1,20-30,$90k-120k,9.998631074606434,Medium Risk,670.0,674.0,0,1,15,0,44519.0,60.599998474121094,26,3384.340087890625,1572.8699951171875,1811.469970703125,0.0,Individual,6,0
112597540,12000.0,12000.0,36.0,7.070000171661377,370.9100036621094,A,A2,10.0,RENT,50000.0,50000.0,Not Verified,2017-07-01,2017,7,2017-07,Charged Off,1,1,debt_consolidation,MO,20.690000534057617,1,20-30,$30k-60k,10.250513347022586,Low Risk,755.0,759.0,0,0,15,0,5431.0,7.199999809265137,29,7254.06982421875,1518.8399658203125,331.0,5404.22998046875,Individual,0,0
142969612,34750.0,34750.0,36.0,18.940000534057617,1272.75,D,D2,6.0,RENT,98000.0,98000.0,Verified,2018-11-01,2018,11,2018-11,Current,0,0,debt_consolidation,IL,25.290000915527344,1,20-30,$90k-120k,7.085557837097878,Medium Risk,675.0,679.0,0,0,7,0,20729.0,82.0,9,5292.1201171875,2966.43994140625,2325.679931640625,0.0,Individual,0,0
70884148,7800.0,7800.0,36.0,7.889999866485596,244.02999877929688,A,A5,3.0,RENT,51000.0,51000.0,Verified,2016-02-01,2016,2,2016-02,Fully Paid,1,0,credit_card,CA,18.920000076293945,1,10-20,$30k-60k,12.588637919233403,Low Risk,690.0,694.0,0,0,12,0,15110.0,82.5999984741211,15,8790.5869140625,7800.0,990.5900268554688,0.0,Individual,0,0
5650574,16000.0,16000.0,60.0,22.469999313354492,446.19000244140625,E,E5,3.0,RENT,60000.0,60000.0,Verified,2013-06-01,2013,6,2013-06,Fully Paid,1,0,debt_consolidation,WA,14.819999694824219,1,10-20,$60k-90k,19.83299110198494,High Risk,690.0,694.0,0,2,6,0,4915.0,42.0,14,20682.537109375,16000.0,4682.5400390625,0.0,Individual,0,0
119267670,12000.0,12000.0,36.0,9.930000305175781,386.82000732421875,B,B2,10.0,MORTGAGE,100000.0,100000.0,Not Verified,2017-09-01,2017,9,2017-09,Current,0,0,debt_consolidation,NJ,9.979999542236328,1,<10,$90k-120k,12.999315537303216,Low Risk,670.0,674.0,0,1,9,0,15310.0,63.5,26,6956.14013671875,5555.9599609375,1400.1800537109375,0.0,Individual,3,0
130446561,16000.0,16000.0,60.0,10.899999618530273,347.0899963378906,B,B4,1.0,MORTGAGE,95000.0,95000.0,Not Verified,2018-03-01,2018,3,2018-03,Fully Paid,1,0,debt_consolidation,GA,11.130000114440918,1,10-20,$90k-120k,14.496919917864476,Low Risk,760.0,764.0,0,0,8,0,15334.0,42.099998474121094,20,17084.119140625,16000.0,1084.1199951171875,0.0,Individual,3,0
13076373,35000.0,35000.0,36.0,12.489999771118164,1170.7099609375,B,B4,6.0,MORTGAGE,85000.0,85000.0,Verified,2014-04-01,2014,4,2014-04,Fully Paid,1,0,debt_consolidation,NV,26.979999542236328,1,20-30,$60k-90k,15.665982203969884,Low Risk,765.0,769.0,0,3,13,0,3314.0,23.0,27,41400.1796875,35000.0,6400.18017578125,0.0,Individual,0,0
102364138,21000.0,21000.0,36.0,7.989999771118164,657.969970703125,A,A5,0.0,MORTGAGE,165000.0,165000.0,Source Verified,2017-03-01,2017,3,2017-03,Current,0,0,credit_card,NJ,9.739999771118164,1,<10,$120k+,23.41409993155373,Low Risk,690.0,694.0,2,1,10,0,34051.0,74.0,19,15782.51953125,13435.83984375,2346.679931640625,0.0,Individual,4,0
68506006,14000.0,14000.0,36.0,6.489999771118164,429.0299987792969,A,A2,3.0,MORTGAGE,40000.0,40000.0,Not Verified,2015-12-01,2015,12,2015-12,Fully Paid,1,0,credit_card,TX,14.270000457763672,1,10-20,$30k-60k,21.166324435318277,Low Risk,800.0,804.0,0,0,7,0,11909.0,23.200000762939453,21,15452.3466796875,14000.0,1452.3499755859375,0.0,Individual,1,0
126504200,26000.0,26000.0,60.0,9.930000305175781,551.530029296875,B,B2,9.0,OWN,69000.0,69000.0,Source Verified,2018-01-01,2018,1,2018-01,Current,0,0,credit_card,OK,12.350000381469727,1,10-20,$60k-90k,15.000684462696784,Low Risk,760.0,764.0,0,0,13,0,24033.0,29.399999618530273,36,27834.080078125,25456.30078125,2377.780029296875,0.0,Individual,3,0
73152436,18900.0,18900.0,60.0,8.390000343322754,386.7699890136719,B,B1,3.0,MORTGAGE,60000.0,60000.0,Source Verified,2016-03-01,2016,3,2016-03,Current,0,0,credit_card,KY,11.0600004196167,1,10-20,$60k-90k,14.666666666666666,Low Risk,690.0,694.0,0,0,12,0,15328.0,67.80000305175781,22,13914.91015625,10382.400390625,3532.510009765625,0.0,Individual,2,0
77231452,18000.0,18000.0,36.0,8.390000343322754,567.2999877929688,B,B1,5.0,MORTGAGE,100000.0,100000.0,Verified,2016-05-01,2016,5,2016-05,Current,0,0,debt_consolidation,MI,17.84000015258789,1,10-20,$90k-120k,21.245722108145106,Low Risk,660.0,664.0,0,0,11,1,14595.0,62.400001525878906,28,19279.810546875,16877.240234375,2402.570068359375,0.0,Individual,3,1
65088866,1400.0,1400.0,36.0,16.549999237060547,49.61000061035156,D,D2,,RENT,71000.0,71000.0,Verified,2015-11-01,2015,11,2015-11,Charged Off,1,1,major_purchase,CA,31.020000457763672,1,30-40,$60k-90k,43.3347022587269,Medium Risk,670.0,674.0,0,1,20,0,44980.0,85.80000305175781,29,561.8499755859375,288.25,155.6699981689453,117.93000030517578,Individual,0,0
63889066,20000.0,20000.0,36.0,12.59000015258789,669.9400024414062,C,C2,4.0,RENT,65000.0,65000.0,Source Verified,2015-11-01,2015,11,2015-11,Charged Off,1,1,debt_consolidation,GA,4.289999961853027,1,<10,$60k-90k,12.084873374401095,Medium Risk,690.0,694.0,0,2,9,0,11315.0,26.700000762939453,21,22251.05078125,17115.609375,3907.760009765625,1227.6800537109375,Individual,0,0
19235877,18000.0,18000.0,36.0,12.989999771118164,606.4099731445312,C,C1,10.0,MORTGAGE,150000.0,150000.0,Not Verified,2014-06-01,2014,6,2014-06,Fully Paid,1,0,debt_consolidation,FL,9.539999961853027,1,<10,$120k+,11.832991101984941,Medium Risk,675.0,679.0,0,2,9,0,18377.0,73.19999694824219,25,21673.08984375,18000.0,3673.090087890625,0.0,Individual,7,0
134624083,16000.0,16000.0,36.0,9.579999923706055,513.1300048828125,B,B1,10.0,MORTGAGE,100000.0,100000.0,Not Verified,2018-06-01,2018,6,2018-06,Current,0,0,other,MA,20.950000762939453,1,20-30,$90k-120k,13.412731006160165,Low Risk,765.0,769.0,0,1,21,0,13523.0,23.600000381469727,34,4666.3798828125,3581.429931640625,1084.949951171875,0.0,Individual,4,0
15289333,5000.0,5000.0,36.0,12.989999771118164,168.4499969482422,B,B5,10.0,RENT,42000.0,42000.0,Verified,2014-04-01,2014,4,2014-04,Fully Paid,1,0,other,IL,7.889999866485596,1,<10,$30k-60k,24.49828884325804,Low Risk,675.0,679.0,4,1,10,0,6390.0,44.70000076293945,15,6064.0107421875,5000.0,1064.010009765625,0.0,Individual,0,0
138063146,15000.0,15000.0,60.0,15.020000457763672,357.010009765625,C,C3,,MORTGAGE,0.0,0.0,Verified,2018-08-01,2018,8,2018-08,Current,0,0,debt_consolidation,WA,,0,Invalid/Unknown,<$30k,22.748802190280628,Medium Risk,670.0,674.0,0,0,6,1,7208.0,27.200000762939453,12,2486.550048828125,1206.969970703125,1279.5799560546875,0.0,Joint App,3,1
110588768,10000.0,10000.0,36.0,7.96999979019165,313.2300109863281,A,A5,10.0,RENT,42000.0,42000.0,Source Verified,2017-06-01,2017,6,2017-06,Current,0,0,debt_consolidation,CO,19.09000015258789,1,10-20,$30k-60k,13.084188911704311,Low Risk,700.0,704.0,0,0,9,0,12859.0,49.099998474121094,19,6573.39990234375,5542.25,1031.1500244140625,0.0,Individual,0,0
7060772,15000.0,15000.0,60.0,21.600000381469727,410.8800048828125,E,E3,10.0,MORTGAGE,43000.0,43000.0,Verified,2013-09-01,2013,9,2013-09,Fully Paid,1,0,debt_consolidation,NY,21.68000030517578,1,20-30,$30k-60k,13.919233401779604,High Risk,675.0,679.0,0,3,22,0,14071.0,39.0,37,24356.849609375,15000.0,9336.3095703125,0.0,Individual,4,0
85699582,9000.0,9000.0,36.0,8.989999771118164,286.1600036621094,B,B1,10.0,MORTGAGE,91445.0,91445.0,Source Verified,2016-08-01,2016,8,2016-08,Current,0,0,debt_consolidation,CA,8.1899995803833,1,<10,$90k-120k,30.33538672142368,Low Risk,670.0,674.0,0,0,7,1,7798.0,55.29999923706055,18,8866.4599609375,7600.97021484375,1265.489990234375,0.0,Individual,3,1
144800182,23000.0,23000.0,36.0,11.3100004196167,756.3800048828125,B,B3,10.0,MORTGAGE,160000.0,160000.0,Not Verified,2018-12-01,2018,12,2018-12,Current,0,0,debt_consolidation,CA,8.960000038146973,1,<10,$120k+,14.080766598220396,Low Risk,675.0,679.0,1,0,15,0,20440.0,44.0,24,2254.68994140625,1634.1199951171875,620.5700073242188,0.0,Joint App,3,0
129771979,6000.0,6000.0,36.0,9.430000305175781,192.00999450683594,B,B1,10.0,RENT,35000.0,35000.0,Not Verified,2018-03-01,2018,3,2018-03,Current,0,0,debt_consolidation,MO,11.109999656677246,1,10-20,$30k-60k,17.913757700205338,Low Risk,665.0,669.0,0,0,9,1,554.0,2.0999999046325684,17,2300.97998046875,1815.4599609375,485.5199890136719,0.0,Individual,2,1
130882338,4000.0,4000.0,36.0,6.070000171661377,121.81999969482422,A,A2,10.0,RENT,38000.0,38000.0,Not Verified,2018-03-01,2018,3,2018-03,Current,0,0,other,NC,29.280000686645508,1,20-30,$30k-60k,26.581793292265573,Low Risk,785.0,789.0,0,1,16,0,5895.0,8.600000381469727,40,1459.1400146484375,1253.530029296875,205.61000061035156,0.0,Individual,0,0
110875281,25000.0,25000.0,60.0,9.4399995803833,524.3200073242188,B,B1,10.0,MORTGAGE,62000.0,62000.0,Source Verified,2017-06-01,2017,6,2017-06,Current,0,0,other,WI,17.75,1,10-20,$60k-90k,22.49965776865161,Low Risk,795.0,799.0,0,0,13,0,7678.0,15.899999618530273,24,10997.6103515625,7449.9501953125,3547.659912109375,0.0,Individual,2,0
107967703,5000.0,5000.0,36.0,13.489999771118164,169.66000366210938,C,C2,3.0,RENT,40000.0,40000.0,Source Verified,2017-05-01,2017,5,2017-05,Charged Off,1,1,debt_consolidation,CO,16.200000762939453,1,10-20,$30k-60k,10.001368925393566,Medium Risk,670.0,674.0,0,0,7,1,3642.0,49.20000076293945,11,2876.72998046875,2109.2099609375,767.52001953125,0.0,Individual,0,0
138712716,12000.0,12000.0,36.0,15.020000457763672,416.1099853515625,C,C3,3.0,MORTGAGE,60000.0,60000.0,Source Verified,2018-08-01,2018,8,2018-08,Fully Paid,1,0,credit_card,IL,20.440000534057617,1,20-30,$60k-90k,8.999315537303216,Medium Risk,675.0,679.0,0,1,13,0,10962.0,50.5,25,12839.0439453125,12000.0,839.0399780273438,0.0,Individual,2,0
138735377,1200.0,1200.0,36.0,16.90999984741211,42.72999954223633,C,C5,2.0,RENT,30000.0,30000.0,Source Verified,2018-08-01,2018,8,2018-08,Current,0,0,credit_card,CA,20.68000030517578,1,20-30,$30k-60k,6.083504449007529,Medium Risk,665.0,669.0,0,0,4,0,606.0,26.299999237060547,6,297.9800109863281,188.55999755859375,109.41999816894531,0.0,Individual,0,0
116566319,5000.0,5000.0,36.0,11.989999771118164,166.0500030517578,B,B5,3.0,RENT,30000.0,30000.0,Source Verified,2017-08-01,2017,8,2017-08,Current,0,0,vacation,NY,7.400000095367432,1,<10,$30k-60k,6.74880219028063,Low Risk,675.0,679.0,0,0,7,0,5132.0,57.70000076293945,7,3151.6201171875,2415.7900390625,735.8300170898438,0.0,Individual,0,0
136885780,3600.0,3600.0,36.0,10.079999923706055,116.30000305175781,B,B1,10.0,MORTGAGE,120000.0,120000.0,Verified,2018-07-01,2018,7,2018-07,Current,0,0,medical,NY,28.979999542236328,1,20-30,$120k+,17.746748802190282,Low Risk,690.0,694.0,4,2,10,0,17721.0,75.69999694824219,31,926.3699951171875,709.0599975585938,217.30999755859375,0.0,Joint App,4,0
126954649,33000.0,33000.0,36.0,10.420000076293945,1071.3399658203125,B,B3,10.0,MORTGAGE,104000.0,104000.0,Verified,2018-01-01,2018,1,2018-01,Current,0,0,debt_consolidation,AR,21.510000228881836,1,20-30,$90k-120k,12.334017796030116,Low Risk,700.0,704.0,0,0,16,0,17693.0,53.099998474121094,32,14960.5498046875,11629.25,3331.300048828125,0.0,Individual,3,0
25867271,18000.0,18000.0,60.0,14.989999771118164,428.1300048828125,C,C5,10.0,OWN,60000.0,60000.0,Source Verified,2014-09-01,2014,9,2014-09,Charged Off,1,1,debt_consolidation,NY,12.100000381469727,1,10-20,$60k-90k,19.83299110198494,Medium Risk,695.0,699.0,0,0,5,0,5660.0,85.80000305175781,21,15877.4697265625,8544.9697265625,6024.259765625,1308.239990234375,Individual,3,0
83707841,10000.0,10000.0,60.0,14.489999771118164,235.24000549316406,C,C4,1.0,MORTGAGE,41500.0,41500.0,Verified,2016-06-01,2016,6,2016-06,Current,0,0,home_improvement,NH,24.40999984741211,1,20-30,$30k-60k,11.000684462696784,Medium Risk,755.0,759.0,0,1,11,0,4842.0,36.400001525878906,17,7761.81982421875,4606.64990234375,3140.169921875,0.0,Individual,0,0
77190001,35000.0,35000.0,36.0,22.450000762939453,1344.8299560546875,E,E5,10.0,RENT,120000.0,120000.0,Verified,2016-04-01,2016,4,2016-04,Fully Paid,1,0,debt_consolidation,NY,31.93000030517578,1,30-40,$120k+,22.414784394250514,High Risk,665.0,669.0,0,1,27,1,49066.0,81.5999984741211,74,42850.23046875,35000.0,7850.22998046875,0.0,Individual,0,0
46735421,7700.0,7700.0,36.0,10.989999771118164,252.05999755859375,B,B4,7.0,RENT,25000.0,25000.0,Not Verified,2015-04-01,2015,4,2015-04,Fully Paid,1,0,debt_consolidation,AL,37.970001220703125,1,30-40,<$30k,8.6652977412731,Low Risk,700.0,704.0,0,0,19,0,6871.0,45.79999923706055,31,8911.322265625,7700.0,1211.3199462890625,0.0,Individual,0,0
30195822,9525.0,9525.0,36.0,15.609999656677246,333.0400085449219,D,D1,4.0,RENT,88600.0,88600.0,Source Verified,2014-10-01,2014,10,2014-10,Fully Paid,1,0,debt_consolidation,NV,12.079999923706055,1,10-20,$60k-90k,15.16769336071184,Medium Risk,685.0,689.0,0,1,9,0,2447.0,54.400001525878906,23,11986.1611328125,9525.0,2461.159912109375,0.0,Individual,0,0
137203939,10000.0,10000.0,36.0,6.110000133514404,304.7200012207031,A,A1,10.0,MORTGAGE,63000.0,63000.0,Source Verified,2018-07-01,2018,7,2018-07,Current,0,0,moving,PA,19.280000686645508,1,10-20,$60k-90k,15.411362080766597,Low Risk,760.0,764.0,1,0,7,0,4272.0,18.399999618530273,32,2434.3701171875,2066.97998046875,367.3900146484375,0.0,Individual,1,0
131151344,20000.0,20000.0,36.0,7.340000152587891,620.6599731445312,A,A4,4.0,MORTGAGE,61000.0,61000.0,Verified,2018-04-01,2018,4,2018-04,Fully Paid,1,0,debt_consolidation,TX,8.140000343322754,1,<10,$60k-90k,13.330595482546201,Low Risk,700.0,704.0,0,1,3,0,505.0,10.5,23,20824.28125,20000.0,824.280029296875,0.0,Individual,1,0
111755102,12000.0,12000.0,36.0,11.989999771118164,398.5199890136719,B,B5,4.0,MORTGAGE,130000.0,130000.0,Not Verified,2017-06-01,2017,6,2017-06,Fully Paid,1,0,debt_consolidation,CO,2.390000104904175,1,<10,$120k+,10.001368925393566,Low Risk,675.0,679.0,0,0,6,1,9792.0,52.099998474121094,19,12920.1015625,12000.0,920.0999755859375,0.0,Individual,5,1
96959534,16000.0,16000.0,60.0,11.4399995803833,351.3999938964844,B,B4,1.0,RENT,80000.0,80000.0,Source Verified,2017-02-01,2017,2,2017-02,Charged Off,1,1,major_purchase,CA,8.329999923706055,1,<10,$60k-90k,15.50444900752909,Low Risk,705.0,709.0,0,0,3,0,3807.0,35.29999923706055,11,6340.0,3872.050048828125,2432.81005859375,0.0,Individual,0,0
96971210,30000.0,30000.0,60.0,11.489999771118164,659.6300048828125,B,B5,10.0,MORTGAGE,94000.0,94000.0,Source Verified,2017-01-01,2017,1,2017-01,Fully Paid,1,0,debt_consolidation,TX,20.43000030517578,1,20-30,$90k-120k,22.50513347022587,Low Risk,715.0,719.0,0,0,22,0,31016.0,36.79999923706055,38,32364.130859375,30000.0,2364.1298828125,0.0,Individual,2,0
106487140,20000.0,20000.0,36.0,15.989999771118164,703.0499877929688,C,C5,3.0,MORTGAGE,35000.0,35000.0,Verified,2017-05-01,2017,5,2017-05,Fully Paid,1,0,debt_consolidation,MO,14.680000305175781,1,10-20,$30k-60k,19.915126625598905,Medium Risk,665.0,669.0,0,0,7,0,16377.0,76.5,18,23371.625,20000.0,3371.6298828125,0.0,Joint App,4,0
138135888,36000.0,36000.0,36.0,7.840000152587891,1125.4599609375,A,A4,3.0,MORTGAGE,180000.0,180000.0,Source Verified,2018-08-01,2018,8,2018-08,Current,0,0,credit_card,GA,29.3700008392334,1,20-30,$120k+,6.496919917864476,Low Risk,675.0,679.0,0,0,20,0,39970.0,75.0,21,7862.5400390625,6355.2998046875,1507.239990234375,0.0,Individual,0,0
142931904,12000.0,12000.0,60.0,16.139999389648438,292.7200012207031,C,C4,0.0,RENT,100000.0,100000.0,Source Verified,2018-11-01,2018,11,2018-11,Current,0,0,debt_consolidation,LA,13.130000114440918,1,10-20,$90k-120k,4.084873374401095,Medium Risk,725.0,729.0,0,2,7,0,1508.0,20.100000381469727,8,1143.97998046875,535.969970703125,608.010009765625,0.0,Individual,0,0
7092763,18000.0,18000.0,60.0,14.329999923706055,421.9200134277344,C,C2,7.0,RENT,40843.0,40843.0,Verified,2013-09-01,2013,9,2013-09,Fully Paid,1,0,credit_card,WA,18.0,1,10-20,$30k-60k,10.751540041067761,Medium Risk,685.0,689.0,0,0,11,0,19307.0,55.29999923706055,19,24447.84375,18000.0,6447.83984375,0.0,Individual,0,0
131741929,7000.0,7000.0,36.0,10.899999618530273,228.83999633789062,B,B4,2.0,RENT,80000.0,80000.0,Not Verified,2018-04-01,2018,4,2018-04,Current,0,0,major_purchase,CA,6.289999961853027,1,<10,$60k-90k,6.33264887063655,Low Risk,710.0,714.0,2,0,4,0,203.0,2.9000000953674316,8,2508.760009765625,1902.6700439453125,606.0900268554688,0.0,Individual,0,0
129029689,17000.0,17000.0,36.0,12.619999885559082,569.7000122070312,C,C1,10.0,MORTGAGE,84500.0,84500.0,Not Verified,2018-02-01,2018,2,2018-02,Current,0,0,debt_consolidation,TN,26.31999969482422,1,20-30,$60k-90k,16.0,Medium Risk,690.0,694.0,1,0,10,0,32022.0,85.4000015258789,25,7415.27001953125,5415.2900390625,1999.97998046875,0.0,Individual,2,0
127344008,25000.0,25000.0,36.0,25.81999969482422,1004.8699951171875,E,E4,9.0,MORTGAGE,75000.0,75000.0,Verified,2018-01-01,2018,1,2018-01,Current,0,0,debt_consolidation,NV,31.040000915527344,1,30-40,$60k-90k,17.585215605749486,High Risk,675.0,679.0,0,2,21,0,47145.0,46.599998474121094,32,13027.4501953125,6919.3701171875,6108.080078125,0.0,Individual,1,0
3644530,17000.0,17000.0,36.0,8.899999618530273,539.8099975585938,A,A5,2.0,RENT,85000.0,85000.0,Verified,2013-03-01,2013,3,2013-03,Fully Paid,1,0,debt_consolidation,IL,8.109999656677246,1,<10,$60k-90k,16.747433264887064,Low Risk,705.0,709.0,0,1,7,0,21253.0,40.29999923706055,20,18582.30078125,17000.0,1582.300048828125,0.0,Individual,0,0
99229760,10000.0,10000.0,36.0,15.989999771118164,351.5299987792969,C,C5,,MORTGAGE,27540.0,27540.0,Verified,2017-02-01,2017,2,2017-02,Current,0,0,debt_consolidation,NC,18.34000015258789,1,10-20,<$30k,31.923340177960302,Medium Risk,685.0,689.0,1,0,6,0,5578.0,63.400001525878906,16,8779.3701171875,6425.6298828125,2353.739990234375,0.0,Joint App,1,0
675850,27000.0,27000.0,60.0,16.399999618530273,662.3400268554688,E,E1,10.0,MORTGAGE,94800.0,94800.0,Source Verified,2011-02-01,2011,2,2011-02,Charged Off,1,1,debt_consolidation,TX,21.969999313354492,1,20-30,$90k-120k,13.670088980150581,High Risk,745.0,749.0,0,2,12,0,15660.0,57.79999923706055,43,15054.5595703125,7074.56982421875,6824.7001953125,1155.2900390625,Individual,-1,0
139191395,5000.0,5000.0,36.0,8.460000038146973,157.75,A,A5,3.0,MORTGAGE,45000.0,45000.0,Not Verified,2018-08-01,2018,8,2018-08,Current,0,0,debt_consolidation,SC,3.809999942779541,1,<10,$30k-60k,7.000684462696783,Low Risk,740.0,744.0,0,1,7,0,834.0,1.7999999523162842,11,949.5999755859375,748.0900268554688,201.50999450683594,0.0,Individual,1,0
144805372,12000.0,12000.0,36.0,6.460000038146973,367.57000732421875,A,A1,3.0,MORTGAGE,48000.0,48000.0,Not Verified,2018-12-01,2018,12,2018-12,Current,0,0,credit_card,CA,18.389999389648438,1,10-20,$30k-60k,17.998631074606433,Low Risk,760.0,764.0,0,0,5,0,11853.0,73.5999984741211,11,1076.8699951171875,913.8200073242188,163.0500030517578,0.0,Joint App,2,0
128032169,10000.0,10000.0,36.0,18.059999465942383,361.8299865722656,D,D2,5.0,RENT,82000.0,82000.0,Not Verified,2018-02-01,2018,2,2018-02,Current,0,0,credit_card,VA,8.4399995803833,1,<10,$60k-90k,12.503764544832306,Medium Risk,670.0,674.0,0,1,5,0,10514.0,91.4000015258789,8,4693.759765625,3009.590087890625,1684.1700439453125,0.0,Individual,0,0
71633380,2400.0,2400.0,36.0,11.989999771118164,79.70999908447266,C,C1,10.0,MORTGAGE,68200.0,68200.0,Verified,2016-03-01,2016,3,2016-03,Fully Paid,1,0,moving,TX,11.699999809265137,1,10-20,$60k-90k,20.83504449007529,Medium Risk,720.0,724.0,0,0,12,0,8464.0,15.5,19,2864.5400390625,2400.0,464.5400085449219,0.0,Individual,2,0
1213551,9000.0,9000.0,36.0,7.900000095367432,281.6199951171875,A,A4,2.0,RENT,31200.0,31200.0,Not Verified,2012-04-01,2012,4,2012-04,Fully Paid,1,0,credit_card,CA,28.489999771118164,1,20-30,$30k-60k,10.33264887063655,Low Risk,725.0,729.0,0,1,16,0,9043.0,33.70000076293945,38,10138.009765625,9000.0,1138.010009765625,0.0,Individual,0,0
71472843,20000.0,20000.0,60.0,14.460000038146973,470.1499938964844,C,C4,2.0,MORTGAGE,58000.0,58000.0,Not Verified,2016-02-01,2016,2,2016-02,Charged Off,1,1,debt_consolidation,MN,21.100000381469727,1,20-30,$30k-60k,11.92060232717317,Medium Risk,670.0,674.0,0,0,9,0,31242.0,70.19999694824219,16,3258.919921875,1663.219970703125,1595.699951171875,0.0,Individual,2,0
79762460,15000.0,15000.0,36.0,7.889999866485596,469.2900085449219,A,A5,10.0,MORTGAGE,70000.0,70000.0,Not Verified,2016-06-01,2016,6,2016-06,Current,0,0,debt_consolidation,GA,8.550000190734863,1,<10,$60k-90k,12.501026694045175,Low Risk,740.0,744.0,0,0,10,0,18103.0,23.100000381469727,16,15473.419921875,13610.650390625,1862.77001953125,0.0,Individual,1,0
1317606,32000.0,32000.0,60.0,12.119999885559082,713.77001953125,B,B3,10.0,MORTGAGE,140000.0,140000.0,Source Verified,2012-06-01,2012,6,2012-06,Charged Off,1,1,small_business,NJ,17.350000381469727,1,10-20,$120k+,19.41409993155373,Low Risk,755.0,759.0,0,0,15,0,26054.0,36.099998474121094,35,22723.009765625,12545.509765625,7405.64990234375,2771.85009765625,Individual,3,0
133048035,14000.0,14000.0,36.0,16.459999084472656,495.3900146484375,C,C5,2.0,RENT,93000.0,93000.0,Source Verified,2018-05-01,2018,5,2018-05,Current,0,0,debt_consolidation,NV,13.9399995803833,1,10-20,$90k-120k,8.49555099247091,Medium Risk,665.0,669.0,0,1,14,0,7423.0,61.900001525878906,18,4941.10009765625,3227.830078125,1713.27001953125,0.0,Joint App,0,0
70102356,23000.0,23000.0,60.0,11.989999771118164,511.510009765625,C,C1,3.0,MORTGAGE,55000.0,55000.0,Not Verified,2016-01-01,2016,1,2016-01,Current,0,0,debt_consolidation,MA,24.09000015258789,1,20-30,$30k-60k,11.416837782340862,Medium Risk,730.0,734.0,0,0,10,0,28632.0,70.30000305175781,14,19422.060546875,12942.8603515625,6479.2001953125,0.0,Individual,1,0
129513667,2000.0,2000.0,36.0,22.899999618530273,77.31999969482422,E,E1,10.0,RENT,67000.0,67000.0,Source Verified,2018-03-01,2018,3,2018-03,Fully Paid,1,0,debt_consolidation,MI,14.079999923706055,1,10-20,$60k-90k,21.579739904175224,High Risk,670.0,674.0,0,0,6,0,4217.0,76.69999694824219,7,2121.2802734375,2000.0,121.27999877929688,0.0,Individual,1,0
78790152,16800.0,16800.0,60.0,15.3100004196167,402.4100036621094,C,C5,2.0,RENT,70000.0,70000.0,Source Verified,2016-05-01,2016,5,2016-05,Current,0,0,debt_consolidation,IN,13.479999542236328,1,10-20,$60k-90k,10.915811088295689,Medium Risk,690.0,694.0,1,1,14,1,1688.0,8.100000381469727,29,13717.66015625,7943.25,5774.41015625,0.0,Individual,0,0
2082246,8000.0,8000.0,36.0,13.109999656677246,269.9800109863281,B,B4,6.0,RENT,51000.0,51000.0,Not Verified,2012-11-01,2012,11,2012-11,Fully Paid,1,0,credit_card,SC,4.159999847412109,1,<10,$30k-60k,17.587953456536617,Low Risk,685.0,689.0,0,0,5,0,8207.0,79.69999694824219,15,9249.4794921875,8000.0,1249.47998046875,0.0,Individual,3,0
124081553,8000.0,8000.0,36.0,13.59000015258789,271.8399963378906,C,C2,10.0,RENT,65000.0,65000.0,Verified,2017-11-01,2017,11,2017-11,Current,0,0,debt_consolidation,MS,18.020000457763672,1,10-20,$60k-90k,14.91854893908282,Medium Risk,695.0,699.0,0,0,10,0,11416.0,27.0,11,4337.35986328125,3159.64990234375,1177.7099609375,0.0,Individual,0,0
130830059,12000.0,12000.0,36.0,6.710000038146973,368.94000244140625,A,A3,2.0,RENT,30000.0,30000.0,Not Verified,2018-03-01,2018,3,2018-03,Current,0,0,debt_consolidation,CA,28.75,1,20-30,$30k-60k,10.496919917864476,Low Risk,740.0,744.0,0,0,6,0,9576.0,37.70000076293945,11,4422.81005859375,3735.580078125,687.22998046875,0.0,Individual,0,0
65675526,10125.0,10125.0,60.0,15.40999984741211,243.05999755859375,D,D1,,OWN,20268.0,20268.0,Verified,2015-11-01,2015,11,2015-11,Charged Off,1,1,debt_consolidation,MO,16.399999618530273,1,10-20,<$30k,29.998631074606433,Medium Risk,660.0,664.0,0,1,6,0,11432.0,64.19999694824219,12,4037.75,1588.219970703125,1557.739990234375,891.7899780273438,Individual,0,0
116823603,10000.0,10000.0,36.0,7.349999904632568,310.3800048828125,A,A4,3.0,MORTGAGE,60000.0,60000.0,Not Verified,2017-08-01,2017,8,2017-08,Fully Paid,1,0,debt_consolidation,IL,17.700000762939453,1,10-20,$60k-90k,8.914442162902121,Low Risk,735.0,739.0,0,1,12,1,1990.0,12.399999618530273,21,10552.7548828125,10000.0,552.760009765625,0.0,Individual,1,1
38640356,11675.0,11675.0,60.0,17.139999389648438,291.0400085449219,D,D4,10.0,RENT,23400.0,23400.0,Source Verified,2015-01-01,2015,1,2015-01,Fully Paid,1,0,credit_card,NY,38.0,1,30-40,<$30k,24.251882272416154,Medium Risk,705.0,709.0,0,0,16,0,11151.0,53.099998474121094,24,17218.388671875,11675.0,5543.39013671875,0.0,Individual,3,0
2275824,11000.0,11000.0,36.0,6.619999885559082,337.75,A,A2,5.0,MORTGAGE,84000.0,84000.0,Not Verified,2012-12-01,2012,12,2012-12,Fully Paid,1,0,debt_consolidation,FL,17.229999542236328,1,10-20,$60k-90k,12.41889117043121,Low Risk,730.0,734.0,0,0,15,0,37351.0,65.5999984741211,26,12062.599609375,11000.0,1062.5999755859375,0.0,Individual,2,0
53171399,9000.0,9000.0,36.0,23.989999771118164,353.04998779296875,F,F3,4.0,RENT,30000.0,30000.0,Verified,2015-06-01,2015,6,2015-06,Charged Off,1,1,debt_consolidation,IL,19.760000228881836,1,10-20,$30k-60k,5.166324435318275,High Risk,665.0,669.0,0,2,6,1,2369.0,74.0,13,6105.2900390625,2541.39990234375,2090.52001953125,1473.3699951171875,Individual,0,1
37801079,20000.0,20000.0,60.0,17.860000610351562,506.3500061035156,D,D5,10.0,MORTGAGE,82000.0,82000.0,Source Verified,2014-12-01,2014,12,2014-12,Fully Paid,1,0,debt_consolidation,GA,17.170000076293945,1,10-20,$60k-90k,8.914442162902121,Medium Risk,735.0,739.0,0,0,12,0,21057.0,42.79999923706055,29,20679.240234375,20000.0,679.239990234375,0.0,Individual,3,0
118226914,6000.0,6000.0,36.0,12.619999885559082,201.07000732421875,C,C1,10.0,MORTGAGE,70000.0,70000.0,Not Verified,2017-09-01,2017,9,2017-09,Fully Paid,1,0,home_improvement,TN,9.390000343322754,1,<10,$60k-90k,12.6652977412731,Medium Risk,685.0,689.0,1,0,7,0,6437.0,49.900001525878906,18,6379.3984375,6000.0,379.3999938964844,0.0,Individual,3,0
142174332,24500.0,24500.0,60.0,15.020000457763672,583.1199951171875,C,C3,10.0,OWN,72000.0,72000.0,Not Verified,2018-10-01,2018,10,2018-10,Current,0,0,debt_consolidation,MO,12.550000190734863,1,10-20,$60k-90k,19.748117727583846,Medium Risk,715.0,719.0,0,0,11,0,13643.0,39.0,19,2874.7099609375,1417.3499755859375,1457.3599853515625,0.0,Individual,0,0
142122565,10000.0,10000.0,36.0,8.460000038146973,315.5,A,A5,,OWN,54353.0,54353.0,Not Verified,2018-10-01,2018,10,2018-10,Current,0,0,credit_card,ID,12.319999694824219,1,10-20,$30k-60k,31.3347022587269,Low Risk,660.0,664.0,0,0,6,0,5317.0,52.099998474121094,25,1582.199951171875,1242.3900146484375,339.80999755859375,0.0,Individual,3,0
1187807,5950.0,5950.0,36.0,10.739999771118164,194.07000732421875,B,B2,3.0,RENT,60000.0,60000.0,Source Verified,2012-03-01,2012,3,2012-03,Fully Paid,1,0,debt_consolidation,CA,8.34000015258789,1,<10,$60k-90k,13.91649555099247,Low Risk,700.0,704.0,0,1,6,0,6793.0,47.5,12,6735.3544921875,5950.0,785.3499755859375,0.0,Individual,-1,0
88948101,16625.0,16625.0,36.0,17.989999771118164,600.9600219726562,D,D2,4.0,RENT,52000.0,52000.0,Verified,2016-09-01,2016,9,2016-09,Charged Off,1,1,debt_consolidation,IN,20.510000228881836,1,20-30,$30k-60k,7.085557837097878,Medium Risk,670.0,674.0,0,0,11,0,3796.0,56.70000076293945,17,4817.2001953125,1806.6300048828125,1181.550048828125,1798.969970703125,Individual,0,0
10152099,12000.0,12000.0,36.0,23.399999618530273,467.0299987792969,E,E5,9.0,OWN,87000.0,87000.0,Source Verified,2014-01-01,2014,1,2014-01,Fully Paid,1,0,debt_consolidation,CT,23.139999389648438,1,20-30,$60k-90k,15.3347022587269,High Risk,690.0,694.0,0,3,11,0,22074.0,83.9000015258789,23,12688.279296875,12000.0,688.280029296875,0.0,Individual,0,0
85146888,20000.0,20000.0,36.0,21.489999771118164,758.5499877929688,D,D5,,MORTGAGE,63000.0,63000.0,Verified,2016-07-01,2016,7,2016-07,Current,0,0,debt_consolidation,CO,16.43000030517578,1,10-20,$60k-90k,22.083504449007528,Medium Risk,660.0,664.0,3,0,8,0,10102.0,76.0,18,23554.609375,16399.94921875,7154.66015625,0.0,Individual,1,0
117202867,10000.0,10000.0,36.0,7.210000038146973,309.739990234375,A,A3,1.0,RENT,48000.0,48000.0,Not Verified,2017-08-01,2017,8,2017-08,Current,0,0,other,TX,26.799999237060547,1,20-30,$30k-60k,9.66735112936345,Low Risk,795.0,799.0,0,0,6,0,1956.0,11.100000381469727,8,6881.0498046875,6046.14990234375,834.9000244140625,0.0,Individual,0,0
53504261,6800.0,6800.0,36.0,15.609999656677246,237.77000427246094,D,D1,10.0,MORTGAGE,25000.0,25000.0,Source Verified,2015-07-01,2015,7,2015-07,Fully Paid,1,0,debt_consolidation,OH,30.200000762939453,1,30-40,<$30k,16.16700889801506,Medium Risk,660.0,664.0,1,0,13,1,4772.0,62.0,26,8553.3916015625,6800.0,1753.3900146484375,0.0,Individual,0,1
143969785,30000.0,30000.0,36.0,10.720000267028809,978.1900024414062,B,B2,7.0,OWN,47200.0,47200.0,Source Verified,2018-12-01,2018,12,2018-12,Current,0,0,home_improvement,NM,28.729999542236328,1,20-30,$30k-60k,10.417522245037645,Low Risk,770.0,774.0,0,1,16,0,5462.0,13.600000381469727,21,2916.699951171875,2149.659912109375,767.0399780273438,0.0,Joint App,0,0
93793125,12000.0,12000.0,36.0,11.390000343322754,395.0899963378906,B,B3,10.0,RENT,53000.0,53000.0,Not Verified,2016-11-01,2016,11,2016-11,Fully Paid,1,0,major_purchase,CO,22.329999923706055,1,20-30,$30k-60k,21.253935660506503,Low Risk,705.0,709.0,0,2,10,1,9553.0,48.20000076293945,15,13474.5673828125,12000.0,1474.5699462890625,0.0,Individual,1,1
109040357,6600.0,6600.0,36.0,9.930000305175781,212.75,B,B2,2.0,RENT,16500.0,16500.0,Source Verified,2017-06-01,2017,6,2017-06,Current,0,0,credit_card,FL,30.469999313354492,1,30-40,<$30k,12.328542094455852,Low Risk,730.0,734.0,0,1,14,0,12162.0,16.799999237060547,19,4460.47021484375,3610.590087890625,849.8800048828125,0.0,Individual,0,0
102642632,10375.0,10375.0,60.0,15.989999771118164,252.25,C,C5,9.0,MORTGAGE,52000.0,52000.0,Source Verified,2017-04-01,2017,4,2017-04,Current,0,0,debt_consolidation,RI,11.789999961853027,1,10-20,$30k-60k,13.500342231348391,Medium Risk,705.0,709.0,0,0,20,0,12426.0,55.0,33,5783.31982421875,3044.760009765625,2738.56005859375,0.0,Individual,1,0
37187196,2000.0,2000.0,36.0,8.670000076293945,63.29999923706055,B,B1,8.0,RENT,82000.0,82000.0,Not Verified,2014-12-01,2014,12,2014-12,Fully Paid,1,0,debt_consolidation,MA,14.680000305175781,1,10-20,$60k-90k,19.668720054757017,Low Risk,690.0,694.0,1,0,9,0,4668.0,72.9000015258789,21,2280.22119140625,2000.0,280.2200012207031,0.0,Individual,5,0
39690928,15000.0,15000.0,60.0,17.860000610351562,379.760009765625,D,D5,7.0,RENT,65000.0,65000.0,Source Verified,2015-01-01,2015,1,2015-01,Current,0,0,debt_consolidation,CA,16.989999771118164,1,10-20,$60k-90k,10.250513347022586,Medium Risk,690.0,694.0,0,1,10,0,6795.0,34.79999923706055,15,18578.470703125,11172.8203125,7405.64990234375,0.0,Individual,0,0
109989811,10800.0,10800.0,60.0,14.079999923706055,251.75,C,C3,8.0,RENT,62000.0,62000.0,Verified,2017-06-01,2017,6,2017-06,Fully Paid,1,0,major_purchase,CA,13.199999809265137,1,10-20,$60k-90k,10.74880219028063,Medium Risk,690.0,694.0,0,0,7,0,7559.0,35.79999923706055,12,12315.814453125,10800.0,1515.81005859375,0.0,Individual,0,0
136646974,18500.0,18500.0,36.0,7.210000038146973,573.010009765625,A,A3,2.0,RENT,59000.0,59000.0,Source Verified,2018-07-01,2018,7,2018-07,Current,0,0,credit_card,CA,27.31999969482422,1,20-30,$30k-60k,6.412046543463381,Low Risk,715.0,719.0,0,1,13,0,20169.0,43.099998474121094,16,4576.669921875,3773.489990234375,803.1799926757812,0.0,Individual,0,0
20129863,15000.0,15000.0,36.0,7.690000057220459,467.9100036621094,A,A4,10.0,OWN,125000.0,125000.0,Verified,2014-07-01,2014,7,2014-07,Fully Paid,1,0,debt_consolidation,MN,9.819999694824219,1,<10,$120k+,19.915126625598905,Low Risk,725.0,729.0,0,1,18,0,39986.0,52.0,34,16844.490234375,15000.0,1844.489990234375,0.0,Individual,4,0
72742389,7425.0,7425.0,36.0,28.139999389648438,307.69000244140625,G,G2,10.0,MORTGAGE,70000.0,70000.0,Verified,2016-02-01,2016,2,2016-02,Fully Paid,1,0,home_improvement,FL,10.199999809265137,1,10-20,$60k-90k,9.83709787816564,High Risk,680.0,684.0,2,0,7,0,1267.0,12.699999809265137,11,11057.8857421875,7425.0,3632.889892578125,0.0,Individual,1,0
136916671,1000.0,1000.0,36.0,22.350000381469727,38.380001068115234,D,D5,10.0,OWN,29000.0,29000.0,Verified,2018-07-01,2018,7,2018-07,Fully Paid,1,0,vacation,NY,27.399999618530273,1,20-30,<$30k,24.829568788501028,Medium Risk,695.0,699.0,1,0,9,0,6274.0,85.9000015258789,23,1125.44482421875,1000.0,125.44000244140625,0.0,Individual,0,0
116919080,15000.0,15000.0,60.0,17.09000015258789,373.5199890136719,D,D1,4.0,MORTGAGE,92000.0,92000.0,Not Verified,2017-08-01,2017,8,2017-08,Fully Paid,1,0,credit_card,MN,23.68000030517578,1,20-30,$90k-120k,24.418891170431213,Medium Risk,660.0,664.0,0,0,12,0,21864.0,53.599998474121094,44,16232.697265625,15000.0,1232.699951171875,0.0,Individual,5,0
90289240,14400.0,14400.0,36.0,11.489999771118164,474.7900085449219,B,B5,0.0,OWN,65000.0,65000.0,Verified,2016-09-01,2016,9,2016-09,Current,0,0,debt_consolidation,MI,29.799999237060547,1,20-30,$60k-90k,12.16974674880219,Low Risk,660.0,664.0,0,0,23,0,39557.0,91.80000305175781,45,14225.3203125,11644.5,2580.820068359375,0.0,Individual,2,0
133683025,30000.0,30000.0,60.0,18.450000762939453,769.1699829101562,D,D2,10.0,RENT,90000.0,90000.0,Source Verified,2018-05-01,2018,5,2018-05,Current,0,0,debt_consolidation,CA,18.06999969482422,1,10-20,$90k-120k,10.080766598220396,Medium Risk,695.0,699.0,0,0,11,0,21029.0,96.9000015258789,20,7660.9501953125,3301.219970703125,4359.72998046875,0.0,Individual,0,0
57234439,8000.0,8000.0,36.0,7.260000228881836,247.97000122070312,A,A4,10.0,MORTGAGE,85000.0,85000.0,Not Verified,2015-07-01,2015,7,2015-07,Fully Paid,1,0,debt_consolidation,FL,19.700000762939453,1,10-20,$60k-90k,22.661190965092402,Low Risk,715.0,719.0,0,0,10,0,7469.0,38.5,23,8868.0908203125,8000.0,868.0900268554688,0.0,Individual,2,0
65057244,3000.0,3000.0,36.0,9.989999771118164,96.79000091552734,B,B3,5.0,MORTGAGE,60000.0,60000.0,Verified,2015-11-01,2015,11,2015-11,Fully Paid,1,0,debt_consolidation,CA,9.399999618530273,1,<10,$60k-90k,23.83299110198494,Low Risk,670.0,674.0,1,0,7,2,2765.0,44.0,13,3205.06005859375,3000.0,205.05999755859375,0.0,Individual,2,1
92524639,12000.0,12000.0,36.0,12.739999771118164,402.8299865722656,C,C1,1.0,RENT,47000.0,47000.0,Source Verified,2016-11-01,2016,11,2016-11,Current,0,0,debt_consolidation,TX,19.559999465942383,1,10-20,$30k-60k,14.001368925393566,Medium Risk,670.0,674.0,0,0,10,0,8277.0,47.0,16,10353.580078125,7850.18994140625,2503.389892578125,0.0,Individual,0,0
114514876,19200.0,19200.0,36.0,12.619999885559082,643.4199829101562,C,C1,1.0,OWN,92000.0,92000.0,Verified,2017-08-01,2017,8,2017-08,Current,0,0,debt_consolidation,FL,19.149999618530273,1,10-20,$90k-120k,28.747433264887064,Medium Risk,670.0,674.0,0,1,13,0,17659.0,44.400001525878906,13,12198.0595703125,9227.41015625,2970.64990234375,0.0,Individual,0,0
80530237,24200.0,24200.0,36.0,7.389999866485596,751.5499877929688,A,A4,,OWN,70000.0,70000.0,Not Verified,2016-06-01,2016,6,2016-06,Fully Paid,1,0,other,CA,4.960000038146973,1,<10,$60k-90k,21.582477754962355,Low Risk,780.0,784.0,0,0,14,0,55108.0,16.299999237060547,24,26353.982421875,24200.0,2153.97998046875,0.0,Individual,1,0
142501975,19000.0,19000.0,36.0,8.460000038146973,599.4400024414062,A,A5,9.0,MORTGAGE,78000.0,78000.0,Source Verified,2018-10-01,2018,10,2018-10,Current,0,0,home_improvement,MN,7.150000095367432,1,<10,$60k-90k,14.915811088295689,Low Risk,690.0,694.0,0,0,9,0,20388.0,33.0,21,2979.340087890625,2360.5,618.8400268554688,0.0,Individual,3,0
113843594,14000.0,14000.0,36.0,9.4399995803833,448.07000732421875,B,B1,7.0,MORTGAGE,85000.0,85000.0,Source Verified,2017-08-01,2017,8,2017-08,Current,0,0,debt_consolidation,CO,22.950000762939453,1,20-30,$60k-90k,10.833675564681725,Low Risk,715.0,719.0,0,1,14,1,24721.0,52.29999923706055,19,8505.990234375,6896.31005859375,1609.6800537109375,0.0,Individual,1,0
5779038,35000.0,35000.0,36.0,16.290000915527344,1235.52001953125,C,C4,10.0,MORTGAGE,103000.0,103000.0,Verified,2013-06-01,2013,6,2013-06,Fully Paid,1,0,debt_consolidation,FL,18.709999084472656,1,10-20,$90k-120k,15.41409993155373,Medium Risk,700.0,704.0,0,2,9,0,23050.0,80.9000015258789,32,38892.5078125,35000.0,3892.510009765625,0.0,Individual,3,0
38427455,14750.0,14750.0,36.0,14.989999771118164,511.25,C,C5,8.0,OWN,37000.0,37000.0,Not Verified,2015-01-01,2015,1,2015-01,Fully Paid,1,0,debt_consolidation,WA,29.31999969482422,1,20-30,$30k-60k,8.0,Medium Risk,675.0,679.0,0,0,12,0,13162.0,70.80000305175781,18,18392.330078125,14750.0,3642.330078125,0.0,Individual,0,0
120649348,16000.0,16000.0,36.0,9.4399995803833,512.0800170898438,B,B1,0.0,RENT,40000.0,40000.0,Verified,2017-10-01,2017,10,2017-10,Charged Off,1,1,credit_card,IL,21.1200008392334,1,20-30,$30k-60k,11.082819986310746,Low Risk,695.0,699.0,0,1,10,0,9188.0,26.899999618530273,33,6162.169921875,4611.7998046875,1499.1700439453125,0.0,Joint App,0,0
91243059,32000.0,32000.0,60.0,22.739999771118164,897.3300170898438,E,E1,1.0,MORTGAGE,73500.0,73500.0,Verified,2016-10-01,2016,10,2016-10,Charged Off,1,1,home_improvement,PA,9.5,1,<10,$60k-90k,23.419575633127995,High Risk,670.0,674.0,1,1,7,1,683.0,25.299999237060547,20,11250.5,2487.800048828125,4609.990234375,4152.7099609375,Individual,4,1
83981511,32000.0,32000.0,60.0,19.989999771118164,847.6300048828125,D,D4,7.0,MORTGAGE,87500.0,87500.0,Verified,2016-06-01,2016,6,2016-06,Fully Paid,1,0,debt_consolidation,TX,23.729999542236328,1,20-30,$60k-90k,11.085557837097879,Medium Risk,685.0,689.0,0,3,11,0,9300.0,57.79999923706055,28,41342.49609375,32000.0,9342.490234375,0.0,Individual,4,0
21190291,6000.0,6000.0,36.0,16.290000915527344,211.80999755859375,D,D2,10.0,MORTGAGE,50000.0,50000.0,Not Verified,2014-07-01,2014,7,2014-07,Fully Paid,1,0,debt_consolidation,FL,18.56999969482422,1,10-20,$30k-60k,20.580424366872005,Medium Risk,670.0,674.0,1,0,7,0,41331.0,41.70000076293945,12,7624.80322265625,6000.0,1624.800048828125,0.0,Individual,1,0
6804999,6000.0,6000.0,36.0,10.640000343322754,195.4199981689453,B,B2,3.0,RENT,160000.0,160000.0,Not Verified,2013-08-01,2013,8,2013-08,Fully Paid,1,0,debt_consolidation,NY,15.699999809265137,1,10-20,$120k+,19.665982203969882,Low Risk,690.0,694.0,0,0,9,0,55282.0,90.5,21,7008.6298828125,6000.0,1008.6300048828125,0.0,Individual,0,0
74816396,3675.0,3675.0,36.0,26.56999969482422,149.19000244140625,F,F5,,OWN,15000.0,15000.0,Source Verified,2016-03-01,2016,3,2016-03,Fully Paid,1,0,debt_consolidation,CA,27.600000381469727,1,20-30,<$30k,20.83504449007529,High Risk,665.0,669.0,0,0,10,0,8520.0,52.29999923706055,16,5359.7822265625,3675.0,1684.780029296875,0.0,Individual,0,0
91944492,13250.0,13250.0,60.0,13.989999771118164,308.239990234375,C,C3,0.0,MORTGAGE,51000.0,51000.0,Source Verified,2016-10-01,2016,10,2016-10,Fully Paid,1,0,debt_consolidation,MD,30.610000610351562,1,30-40,$30k-60k,12.0,Medium Risk,780.0,784.0,0,0,12,0,5624.0,18.600000381469727,24,15855.5263671875,13250.0,2605.530029296875,0.0,Individual,2,0
76291442,10000.0,10000.0,36.0,10.75,326.2099914550781,B,B4,10.0,MORTGAGE,136704.0,136704.0,Not Verified,2016-04-01,2016,4,2016-04,Fully Paid,1,0,debt_consolidation,FL,18.84000015258789,1,10-20,$120k+,18.086242299794662,Low Risk,685.0,689.0,0,2,11,0,59174.0,86.5999984741211,19,11727.3984375,10000.0,1727.4000244140625,0.0,Individual,2,0
1036259,13000.0,13000.0,36.0,7.900000095367432,406.7799987792969,A,A4,10.0,OWN,53100.0,53100.0,Verified,2011-11-01,2011,11,2011-11,Fully Paid,1,0,debt_consolidation,FL,16.40999984741211,1,10-20,$30k-60k,11.416837782340862,Low Risk,740.0,744.0,0,0,5,0,7670.0,51.099998474121094,25,13330.24609375,13000.0,330.25,0.0,Individual,-1,0
37830347,6000.0,6000.0,36.0,8.670000076293945,189.8800048828125,B,B1,8.0,MORTGAGE,96880.0,96880.0,Not Verified,2014-12-01,2014,12,2014-12,Fully Paid,1,0,debt_consolidation,GA,5.179999828338623,1,<10,$90k-120k,10.915811088295689,Low Risk,665.0,669.0,0,2,8,0,11244.0,69.4000015258789,20,6115.58984375,6000.0,115.58999633789062,0.0,Individual,3,0
5775088,9000.0,9000.0,36.0,6.03000020980835,273.9200134277344,A,A1,1.0,RENT,52000.0,52000.0,Not Verified,2013-06-01,2013,6,2013-06,Fully Paid,1,0,credit_card,AL,11.1899995803833,1,10-20,$30k-60k,11.58110882956879,Low Risk,770.0,774.0,0,0,16,0,8324.0,10.800000190734863,21,9861.111328125,9000.0,861.1099853515625,0.0,Individual,0,0
117858438,35000.0,35000.0,60.0,10.420000076293945,750.9099731445312,B,B3,0.0,MORTGAGE,45000.0,45000.0,Verified,2017-09-01,2017,9,2017-09,Current,0,0,debt_consolidation,MS,55.599998474121094,1,40+,$30k-60k,16.580424366872005,Low Risk,755.0,759.0,0,0,16,0,42657.0,43.900001525878906,24,12876.91015625,8150.39013671875,4726.52001953125,0.0,Joint App,3,0
103474020,30000.0,30000.0,60.0,13.989999771118164,697.9000244140625,C,C3,10.0,MORTGAGE,90000.0,90000.0,Source Verified,2017-03-01,2017,3,2017-03,Current,0,0,debt_consolidation,TX,30.43000030517578,1,30-40,$90k-120k,14.078028747433265,Medium Risk,725.0,729.0,0,0,20,0,43027.0,66.0,33,16726.279296875,9577.759765625,7148.52001953125,0.0,Individual,1,0
127093885,16000.0,16000.0,60.0,15.050000190734863,381.05999755859375,C,C4,1.0,RENT,65000.0,65000.0,Source Verified,2018-01-01,2018,1,2018-01,Current,0,0,debt_consolidation,GA,14.3100004196167,1,10-20,$60k-90k,11.915126625598905,Medium Risk,670.0,674.0,1,0,17,0,6893.0,84.0999984741211,38,5321.4599609375,2742.080078125,2579.3798828125,0.0,Individual,0,0
139628903,10000.0,10000.0,60.0,12.729999542236328,226.16000366210938,B,B5,10.0,MORTGAGE,125000.0,125000.0,Not Verified,2018-09-01,2018,9,2018-09,Current,0,0,other,MN,11.380000114440918,1,10-20,$120k+,32.336755646817245,Low Risk,710.0,714.0,0,0,9,0,27864.0,59.29999923706055,21,1342.8199462890625,739.8400268554688,602.97998046875,0.0,Individual,6,0
71512932,12000.0,12000.0,36.0,11.470000267028809,395.54998779296875,B,B5,4.0,MORTGAGE,70000.0,70000.0,Verified,2016-02-01,2016,2,2016-02,Charged Off,1,1,debt_consolidation,MS,18.6299991607666,1,10-20,$60k-90k,11.249828884325805,Low Risk,675.0,679.0,0,0,11,0,4500.0,41.29999923706055,20,13460.830078125,11212.240234375,2228.81005859375,0.0,Individual,4,0
137475072,11000.0,11000.0,60.0,14.470000267028809,258.6400146484375,C,C2,10.0,MORTGAGE,83000.0,83000.0,Verified,2018-08-01,2018,8,2018-08,Current,0,0,major_purchase,NC,46.13999938964844,1,40+,$60k-90k,22.16563997262149,Medium Risk,740.0,744.0,0,0,7,0,20857.0,98.4000015258789,32,1801.6400146484375,914.5399780273438,887.0999755859375,0.0,Joint App,3,0
66404141,4000.0,4000.0,36.0,13.180000305175781,135.1300048828125,C,C3,,MORTGAGE,32000.0,32000.0,Verified,2015-12-01,2015,12,2015-12,Fully Paid,1,0,other,MI,30.68000030517578,1,30-40,$30k-60k,22.16563997262149,Medium Risk,680.0,684.0,0,1,11,1,9479.0,57.099998474121094,15,4637.6044921875,4000.0,637.5999755859375,0.0,Individual,0,1
68496519,6250.0,6250.0,36.0,9.170000076293945,199.25,B,B2,5.0,RENT,55000.0,55000.0,Verified,2016-01-01,2016,1,2016-01,Fully Paid,1,0,debt_consolidation,UT,18.450000762939453,1,10-20,$30k-60k,18.417522245037645,Low Risk,670.0,674.0,1,0,10,0,3926.0,28.200000762939453,33,6281.85009765625,6250.0,31.850000381469727,0.0,Individual,3,0
28604633,10000.0,10000.0,60.0,8.390000343322754,204.63999938964844,A,A5,10.0,MORTGAGE,115000.0,115000.0,Source Verified,2014-10-01,2014,10,2014-10,Current,0,0,debt_consolidation,NC,16.579999923706055,1,10-20,$90k-120k,13.585215605749486,Low Risk,760.0,764.0,1,0,17,0,8738.0,7.400000095367432,36,10845.919921875,8607.0703125,2238.85009765625,0.0,Individual,4,0
91993218,14400.0,14400.0,36.0,15.989999771118164,506.20001220703125,C,C5,10.0,RENT,70000.0,70000.0,Verified,2016-11-01,2016,11,2016-11,Charged Off,1,1,debt_consolidation,CA,19.3700008392334,1,10-20,$60k-90k,21.919233401779604,Medium Risk,660.0,664.0,0,0,4,0,3040.0,66.0999984741211,19,6048.81982421875,4056.93994140625,1991.8800048828125,0.0,Individual,0,0
76111171,9500.0,9500.0,36.0,20.75,356.70001220703125,E,E2,5.0,MORTGAGE,47600.0,47600.0,Source Verified,2016-04-01,2016,4,2016-04,Fully Paid,1,0,home_improvement,MD,18.940000534057617,1,10-20,$30k-60k,20.752908966461327,High Risk,675.0,679.0,1,3,13,2,4010.0,32.0,27,12049.2998046875,9500.0,2549.300048828125,0.0,Individual,1,0
78759642,28000.0,28000.0,60.0,23.31999969482422,794.489990234375,E,E3,5.0,MORTGAGE,100000.0,100000.0,Source Verified,2016-06-01,2016,6,2016-06,Current,0,0,debt_consolidation,NJ,20.020000457763672,1,20-30,$90k-120k,15.58110882956879,High Risk,665.0,669.0,0,1,15,0,30033.0,61.0,44,26642.6796875,11920.849609375,14721.830078125,0.0,Individual,3,0
54027916,4800.0,4800.0,36.0,9.170000076293945,153.02000427246094,B,B2,2.0,MORTGAGE,45000.0,45000.0,Source Verified,2015-07-01,2015,7,2015-07,Fully Paid,1,0,credit_card,TX,13.869999885559082,1,10-20,$30k-60k,31.33196440793977,Low Risk,665.0,669.0,0,0,7,2,7122.0,43.70000076293945,25,5485.4775390625,4800.0,685.47998046875,0.0,Individual,3,2
135056787,26000.0,26000.0,60.0,17.469999313354492,652.760009765625,D,D1,10.0,RENT,74000.0,74000.0,Not Verified,2018-06-01,2018,6,2018-06,Current,0,0,debt_consolidation,IN,18.6299991607666,1,10-20,$60k-90k,14.91854893908282,Medium Risk,750.0,754.0,0,0,6,0,21245.0,64.5999984741211,19,6849.60986328125,3754.199951171875,3095.409912109375,0.0,Individual,2,0
51837713,10000.0,10000.0,36.0,12.6899995803833,335.45001220703125,C,C2,5.0,RENT,55000.0,55000.0,Verified,2015-06-01,2015,6,2015-06,Charged Off,1,1,debt_consolidation,IN,22.3700008392334,1,20-30,$30k-60k,27.665982203969882,Medium Risk,670.0,674.0,1,1,23,1,11330.0,57.0,58,8709.3896484375,6238.22021484375,1923.0,531.4000244140625,Individual,3,1
123020413,14000.0,14000.0,60.0,20.0,370.9200134277344,D,D4,10.0,RENT,70000.0,70000.0,Verified,2017-11-01,2017,11,2017-11,Charged Off,1,1,other,AZ,25.299999237060547,1,20-30,$60k-90k,20.16700889801506,Medium Risk,690.0,694.0,0,2,23,0,23369.0,35.400001525878906,48,3362.10009765625,564.260009765625,927.2000122070312,1870.6400146484375,Individual,0,0
139076312,40000.0,40000.0,36.0,7.210000038146973,1238.9300537109375,A,A3,10.0,MORTGAGE,65000.0,65000.0,Not Verified,2018-08-01,2018,8,2018-08,Current,0,0,debt_consolidation,IN,12.350000381469727,1,10-20,$60k-90k,17.998631074606433,Low Risk,725.0,729.0,0,0,9,0,167.0,2.0,32,8640.4697265625,7113.52978515625,1526.93994140625,0.0,Individual,0,0
71835693,8000.0,8000.0,36.0,13.670000076293945,272.1499938964844,C,C3,10.0,OWN,55000.0,55000.0,Verified,2016-03-01,2016,3,2016-03,Charged Off,1,1,debt_consolidation,IL,18.1299991607666,1,10-20,$30k-60k,15.496235455167694,Medium Risk,695.0,699.0,2,1,7,0,5327.0,40.400001525878906,16,1898.969970703125,1311.25,587.719970703125,0.0,Individual,0,0
93782684,7000.0,7000.0,36.0,19.989999771118164,260.1099853515625,D,D4,8.0,RENT,70000.0,70000.0,Source Verified,2016-11-01,2016,11,2016-11,Charged Off,1,1,debt_consolidation,NY,3.9600000381469727,1,<10,$60k-90k,6.833675564681725,Medium Risk,660.0,664.0,1,2,9,0,5804.0,64.0,9,4304.35986328125,2241.739990234375,1392.030029296875,670.5900268554688,Individual,0,0
1560056,12000.0,12000.0,36.0,14.09000015258789,410.6600036621094,B,B5,5.0,RENT,47000.0,47000.0,Not Verified,2012-09-01,2012,9,2012-09,Fully Paid,1,0,debt_consolidation,TX,27.09000015258789,1,20-30,$30k-60k,14.751540041067761,Low Risk,695.0,699.0,0,1,11,0,9556.0,50.79999923706055,26,14783.595703125,12000.0,2783.60009765625,0.0,Individual,0,0
121345028,11625.0,11625.0,60.0,30.889999389648438,382.489990234375,G,G3,3.0,RENT,33280.0,33280.0,Not Verified,2017-10-01,2017,10,2017-10,Current,0,0,debt_consolidation,IL,28.239999771118164,1,20-30,$30k-60k,11.501711156741958,High Risk,675.0,679.0,0,2,4,0,15881.0,99.0,6,6482.3798828125,1747.1600341796875,4735.22021484375,0.0,Individual,0,0
98167499,4000.0,4000.0,36.0,14.989999771118164,138.64999389648438,C,C4,10.0,MORTGAGE,75000.0,75000.0,Source Verified,2017-02-01,2017,2,2017-02,Current,0,0,debt_consolidation,TX,24.579999923706055,1,20-30,$60k-90k,6.590006844626968,Medium Risk,665.0,669.0,2,1,9,0,4166.0,68.30000305175781,11,3432.93994140625,2583.56005859375,849.3800048828125,0.0,Individual,1,0
469471,5000.0,5000.0,36.0,14.609999656677246,172.3800048828125,D,D1,4.0,OWN,55000.0,55000.0,Not Verified,2009-12-01,2009,12,2009-12,Fully Paid,1,0,debt_consolidation,NY,2.4200000762939453,1,<10,$30k-60k,11.082819986310746,Medium Risk,665.0,669.0,0,0,9,0,2771.0,16.399999618530273,27,6205.9765625,5000.0,1205.97998046875,0.0,Individual,-1,0
60883599,7500.0,7500.0,36.0,12.289999961853027,250.14999389648438,C,C1,10.0,MORTGAGE,72000.0,72000.0,Source Verified,2015-10-01,2015,10,2015-10,Fully Paid,1,0,debt_consolidation,KY,12.930000305175781,1,10-20,$60k-90k,8.66255989048597,Medium Risk,665.0,669.0,0,1,7,0,5466.0,64.30000305175781,22,9020.375,7500.0,1520.3699951171875,0.0,Individual,0,0
88772484,35000.0,35000.0,36.0,10.489999771118164,1137.4300537109375,B,B3,10.0,MORTGAGE,190000.0,190000.0,Source Verified,2016-09-01,2016,9,2016-09,Fully Paid,1,0,credit_card,IL,14.920000076293945,1,10-20,$120k+,25.582477754962355,Low Risk,725.0,729.0,0,0,10,0,31157.0,70.69999694824219,25,35901.80859375,35000.0,901.8099975585938,0.0,Individual,5,0
129061741,7000.0,7000.0,36.0,10.420000076293945,227.25999450683594,B,B3,3.0,RENT,55000.0,55000.0,Not Verified,2018-02-01,2018,2,2018-02,Current,0,0,credit_card,NY,15.1899995803833,1,10-20,$30k-60k,3.4195756331279945,Low Risk,690.0,694.0,0,0,8,0,7828.0,51.5,8,2950.330078125,2280.6201171875,669.7100219726562,0.0,Individual,0,0
86822121,12000.0,12000.0,60.0,13.989999771118164,279.1600036621094,C,C3,7.0,MORTGAGE,40000.0,40000.0,Source Verified,2016-08-01,2016,8,2016-08,Current,0,0,debt_consolidation,OK,14.760000228881836,1,10-20,$30k-60k,10.496919917864476,Medium Risk,660.0,664.0,0,0,5,2,10976.0,71.30000305175781,21,8644.6298828125,5163.2001953125,3481.429931640625,0.0,Individual,3,1
18924943,14400.0,14400.0,36.0,10.149999618530273,465.6700134277344,B,B2,0.0,OWN,50000.0,50000.0,Not Verified,2014-06-01,2014,6,2014-06,Fully Paid,1,0,credit_card,MN,26.06999969482422,1,20-30,$30k-60k,10.74880219028063,Low Risk,685.0,689.0,0,0,9,0,8899.0,54.900001525878906,14,16641.099609375,14400.0,2241.10009765625,0.0,Individual,2,0
136075491,10000.0,10000.0,36.0,11.050000190734863,327.6300048828125,B,B4,1.0,MORTGAGE,71000.0,71000.0,Source Verified,2018-07-01,2018,7,2018-07,Current,0,0,debt_consolidation,MN,20.450000762939453,1,20-30,$60k-90k,7.915126625598905,Low Risk,685.0,689.0,0,1,27,0,10053.0,34.79999923706055,32,2654.81005859375,1946.239990234375,708.5700073242188,0.0,Individual,1,0
128637671,20000.0,20000.0,36.0,11.989999771118164,664.2000122070312,B,B5,2.0,OWN,216000.0,216000.0,Not Verified,2018-02-01,2018,2,2018-02,Current,0,0,debt_consolidation,NH,13.600000381469727,1,10-20,$120k+,20.670773442847366,Low Risk,675.0,679.0,0,2,17,0,44700.0,59.900001525878906,34,8621.2802734375,6412.27001953125,2209.010009765625,0.0,Individual,3,0
76362100,10000.0,10000.0,36.0,11.470000267028809,329.6199951171875,B,B5,10.0,RENT,170000.0,170000.0,Not Verified,2016-04-01,2016,4,2016-04,Fully Paid,1,0,other,NY,1.5199999809265137,1,<10,$120k+,27.247091033538673,Low Risk,675.0,679.0,1,1,4,0,6343.0,66.80000305175781,29,11436.818359375,10000.0,1436.8199462890625,0.0,Individual,3,0
64161502,2500.0,2500.0,36.0,12.050000190734863,83.0999984741211,C,C1,0.0,RENT,14400.0,14400.0,Source Verified,2015-11-01,2015,11,2015-11,Charged Off,1,1,other,IN,16.079999923706055,1,10-20,<$30k,11.832991101984941,Medium Risk,665.0,669.0,0,0,3,0,73.0,0.6000000238418579,6,368.82000732421875,58.0,21.75,289.07000732421875,Individual,0,0
1335821,6000.0,6000.0,36.0,13.989999771118164,205.0399932861328,C,C1,7.0,RENT,45000.0,45000.0,Not Verified,2012-06-01,2012,6,2012-06,Fully Paid,1,0,credit_card,WA,29.920000076293945,1,20-30,$30k-60k,12.167008898015059,Medium Risk,675.0,679.0,0,3,11,0,16790.0,84.5,18,7381.2998046875,6000.0,1381.300048828125,0.0,Individual,0,0
5864909,10000.0,10000.0,36.0,18.850000381469727,365.80999755859375,D,D3,5.0,RENT,85000.0,85000.0,Source Verified,2013-07-01,2013,7,2013-07,Fully Paid,1,0,moving,NY,19.219999313354492,1,10-20,$60k-90k,10.581793292265571,Medium Risk,670.0,674.0,0,0,9,0,25029.0,92.69999694824219,16,13184.02734375,10000.0,3184.030029296875,0.0,Individual,0,0
67289013,15500.0,15500.0,36.0,13.4399995803833,525.5499877929688,C,C3,3.0,RENT,50000.0,50000.0,Source Verified,2015-12-01,2015,12,2015-12,Fully Paid,1,0,credit_card,CA,38.33000183105469,1,30-40,$30k-60k,7.1649555099247095,Medium Risk,685.0,689.0,0,1,12,0,16395.0,61.400001525878906,30,18783.03125,15500.0,3283.030029296875,0.0,Individual,0,0
75368811,26000.0,26000.0,36.0,11.989999771118164,863.4500122070312,C,C1,1.0,RENT,85000.0,85000.0,Not Verified,2016-04-01,2016,4,2016-04,Current,0,0,debt_consolidation,NY,9.15999984741211,1,<10,$60k-90k,30.414784394250514,Medium Risk,690.0,694.0,0,0,11,1,8783.0,24.100000381469727,20,30203.4296875,25145.1796875,5058.25,0.0,Individual,0,1
133539804,40000.0,40000.0,60.0,15.489999771118164,961.9199829101562,C,C4,3.0,MORTGAGE,74000.0,74000.0,Verified,2018-05-01,2018,5,2018-05,Current,0,0,debt_consolidation,OH,5.21999979019165,1,<10,$60k-90k,36.41341546885695,Medium Risk,670.0,674.0,0,1,6,0,14749.0,79.69999694824219,11,8756.2998046875,4216.58984375,4539.7099609375,0.0,Individual,3,0
134725149,5000.0,5000.0,36.0,20.389999389648438,186.82000732421875,D,D4,0.0,RENT,45000.0,45000.0,Source Verified,2018-06-01,2018,6,2018-06,Late (16-30 days),0,0,medical,GA,15.550000190734863,1,10-20,$30k-60k,9.412731006160165,Medium Risk,675.0,679.0,0,0,5,0,883.0,26.0,6,1493.8599853515625,865.0399780273438,628.8200073242188,0.0,Individual,0,0
135403390,10000.0,10000.0,60.0,13.0600004196167,227.83999633789062,C,C1,6.0,RENT,61000.0,61000.0,Not Verified,2018-06-01,2018,6,2018-06,Current,0,0,debt_consolidation,NJ,3.740000009536743,1,<10,$60k-90k,8.328542094455852,Medium Risk,705.0,709.0,0,0,10,0,6056.0,25.200000762939453,21,2036.050048828125,1118.8900146484375,917.1599731445312,0.0,Individual,0,0
85156820,19200.0,19200.0,36.0,9.489999771118164,614.9500122070312,B,B2,10.0,MORTGAGE,74000.0,74000.0,Not Verified,2016-07-01,2016,7,2016-07,Fully Paid,1,0,other,AZ,18.18000030517578,1,10-20,$60k-90k,18.581793292265573,Low Risk,700.0,704.0,0,1,12,0,24044.0,36.79999923706055,15,22044.150390625,19200.0,2844.14990234375,0.0,Individual,0,0
84498597,8000.0,8000.0,36.0,18.989999771118164,293.2099914550781,D,D3,2.0,RENT,63000.0,63000.0,Verified,2016-07-01,2016,7,2016-07,Fully Paid,1,0,other,CA,15.180000305175781,1,10-20,$60k-90k,5.749486652977413,Medium Risk,675.0,679.0,0,3,16,0,933.0,13.899999618530273,28,9481.9443359375,8000.0,1481.93994140625,0.0,Individual,0,0
120233265,30000.0,30000.0,36.0,9.4399995803833,960.1500244140625,B,B1,0.0,MORTGAGE,150000.0,150000.0,Source Verified,2017-10-01,2017,10,2017-10,Current,0,0,credit_card,IL,17.979999542236328,1,10-20,$120k+,16.83230663928816,Low Risk,730.0,734.0,0,1,10,0,20176.0,56.0,25,16283.2197265625,13116.6201171875,3166.60009765625,0.0,Joint App,2,0
6606974,24375.0,24375.0,60.0,21.600000381469727,667.6799926757812,E,E3,0.0,RENT,55000.0,55000.0,Verified,2013-08-01,2013,8,2013-08,Fully Paid,1,0,credit_card,CA,20.84000015258789,1,20-30,$30k-60k,11.085557837097879,High Risk,665.0,669.0,0,0,17,0,12785.0,78.9000015258789,34,29178.138671875,24375.0,4803.14013671875,0.0,Individual,0,0
68995654,9000.0,9000.0,36.0,9.800000190734863,289.57000732421875,B,B3,2.0,RENT,55000.0,55000.0,Source Verified,2016-01-01,2016,1,2016-01,Fully Paid,1,0,credit_card,NC,24.959999084472656,1,20-30,$30k-60k,8.41889117043121,Low Risk,690.0,694.0,0,0,8,0,16696.0,87.0,11,10419.216796875,9000.0,1419.219970703125,0.0,Individual,0,0
75577193,5000.0,5000.0,36.0,15.3100004196167,174.08999633789062,C,C5,3.0,RENT,26000.0,26000.0,Source Verified,2016-03-01,2016,3,2016-03,Charged Off,1,1,credit_card,FL,44.0,1,40+,<$30k,3.915126625598905,Medium Risk,685.0,689.0,0,1,10,0,9421.0,47.099998474121094,12,5574.77001953125,2869.139892578125,1141.5899658203125,1549.0400390625,Individual,0,0
29724993,20000.0,20000.0,60.0,12.989999771118164,454.9599914550781,C,C1,9.0,MORTGAGE,60500.0,60500.0,Verified,2014-10-01,2014,10,2014-10,Fully Paid,1,0,credit_card,TX,25.770000457763672,1,20-30,$60k-90k,18.16563997262149,Medium Risk,670.0,674.0,0,3,15,0,29124.0,56.900001525878906,49,26381.107421875,20000.0,6381.10986328125,0.0,Individual,2,0
144116949,14000.0,14000.0,36.0,8.8100004196167,443.9599914550781,A,A5,0.0,MORTGAGE,58000.0,58000.0,Source Verified,2018-12-01,2018,12,2018-12,Current,0,0,debt_consolidation,TX,23.139999389648438,1,20-30,$30k-60k,13.998631074606434,Low Risk,660.0,664.0,0,0,13,0,3091.0,11.800000190734863,20,1318.1800537109375,1031.06005859375,287.1199951171875,0.0,Individual,4,0
133980501,23000.0,23000.0,60.0,24.84000015258789,672.9299926757812,E,E3,2.0,RENT,50000.0,50000.0,Not Verified,2018-05-01,2018,5,2018-05,Current,0,0,debt_consolidation,CA,12.390000343322754,1,10-20,$30k-60k,15.663244353182751,High Risk,670.0,674.0,0,0,5,1,10120.0,88.0,8,6697.56005859375,2162.139892578125,4535.419921875,0.0,Joint App,0,1
25266208,18100.0,18100.0,60.0,18.989999771118164,469.42999267578125,E,E1,3.0,OWN,45379.0,45379.0,Verified,2014-08-01,2014,8,2014-08,Charged Off,1,1,debt_consolidation,FL,28.3799991607666,1,20-30,$30k-60k,10.74880219028063,High Risk,665.0,669.0,0,0,9,2,8146.0,63.099998474121094,25,9386.73046875,3067.360107421875,3974.090087890625,2345.280029296875,Individual,1,2
71070343,7600.0,7600.0,36.0,18.989999771118164,278.54998779296875,D,D4,1.0,RENT,20000.0,20000.0,Verified,2016-02-01,2016,2,2016-02,Fully Paid,1,0,credit_card,OH,27.729999542236328,1,20-30,<$30k,6.997946611909651,Medium Risk,680.0,684.0,0,0,5,0,9383.0,98.80000305175781,7,10036.923828125,7600.0,2436.919921875,0.0,Individual,0,0
125967661,12600.0,12600.0,36.0,7.349999904632568,391.0799865722656,A,A4,0.0,RENT,35000.0,35000.0,Source Verified,2017-12-01,2017,12,2017-12,Charged Off,1,1,other,NY,0.0,1,<10,$30k-60k,10.001368925393566,Low Risk,770.0,774.0,0,0,2,0,0.0,0.0,4,2420.840087890625,1912.510009765625,433.3299865722656,75.0,Individual,0,0
138240862,1000.0,1000.0,36.0,10.079999923706055,32.310001373291016,B,B1,10.0,RENT,62000.0,62000.0,Not Verified,2018-08-01,2018,8,2018-08,Current,0,0,debt_consolidation,CA,4.840000152587891,1,<10,$60k-90k,33.25119780971937,Low Risk,705.0,709.0,1,0,14,0,5532.0,26.200000762939453,32,227.38999938964844,171.64999389648438,55.7400016784668,0.0,Individual,0,0
135897885,30000.0,30000.0,36.0,8.079999923706055,941.2000122070312,A,A5,,MORTGAGE,92000.0,92000.0,Verified,2018-07-01,2018,7,2018-07,Current,0,0,debt_consolidation,NJ,30.639999389648438,1,30-40,$90k-120k,11.16769336071184,Low Risk,750.0,754.0,0,1,11,0,13205.0,28.600000381469727,22,7502.669921875,6054.85986328125,1447.81005859375,0.0,Individual,2,0
136747094,5000.0,5000.0,36.0,12.729999542236328,167.8300018310547,B,B5,4.0,RENT,30000.0,30000.0,Not Verified,2018-07-01,2018,7,2018-07,Current,0,0,credit_card,VA,9.399999618530273,1,<10,$30k-60k,5.661875427789186,Low Risk,665.0,669.0,0,1,10,0,5525.0,40.0,10,1339.0999755859375,953.1400146484375,385.9599914550781,0.0,Individual,0,0
70904774,35000.0,35000.0,36.0,18.989999771118164,1282.7900390625,D,D4,8.0,MORTGAGE,93000.0,93000.0,Verified,2016-02-01,2016,2,2016-02,Fully Paid,1,0,debt_consolidation,MD,29.200000762939453,1,20-30,$90k-120k,26.921286789869953,Medium Risk,670.0,674.0,0,0,36,1,33769.0,58.29999923706055,61,36411.48828125,35000.0,1411.489990234375,0.0,Individual,3,0
104122864,12000.0,12000.0,60.0,15.989999771118164,291.760009765625,C,C5,1.0,MORTGAGE,65000.0,65000.0,Not Verified,2017-04-01,2017,4,2017-04,Fully Paid,1,0,car,UT,7.920000076293945,1,<10,$60k-90k,10.414784394250514,Medium Risk,660.0,664.0,2,1,11,2,3955.0,34.099998474121094,22,14125.7333984375,12000.0,2125.72998046875,0.0,Individual,2,1
61393913,15000.0,15000.0,60.0,16.989999771118164,372.7099914550781,D,D3,10.0,RENT,49000.0,49000.0,Verified,2015-10-01,2015,10,2015-10,Fully Paid,1,0,debt_consolidation,CA,23.93000030517578,1,20-30,$30k-60k,13.91375770020534,Medium Risk,685.0,689.0,0,1,10,0,8829.0,49.599998474121094,26,20359.25390625,15000.0,5359.25,0.0,Individual,1,0
96024518,15000.0,15000.0,36.0,14.989999771118164,519.9099731445312,C,C4,9.0,MORTGAGE,200000.0,200000.0,Source Verified,2017-01-01,2017,1,2017-01,Current,0,0,home_improvement,CA,3.200000047683716,1,<10,$120k+,11.419575633127995,Medium Risk,690.0,694.0,0,0,9,0,11188.0,19.0,11,13505.169921875,10141.099609375,3364.070068359375,0.0,Individual,0,0
57714618,20000.0,20000.0,60.0,9.170000076293945,416.82000732421875,B,B2,10.0,MORTGAGE,55000.0,55000.0,Not Verified,2015-08-01,2015,8,2015-08,Current,0,0,debt_consolidation,WA,22.950000762939453,1,20-30,$30k-60k,15.748117727583846,Low Risk,775.0,779.0,0,0,9,0,6823.0,28.0,16,17913.0703125,13378.740234375,4534.330078125,0.0,Individual,4,0
63156197,12000.0,12000.0,36.0,7.889999866485596,375.42999267578125,A,A5,2.0,RENT,97000.0,97000.0,Verified,2015-10-01,2015,10,2015-10,Fully Paid,1,0,credit_card,WA,5.320000171661377,1,<10,$90k-120k,16.747433264887064,Low Risk,680.0,684.0,0,1,4,0,8443.0,97.0,6,13510.12890625,12000.0,1510.1300048828125,0.0,Individual,1,0
93279465,8000.0,8000.0,36.0,14.989999771118164,277.2900085449219,C,C4,10.0,RENT,40000.0,40000.0,Verified,2016-11-01,2016,11,2016-11,Current,0,0,debt_consolidation,GA,27.84000015258789,1,20-30,$30k-60k,15.917864476386036,Medium Risk,690.0,694.0,0,0,6,0,10818.0,98.30000305175781,23,7505.490234375,5633.97998046875,1871.510009765625,0.0,Individual,0,0
128826985,12000.0,12000.0,36.0,7.96999979019165,375.8800048828125,A,A5,7.0,MORTGAGE,64992.0,64992.0,Not Verified,2018-02-01,2018,2,2018-02,Current,0,0,debt_consolidation,MN,29.100000381469727,1,20-30,$60k-90k,8.999315537303216,Low Risk,725.0,729.0,0,0,10,1,7093.0,29.600000381469727,18,4881.1298828125,4007.580078125,873.5499877929688,0.0,Individual,4,1
59220440,5000.0,5000.0,36.0,13.989999771118164,170.8699951171875,C,C4,1.0,MORTGAGE,220000.0,220000.0,Source Verified,2015-09-01,2015,9,2015-09,Fully Paid,1,0,home_improvement,VA,22.270000457763672,1,20-30,$120k+,39.167693360711844,Medium Risk,690.0,694.0,1,1,25,0,126708.0,68.0,38,5998.31640625,5000.0,998.3200073242188,0.0,Individual,2,0
57054608,7000.0,7000.0,36.0,12.6899995803833,234.82000732421875,C,C2,9.0,RENT,95000.0,95000.0,Not Verified,2015-08-01,2015,8,2015-08,Fully Paid,1,0,debt_consolidation,CA,13.8100004196167,1,10-20,$90k-120k,12.580424366872005,Medium Risk,665.0,669.0,0,1,14,0,7518.0,40.0,25,8443.380859375,7000.0,1443.3800048828125,0.0,Individual,0,0
95116168,6500.0,6500.0,36.0,13.989999771118164,222.1300048828125,C,C3,2.0,RENT,81000.0,81000.0,Source Verified,2016-12-01,2016,12,2016-12,Fully Paid,1,0,credit_card,IL,17.059999465942383,1,10-20,$60k-90k,28.917180013689254,Medium Risk,745.0,749.0,0,0,4,0,20216.0,70.9000015258789,14,7424.77880859375,6500.0,924.780029296875,0.0,Individual,0,0
373958,15000.0,15000.0,36.0,13.789999961853027,511.1400146484375,C,C5,1.0,MORTGAGE,75000.0,75000.0,Verified,2009-01-01,2009,1,2009-01,Does not meet the credit policy. Status:Fully Paid,1,0,small_business,MD,14.640000343322754,1,10-20,$60k-90k,10.335386721423683,Medium Risk,710.0,714.0,0,7,9,0,1914.0,32.400001525878906,21,18400.69140625,14999.990234375,3400.699951171875,0.0,Individual,-1,0
35084321,10000.0,10000.0,60.0,17.860000610351562,253.17999267578125,D,D5,10.0,MORTGAGE,48000.0,48000.0,Verified,2014-11-01,2014,11,2014-11,Fully Paid,1,0,debt_consolidation,MN,35.150001525878906,1,30-40,$30k-60k,15.085557837097879,Medium Risk,710.0,714.0,0,0,13,0,17280.0,67.80000305175781,21,13580.4765625,10000.0,3580.47998046875,0.0,Individual,1,0
22351804,5000.0,5000.0,36.0,11.670000076293945,165.2899932861328,B,B4,3.0,RENT,100000.0,100000.0,Source Verified,2014-07-01,2014,7,2014-07,Charged Off,1,1,credit_card,CA,12.550000190734863,1,10-20,$90k-120k,5.661875427789186,Low Risk,660.0,664.0,0,2,11,0,8004.0,64.5,24,3543.820068359375,2561.97998046875,743.8200073242188,238.02000427246094,Individual,0,0
115253118,10000.0,10000.0,36.0,18.059999465942383,361.8299865722656,D,D2,5.0,MORTGAGE,49000.0,49000.0,Not Verified,2017-08-01,2017,8,2017-08,Fully Paid,1,0,credit_card,WA,9.920000076293945,1,<10,$30k-60k,12.49555099247091,Medium Risk,660.0,664.0,4,0,10,0,9265.0,73.0,29,10535.14453125,10000.0,535.1400146484375,0.0,Individual,2,0
8555771,20000.0,20000.0,60.0,16.989999771118164,496.95001220703125,D,D3,10.0,MORTGAGE,78000.0,78000.0,Not Verified,2014-05-01,2014,5,2014-05,Fully Paid,1,0,debt_consolidation,IL,14.260000228881836,1,10-20,$60k-90k,15.663244353182751,Medium Risk,665.0,669.0,1,2,12,1,11188.0,64.30000305175781,33,20840.376953125,20000.0,840.3800048828125,0.0,Individual,3,1
36158208,16525.0,16525.0,36.0,14.989999771118164,572.77001953125,C,C5,10.0,RENT,46000.0,46000.0,Not Verified,2014-11-01,2014,11,2014-11,Fully Paid,1,0,debt_consolidation,NJ,26.3799991607666,1,20-30,$30k-60k,16.33675564681725,Medium Risk,670.0,674.0,1,0,12,0,18495.0,65.0999984741211,26,18484.109375,16525.0,1959.1099853515625,0.0,Individual,0,0
65807710,32000.0,32000.0,60.0,10.989999771118164,695.5999755859375,B,B4,8.0,RENT,110000.0,110000.0,Verified,2015-11-01,2015,11,2015-11,Current,0,0,credit_card,TX,16.979999542236328,1,10-20,$90k-120k,14.830937713894592,Low Risk,680.0,684.0,0,1,12,0,35168.0,31.899999618530273,55,27108.859375,18766.23046875,8342.6298828125,0.0,Individual,14,0
140974158,6000.0,6000.0,36.0,18.940000534057617,219.75999450683594,D,D2,,RENT,15000.0,15000.0,Not Verified,2018-10-01,2018,10,2018-10,Current,0,0,debt_consolidation,NY,29.440000534057617,1,20-30,<$30k,14.915811088295689,Medium Risk,725.0,729.0,0,2,7,0,2870.0,23.899999618530273,14,1107.489990234375,643.969970703125,448.5199890136719,0.0,Individual,0,0
16461976,18075.0,18075.0,36.0,14.989999771118164,626.489990234375,C,C5,0.0,MORTGAGE,80000.0,80000.0,Source Verified,2014-06-01,2014,6,2014-06,Fully Paid,1,0,other,NJ,8.850000381469727,1,<10,$60k-90k,10.581793292265571,Medium Risk,665.0,669.0,0,3,7,2,4348.0,53.0,27,19353.376953125,18075.0,1278.3800048828125,0.0,Individual,0,1
17764088,10500.0,10500.0,36.0,6.03000020980835,319.5799865722656,A,A1,3.0,RENT,70000.0,70000.0,Not Verified,2014-05-01,2014,5,2014-05,Fully Paid,1,0,credit_card,KY,11.970000267028809,1,10-20,$60k-90k,6.74880219028063,Low Risk,690.0,694.0,0,1,17,0,14072.0,27.899999618530273,29,11365.4501953125,10500.0,865.4500122070312,0.0,Individual,0,0
120944175,15000.0,15000.0,36.0,15.050000190734863,520.3499755859375,C,C4,2.0,RENT,108711.0,108711.0,Verified,2017-10-01,2017,10,2017-10,Current,0,0,debt_consolidation,VA,37.15999984741211,1,30-40,$90k-120k,17.916495550992472,Medium Risk,660.0,664.0,0,0,31,1,39200.0,65.80000305175781,52,8833.41015625,6251.64013671875,2581.77001953125,0.0,Individual,0,1
96225381,15000.0,15000.0,36.0,8.239999771118164,471.7099914550781,B,B1,10.0,MORTGAGE,49000.0,49000.0,Not Verified,2017-01-01,2017,1,2017-01,Fully Paid,1,0,home_improvement,AL,23.6299991607666,1,20-30,$30k-60k,22.253251197809718,Low Risk,775.0,779.0,0,1,13,0,7579.0,7.800000190734863,27,15548.1669921875,15000.0,548.1699829101562,0.0,Individual,5,0
74994884,7500.0,7500.0,36.0,7.889999866485596,234.64999389648438,A,A5,3.0,RENT,33000.0,33000.0,Source Verified,2016-03-01,2016,3,2016-03,Fully Paid,1,0,debt_consolidation,MA,16.360000610351562,1,10-20,$30k-60k,14.329911019849419,Low Risk,740.0,744.0,0,1,12,0,9045.0,31.200000762939453,22,8443.7998046875,7500.0,943.7999877929688,0.0,Individual,0,0
105884060,12000.0,12000.0,60.0,16.989999771118164,298.1700134277344,D,D1,10.0,RENT,60000.0,60000.0,Verified,2017-04-01,2017,4,2017-04,Current,0,0,debt_consolidation,VA,17.959999084472656,1,10-20,$60k-90k,20.331279945242983,Medium Risk,660.0,664.0,0,0,16,1,17273.0,60.599998474121094,25,6857.91015625,3457.409912109375,3400.5,0.0,Individual,0,1
51887330,14400.0,14400.0,60.0,12.289999961853027,322.44000244140625,C,C1,10.0,MORTGAGE,53400.0,53400.0,Not Verified,2015-06-01,2015,6,2015-06,Fully Paid,1,0,debt_consolidation,CO,25.459999084472656,1,20-30,$30k-60k,11.917864476386036,Medium Risk,700.0,704.0,0,0,11,0,8650.0,83.19999694824219,28,18455.673828125,14400.0,4055.669921875,0.0,Individual,4,0
143118217,10000.0,10000.0,36.0,25.34000015258789,399.3999938964844,E,E3,,OWN,15000.0,15000.0,Verified,2018-11-01,2018,11,2018-11,In Grace Period,0,0,credit_card,IL,78.4800033569336,1,40+,<$30k,19.419575633127995,High Risk,670.0,674.0,0,1,11,1,10355.0,52.599998474121094,17,1302.6400146484375,576.7100219726562,705.9600219726562,0.0,Joint App,0,1
128319016,18000.0,18000.0,36.0,6.71999979019165,553.489990234375,A,A3,10.0,RENT,86000.0,86000.0,Not Verified,2018-02-01,2018,2,2018-02,Current,0,0,debt_consolidation,NY,13.539999961853027,1,10-20,$60k-90k,16.084873374401095,Low Risk,745.0,749.0,0,0,14,0,17754.0,23.299999237060547,28,7188.64990234375,6086.81982421875,1101.8299560546875,0.0,Individual,0,0
99667922,22650.0,22650.0,60.0,12.739999771118164,512.3499755859375,C,C1,10.0,MORTGAGE,80000.0,80000.0,Not Verified,2017-02-01,2017,2,2017-02,Current,0,0,debt_consolidation,MT,19.979999542236328,1,10-20,$60k-90k,24.0,Medium Risk,735.0,739.0,0,0,12,0,19685.0,35.599998474121094,36,12792.7197265625,7737.7998046875,5054.919921875,0.0,Individual,0,0
76322861,5000.0,5000.0,36.0,17.270000457763672,178.94000244140625,D,D2,10.0,MORTGAGE,173000.0,173000.0,Verified,2016-04-01,2016,4,2016-04,Current,0,0,other,MD,39.34000015258789,1,30-40,$120k+,28.416153319644078,Medium Risk,700.0,704.0,0,0,17,0,39249.0,78.5,41,6253.31005859375,4823.77001953125,1429.5400390625,0.0,Individual,2,0
95147295,25000.0,25000.0,36.0,11.489999771118164,824.2899780273438,B,B5,2.0,OWN,195000.0,195000.0,Source Verified,2016-12-01,2016,12,2016-12,Fully Paid,1,0,other,CO,14.25,1,10-20,$120k+,31.915126625598905,Low Risk,700.0,704.0,0,0,20,0,73154.0,68.9000015258789,45,26934.96484375,25000.0,1934.9599609375,0.0,Individual,8,0
6284728,15000.0,15000.0,36.0,10.640000343322754,488.5299987792969,B,B2,10.0,OWN,50000.0,50000.0,Verified,2013-08-01,2013,8,2013-08,Fully Paid,1,0,credit_card,TX,9.479999542236328,1,<10,$30k-60k,16.16700889801506,Low Risk,720.0,724.0,0,0,6,0,13979.0,57.0,14,17586.97265625,15000.0,2586.969970703125,0.0,Individual,1,0
35084899,12975.0,12975.0,60.0,17.860000610351562,328.5,D,D5,10.0,MORTGAGE,60000.0,60000.0,Not Verified,2014-11-01,2014,11,2014-11,Fully Paid,1,0,credit_card,AL,10.779999732971191,1,10-20,$60k-90k,31.000684462696782,Medium Risk,660.0,664.0,0,0,6,0,8085.0,56.099998474121094,22,13257.16015625,12975.0,282.1600036621094,0.0,Individual,5,0
2836384,18000.0,18000.0,36.0,13.109999656677246,607.4500122070312,B,B4,9.0,OWN,40000.0,40000.0,Not Verified,2013-01-01,2013,1,2013-01,Fully Paid,1,0,debt_consolidation,FL,12.25,1,10-20,$30k-60k,15.50444900752909,Low Risk,680.0,684.0,0,1,13,0,29956.0,44.900001525878906,37,19604.099609375,18000.0,1604.0999755859375,0.0,Individual,0,0
70762290,6025.0,6025.0,36.0,20.75,226.22000122070312,E,E2,1.0,RENT,40000.0,40000.0,Verified,2016-02-01,2016,2,2016-02,Charged Off,1,1,other,MA,23.309999465942383,1,20-30,$30k-60k,17.587953456536617,High Risk,685.0,689.0,0,0,4,0,23159.0,84.80000305175781,6,2047.06005859375,1035.6400146484375,768.8499755859375,212.57000732421875,Individual,0,0
461125,7800.0,7800.0,36.0,11.829999923706055,258.45001220703125,B,B3,0.0,RENT,85757.0,85757.0,Not Verified,2009-11-01,2009,11,2009-11,Fully Paid,1,0,educational,PA,8.819999694824219,1,<10,$60k-90k,8.167008898015059,Low Risk,755.0,759.0,0,0,24,0,3811.0,5.800000190734863,39,9181.01171875,7800.0,1381.010009765625,0.0,Individual,-1,0
134725658,10000.0,10000.0,36.0,15.489999771118164,349.05999755859375,C,C4,8.0,RENT,35000.0,35000.0,Source Verified,2018-06-01,2018,6,2018-06,Current,0,0,credit_card,NV,11.829999923706055,1,10-20,$30k-60k,7.329226557152635,Medium Risk,685.0,689.0,0,0,3,0,10728.0,97.5,4,3132.929931640625,2085.14990234375,1047.780029296875,0.0,Individual,0,0
63504733,12000.0,12000.0,60.0,15.609999656677246,289.3399963378906,D,D1,5.0,MORTGAGE,32000.0,32000.0,Verified,2015-10-01,2015,10,2015-10,Fully Paid,1,0,debt_consolidation,MO,15.680000305175781,1,10-20,$30k-60k,11.080082135523615,Medium Risk,660.0,664.0,0,1,4,0,3925.0,57.70000076293945,14,16174.99609375,12000.0,4175.0,0.0,Individual,0,0
430697,18500.0,18500.0,36.0,13.569999694824219,628.4199829101562,C,C3,4.0,MORTGAGE,79000.0,79000.0,Verified,2009-10-01,2009,10,2009-10,Fully Paid,1,0,other,MA,10.680000305175781,1,10-20,$60k-90k,12.334017796030116,Medium Risk,705.0,709.0,1,1,5,0,6495.0,42.70000076293945,29,22622.97265625,18499.990234375,4122.97998046875,0.0,Individual,-1,0
61538458,21000.0,21000.0,36.0,10.989999771118164,687.4199829101562,B,B4,4.0,MORTGAGE,110000.0,110000.0,Source Verified,2015-10-01,2015,10,2015-10,Fully Paid,1,0,debt_consolidation,GA,19.40999984741211,1,10-20,$90k-120k,12.334017796030116,Low Risk,695.0,699.0,0,1,8,0,22258.0,75.5,14,24126.96484375,21000.0,3126.969970703125,0.0,Individual,2,0
1441226,9600.0,9600.0,36.0,10.15999984741211,310.489990234375,B,B1,8.0,RENT,60000.0,60000.0,Source Verified,2012-08-01,2012,8,2012-08,Fully Paid,1,0,debt_consolidation,WA,4.099999904632568,1,<10,$60k-90k,11.665982203969884,Low Risk,720.0,724.0,0,0,5,0,7671.0,59.0,13,10842.767578125,9600.0,1242.77001953125,0.0,Individual,0,0
63187818,15000.0,15000.0,36.0,6.239999771118164,457.9700012207031,A,A2,8.0,MORTGAGE,65000.0,65000.0,Not Verified,2015-10-01,2015,10,2015-10,Fully Paid,1,0,debt_consolidation,OK,26.139999389648438,1,20-30,$60k-90k,13.500342231348391,Low Risk,700.0,704.0,0,2,10,0,22082.0,60.0,20,16397.150390625,15000.0,1397.1500244140625,0.0,Individual,0,0
36260169,10625.0,10625.0,36.0,17.860000610351562,383.3800048828125,D,D5,10.0,OWN,55000.0,55000.0,Source Verified,2014-12-01,2014,12,2014-12,Charged Off,1,1,debt_consolidation,TX,4.389999866485596,1,<10,$30k-60k,19.915126625598905,Medium Risk,705.0,709.0,1,2,8,0,7153.0,51.79999923706055,14,3958.02001953125,1399.800048828125,879.4000244140625,1678.8199462890625,Individual,1,0
131720879,11400.0,11400.0,36.0,9.430000305175781,364.80999755859375,B,B1,10.0,MORTGAGE,92150.0,92150.0,Source Verified,2018-04-01,2018,4,2018-04,Current,0,0,debt_consolidation,CT,5.269999980926514,1,<10,$90k-120k,23.33196440793977,Low Risk,745.0,749.0,0,1,11,0,10877.0,28.100000381469727,14,4365.97021484375,3544.820068359375,821.1500244140625,0.0,Individual,3,0
116796688,10000.0,10000.0,60.0,14.079999923706055,233.10000610351562,C,C3,0.0,MORTGAGE,53000.0,53000.0,Source Verified,2017-08-01,2017,8,2017-08,Current,0,0,debt_consolidation,TX,37.43000030517578,1,30-40,$30k-60k,9.582477754962355,Medium Risk,705.0,709.0,0,1,9,0,2787.0,27.899999618530273,19,4413.259765625,2447.5400390625,1965.719970703125,0.0,Joint App,2,0
94448526,15000.0,15000.0,60.0,14.989999771118164,356.7799987792969,C,C4,10.0,RENT,70000.0,70000.0,Not Verified,2016-12-01,2016,12,2016-12,Current,0,0,debt_consolidation,NY,18.100000381469727,1,10-20,$60k-90k,14.420260095824778,Medium Risk,725.0,729.0,1,1,13,0,900.0,3.799999952316284,21,9620.5703125,5390.18994140625,4230.3798828125,0.0,Individual,0,0
14680368,16000.0,16000.0,36.0,18.25,580.4500122070312,D,D3,0.0,RENT,110000.0,110000.0,Source Verified,2014-04-01,2014,4,2014-04,Fully Paid,1,0,debt_consolidation,AZ,18.75,1,10-20,$90k-120k,22.833675564681723,Medium Risk,680.0,684.0,0,3,12,3,15346.0,48.099998474121094,28,18557.7890625,16000.0,2557.7900390625,0.0,Individual,0,1
128714390,24000.0,24000.0,36.0,5.320000171661377,722.760009765625,A,A1,7.0,RENT,65000.0,65000.0,Source Verified,2018-02-01,2018,2,2018-02,Current,0,0,debt_consolidation,CA,20.010000228881836,1,20-30,$60k-90k,17.084188911704313,Low Risk,705.0,709.0,0,0,5,0,31059.0,94.0,8,9388.7900390625,8229.3203125,1159.469970703125,0.0,Individual,0,0
116131368,32200.0,32200.0,60.0,19.030000686645508,835.8200073242188,D,D3,3.0,MORTGAGE,133120.0,133120.0,Source Verified,2017-08-01,2017,8,2017-08,Charged Off,1,1,credit_card,NV,12.699999809265137,1,10-20,$120k+,13.91649555099247,Medium Risk,665.0,669.0,0,0,9,1,20422.0,61.70000076293945,18,14944.16015625,3488.52001953125,5072.06982421875,6383.56982421875,Individual,1,1
112808535,4000.0,4000.0,36.0,10.90999984741211,130.7899932861328,B,B4,0.0,RENT,40000.0,40000.0,Source Verified,2017-07-01,2017,7,2017-07,Fully Paid,1,0,other,MN,11.970000267028809,1,10-20,$30k-60k,6.915811088295688,Low Risk,680.0,684.0,0,0,10,0,2878.0,55.29999923706055,17,4504.2373046875,4000.0,504.239990234375,0.0,Individual,0,0
129590112,36000.0,36000.0,60.0,16.010000228881836,875.6500244140625,C,C5,,MORTGAGE,89000.0,89000.0,Source Verified,2018-03-01,2018,3,2018-03,Current,0,0,debt_consolidation,IN,29.049999237060547,1,20-30,$60k-90k,19.41409993155373,Medium Risk,710.0,714.0,0,1,11,0,15137.0,53.5,19,10475.7802734375,5108.27978515625,5367.5,0.0,Individual,1,0
93860568,33000.0,33000.0,60.0,11.489999771118164,725.5999755859375,B,B5,9.0,MORTGAGE,98000.0,98000.0,Verified,2016-11-01,2016,11,2016-11,Late (31-120 days),0,0,credit_card,TX,24.899999618530273,1,20-30,$90k-120k,23.748117727583846,Low Risk,710.0,714.0,0,1,11,0,31947.0,69.0,21,18192.419921875,10981.25,7174.89013671875,0.0,Individual,0,0
137982361,11000.0,11000.0,36.0,13.5600004196167,373.6099853515625,C,C1,8.0,MORTGAGE,80000.0,80000.0,Not Verified,2018-08-01,2018,8,2018-08,Current,0,0,credit_card,CA,12.170000076293945,1,10-20,$60k-90k,13.084188911704311,Medium Risk,690.0,694.0,0,0,11,0,16025.0,68.19999694824219,27,2631.85009765625,1805.4599609375,826.3900146484375,0.0,Individual,5,0
144722366,14000.0,14000.0,36.0,10.720000267028809,456.489990234375,B,B2,10.0,MORTGAGE,90000.0,90000.0,Not Verified,2018-12-01,2018,12,2018-12,Current,0,0,debt_consolidation,KY,20.440000534057617,1,20-30,$90k-120k,13.08145106091718,Low Risk,760.0,764.0,0,1,11,0,6628.0,23.200000762939453,17,1361.1300048828125,1003.1799926757812,357.95001220703125,0.0,Joint App,1,0
67879449,20000.0,20000.0,60.0,7.889999866485596,404.4800109863281,A,A5,10.0,RENT,50000.0,50000.0,Not Verified,2015-12-01,2015,12,2015-12,Fully Paid,1,0,credit_card,NC,7.489999771118164,1,<10,$30k-60k,18.99794661190965,Low Risk,735.0,739.0,0,0,18,0,19041.0,53.5,38,20500.119140625,20000.0,500.1199951171875,0.0,Individual,0,0
94743164,8000.0,8000.0,36.0,5.320000171661377,240.9199981689453,A,A1,10.0,MORTGAGE,70000.0,70000.0,Not Verified,2016-12-01,2016,12,2016-12,Current,0,0,home_improvement,TX,11.09000015258789,1,10-20,$60k-90k,13.336071184120465,Low Risk,805.0,809.0,0,0,11,0,1260.0,2.5,26,6500.10986328125,5879.080078125,621.030029296875,0.0,Individual,4,0
63024181,17275.0,17275.0,36.0,16.549999237060547,612.0399780273438,D,D2,8.0,RENT,48000.0,48000.0,Verified,2015-10-01,2015,10,2015-10,Fully Paid,1,0,debt_consolidation,MD,31.0,1,30-40,$30k-60k,11.249828884325805,Medium Risk,670.0,674.0,0,0,18,0,18036.0,59.099998474121094,27,21969.8671875,17275.0,4694.8701171875,0.0,Individual,0,0
5185540,20000.0,20000.0,36.0,12.119999885559082,665.4400024414062,B,B3,5.0,RENT,70000.0,70000.0,Verified,2013-05-01,2013,5,2013-05,Fully Paid,1,0,credit_card,NJ,27.09000015258789,1,20-30,$60k-90k,9.664613278576317,Low Risk,680.0,684.0,1,0,19,0,26696.0,31.600000381469727,27,23831.119140625,20000.0,3831.1201171875,0.0,Individual,0,0
135360987,16000.0,16000.0,36.0,5.309999942779541,481.7699890136719,A,A1,10.0,RENT,95000.0,95000.0,Not Verified,2018-06-01,2018,6,2018-06,Current,0,0,credit_card,OR,11.699999809265137,1,10-20,$90k-120k,10.250513347022586,Low Risk,690.0,694.0,0,0,9,1,16059.0,53.5,14,4293.4501953125,3764.8798828125,528.5700073242188,0.0,Individual,0,1
60801223,25000.0,25000.0,60.0,16.989999771118164,621.1799926757812,D,D3,10.0,RENT,78000.0,78000.0,Source Verified,2015-09-01,2015,9,2015-09,Current,0,0,debt_consolidation,VA,29.75,1,20-30,$60k-90k,15.832991101984941,Medium Risk,665.0,669.0,0,1,11,1,12571.0,71.4000015258789,20,26098.109375,15187.3203125,10910.7900390625,0.0,Individual,0,1
63326996,12000.0,12000.0,60.0,13.670000076293945,277.17999267578125,C,C4,5.0,MORTGAGE,60000.0,60000.0,Not Verified,2015-11-01,2015,11,2015-11,Fully Paid,1,0,debt_consolidation,DE,21.6200008392334,1,20-30,$60k-90k,12.084873374401095,Medium Risk,675.0,679.0,0,1,9,0,6993.0,41.099998474121094,19,15299.28515625,12000.0,3299.2900390625,0.0,Individual,1,0
50580158,11350.0,11350.0,36.0,18.549999237060547,413.4700012207031,E,E2,2.0,MORTGAGE,45000.0,45000.0,Source Verified,2015-06-01,2015,6,2015-06,Fully Paid,1,0,credit_card,IL,26.75,1,20-30,$30k-60k,14.746064339493497,High Risk,660.0,664.0,4,0,12,0,21072.0,90.80000305175781,23,13343.7197265625,11350.0,1993.719970703125,0.0,Individual,2,0
106065334,14400.0,14400.0,36.0,8.239999771118164,452.8399963378906,B,B1,10.0,RENT,50000.0,50000.0,Source Verified,2017-04-01,2017,4,2017-04,Current,0,0,debt_consolidation,TN,34.060001373291016,1,30-40,$30k-60k,29.66735112936345,Low Risk,685.0,689.0,0,1,16,2,754.0,3.200000047683716,40,10502.1396484375,8903.169921875,1598.969970703125,0.0,Individual,1,2
75668123,28000.0,28000.0,60.0,10.75,605.3099975585938,B,B4,5.0,MORTGAGE,178000.0,178000.0,Not Verified,2016-03-01,2016,3,2016-03,Fully Paid,1,0,credit_card,GA,13.579999923706055,1,10-20,$120k+,21.163586584531142,Low Risk,700.0,704.0,0,1,16,0,33227.0,53.5,28,30829.4765625,28000.0,2829.47998046875,0.0,Individual,2,0
39711027,35000.0,35000.0,60.0,14.989999771118164,832.469970703125,C,C5,6.0,MORTGAGE,115000.0,115000.0,Verified,2015-01-01,2015,1,2015-01,Fully Paid,1,0,credit_card,IN,16.610000610351562,1,10-20,$90k-120k,16.251882272416154,Medium Risk,710.0,714.0,0,0,13,0,74415.0,71.0999984741211,26,36773.23046875,35000.0,1773.22998046875,0.0,Individual,4,0
110897871,16000.0,16000.0,60.0,16.020000457763672,389.260009765625,C,C5,10.0,MORTGAGE,42824.0,42824.0,Verified,2017-07-01,2017,7,2017-07,Charged Off,1,1,debt_consolidation,TX,17.520000457763672,1,10-20,$30k-60k,13.831622176591376,Medium Risk,710.0,714.0,0,1,14,0,15819.0,64.80000305175781,17,5428.27978515625,2684.469970703125,2743.81005859375,0.0,Individual,1,0
57508246,23900.0,23900.0,60.0,15.609999656677246,576.27001953125,D,D1,10.0,RENT,52000.0,52000.0,Source Verified,2015-09-01,2015,9,2015-09,Current,0,0,debt_consolidation,NY,34.79999923706055,1,30-40,$30k-60k,16.33675564681725,Medium Risk,760.0,764.0,0,0,10,0,18587.0,30.5,17,24182.609375,14705.6904296875,9476.919921875,0.0,Individual,0,0
745432,35000.0,21925.0,60.0,18.790000915527344,566.219970703125,E,E3,,MORTGAGE,90000.0,90000.0,Verified,2011-05-01,2011,5,2011-05,Fully Paid,1,0,debt_consolidation,NJ,21.270000457763672,1,20-30,$90k-120k,17.579739904175224,High Risk,700.0,704.0,0,3,17,1,35290.0,75.19999694824219,29,27523.193359375,21925.0,5598.18994140625,0.0,Individual,-1,1
16231204,5525.0,5525.0,36.0,12.989999771118164,186.13999938964844,C,C1,7.0,MORTGAGE,60000.0,60000.0,Not Verified,2014-07-01,2014,7,2014-07,Fully Paid,1,0,car,AL,5.099999904632568,1,<10,$60k-90k,7.000684462696783,Medium Risk,695.0,699.0,0,2,7,0,2315.0,30.0,8,6125.68017578125,5525.0,600.6799926757812,0.0,Individual,1,0
107883255,4800.0,4800.0,36.0,14.079999923706055,164.24000549316406,C,C3,10.0,RENT,69000.0,69000.0,Not Verified,2017-05-01,2017,5,2017-05,Charged Off,1,1,major_purchase,PA,30.969999313354492,1,30-40,$60k-90k,17.83436002737851,Medium Risk,675.0,679.0,0,0,20,0,64071.0,86.0,27,2997.969970703125,1631.2099609375,679.4199829101562,687.3400268554688,Individual,1,0
127188371,10000.0,10000.0,60.0,17.09000015258789,249.00999450683594,D,D1,5.0,MORTGAGE,48200.0,48200.0,Source Verified,2018-01-01,2018,1,2018-01,Fully Paid,1,0,debt_consolidation,CO,18.700000762939453,1,10-20,$30k-60k,12.837782340862423,Medium Risk,700.0,704.0,0,1,10,1,8820.0,44.099998474121094,16,10869.2734375,10000.0,869.27001953125,0.0,Individual,1,1
68706518,12050.0,12050.0,60.0,19.889999389648438,318.5199890136719,E,E3,10.0,MORTGAGE,55000.0,55000.0,Source Verified,2016-01-01,2016,1,2016-01,Fully Paid,1,0,credit_card,NC,28.299999237060547,1,20-30,$30k-60k,22.584531143052704,High Risk,690.0,694.0,0,1,10,0,16376.0,75.5,32,13712.6201171875,12050.0,1662.6199951171875,0.0,Individual,3,0
16152032,13200.0,13200.0,36.0,9.170000076293945,420.80999755859375,B,B1,10.0,RENT,90000.0,90000.0,Source Verified,2014-06-01,2014,6,2014-06,Fully Paid,1,0,debt_consolidation,TX,5.570000171661377,1,<10,$90k-120k,15.665982203969884,Low Risk,690.0,694.0,1,2,12,0,11882.0,61.20000076293945,26,13977.83984375,13200.0,777.8400268554688,0.0,Individual,3,0
88593323,20000.0,20000.0,36.0,8.989999771118164,635.9099731445312,B,B1,10.0,MORTGAGE,105000.0,105000.0,Not Verified,2016-09-01,2016,9,2016-09,Fully Paid,1,0,credit_card,MI,17.010000228881836,1,10-20,$90k-120k,27.665982203969882,Low Risk,665.0,669.0,1,3,15,0,23433.0,47.20000076293945,43,22245.166015625,20000.0,2245.169921875,0.0,Individual,3,0
129314643,1800.0,1800.0,36.0,17.469999313354492,64.5999984741211,D,D1,,OWN,27000.0,27000.0,Verified,2018-02-01,2018,2,2018-02,Current,0,0,medical,TX,16.670000076293945,1,10-20,<$30k,33.67008898015058,Medium Risk,660.0,664.0,0,1,8,0,8451.0,87.0,12,838.0499877929688,545.1500244140625,292.8999938964844,0.0,Individual,0,0
41109466,24000.0,24000.0,60.0,13.329999923706055,550.1400146484375,C,C3,10.0,MORTGAGE,66500.0,66500.0,Verified,2015-02-01,2015,2,2015-02,Fully Paid,1,0,debt_consolidation,NC,26.549999237060547,1,20-30,$60k-90k,20.75564681724846,Medium Risk,700.0,704.0,0,0,10,0,46985.0,83.80000305175781,22,29520.703125,24000.0,5520.7001953125,0.0,Individual,2,0
1261310,17400.0,17400.0,36.0,6.03000020980835,529.5800170898438,A,A1,10.0,RENT,71000.0,71000.0,Verified,2012-05-01,2012,5,2012-05,Fully Paid,1,0,debt_consolidation,CA,15.739999771118164,1,10-20,$60k-90k,18.581793292265573,Low Risk,775.0,779.0,0,1,6,0,4843.0,11.800000190734863,16,17966.259765625,17400.0,566.260009765625,0.0,Individual,4,0
21401446,25600.0,25600.0,60.0,16.290000915527344,626.5,D,D2,10.0,MORTGAGE,65000.0,65000.0,Source Verified,2014-08-01,2014,8,2014-08,Fully Paid,1,0,debt_consolidation,MI,16.739999771118164,1,10-20,$60k-90k,13.998631074606434,Medium Risk,680.0,684.0,0,1,12,0,21040.0,80.0,32,32209.2109375,25600.0,6609.2099609375,0.0,Individual,3,0
138319438,25000.0,25000.0,60.0,10.470000267028809,536.97998046875,B,B2,,MORTGAGE,61879.0,61879.0,Not Verified,2018-08-01,2018,8,2018-08,Current,0,0,credit_card,VA,38.31999969482422,1,30-40,$60k-90k,14.33264887063655,Low Risk,680.0,684.0,0,0,13,0,32239.0,69.19999694824219,31,3715.260009765625,2324.800048828125,1390.4599609375,0.0,Individual,1,0
24605170,32500.0,32500.0,36.0,16.989999771118164,1158.56005859375,D,D3,9.0,RENT,74000.0,74000.0,Verified,2014-08-01,2014,8,2014-08,Fully Paid,1,0,debt_consolidation,AK,29.479999542236328,1,20-30,$60k-90k,9.494866529774127,Medium Risk,685.0,689.0,0,0,14,0,19364.0,59.599998474121094,30,40800.26171875,32500.0,8300.259765625,0.0,Individual,3,0
141691067,5000.0,5000.0,36.0,6.670000076293945,153.63999938964844,A,A2,2.0,RENT,30000.0,30000.0,Not Verified,2018-10-01,2018,10,2018-10,Current,0,0,credit_card,OH,11.600000381469727,1,10-20,$30k-60k,7.082819986310746,Low Risk,675.0,679.0,0,0,25,0,5052.0,63.20000076293945,26,764.489990234375,636.280029296875,128.2100067138672,0.0,Individual,0,0
88036275,27000.0,27000.0,36.0,17.989999771118164,975.97998046875,D,D2,3.0,RENT,75000.0,75000.0,Not Verified,2016-08-01,2016,8,2016-08,Fully Paid,1,0,debt_consolidation,NJ,29.56999969482422,1,20-30,$60k-90k,11.16769336071184,Medium Risk,730.0,734.0,0,0,11,0,14879.0,53.900001525878906,22,28589.5234375,27000.0,1589.52001953125,0.0,Individual,0,0
94225390,30000.0,30000.0,60.0,17.989999771118164,761.6400146484375,D,D2,2.0,MORTGAGE,123500.0,123500.0,Verified,2016-12-01,2016,12,2016-12,Charged Off,1,1,major_purchase,GA,0.5099999904632568,1,<10,$120k+,16.501026694045173,Medium Risk,800.0,804.0,0,1,17,0,2072.0,3.9000000953674316,24,13495.9697265625,4440.10009765625,5431.240234375,3624.6298828125,Individual,5,0
77486468,14000.0,14000.0,36.0,5.320000171661377,421.6099853515625,A,A1,1.0,MORTGAGE,50000.0,50000.0,Source Verified,2016-04-01,2016,4,2016-04,Fully Paid,1,0,credit_card,GA,29.56999969482422,1,20-30,$30k-60k,10.08624229979466,Low Risk,680.0,684.0,0,1,23,0,23560.0,46.400001525878906,44,14576.0068359375,14000.0,576.010009765625,0.0,Individual,1,0
58552645,9800.0,9800.0,36.0,8.180000305175781,307.9200134277344,B,B1,10.0,MORTGAGE,75000.0,75000.0,Not Verified,2015-08-01,2015,8,2015-08,Fully Paid,1,0,home_improvement,MD,25.469999313354492,1,20-30,$60k-90k,18.99794661190965,Low Risk,700.0,704.0,1,1,20,0,13099.0,29.200000762939453,41,10220.7001953125,9800.0,420.70001220703125,0.0,Individual,3,0
111051241,24000.0,24000.0,36.0,5.320000171661377,722.760009765625,A,A1,10.0,MORTGAGE,138112.0,138112.0,Not Verified,2017-06-01,2017,6,2017-06,Current,0,0,home_improvement,MD,10.960000038146973,1,10-20,$120k+,12.413415468856947,Low Risk,790.0,794.0,0,0,8,0,7052.0,9.600000381469727,23,15170.8701171875,13533.830078125,1637.0400390625,0.0,Individual,4,0
72724798,21600.0,21600.0,36.0,9.75,694.4400024414062,B,B3,10.0,MORTGAGE,160000.0,160000.0,Not Verified,2016-02-01,2016,2,2016-02,Fully Paid,1,0,credit_card,NJ,19.700000762939453,1,10-20,$120k+,22.250513347022586,Low Risk,705.0,709.0,0,0,21,0,37571.0,72.30000305175781,49,24945.103515625,21600.0,3345.10009765625,0.0,Individual,4,0
125950657,27000.0,27000.0,60.0,13.59000015258789,622.52001953125,C,C2,8.0,MORTGAGE,19685.0,19685.0,Not Verified,2017-12-01,2017,12,2017-12,Current,0,0,other,NY,35.61000061035156,1,30-40,<$30k,14.335386721423683,Medium Risk,710.0,714.0,1,0,6,0,2369.0,47.400001525878906,15,9317.419921875,5146.9501953125,4170.47021484375,0.0,Joint App,5,0
96841644,5000.0,5000.0,36.0,11.390000343322754,164.6199951171875,B,B3,2.0,OWN,33280.0,33280.0,Source Verified,2017-01-01,2017,1,2017-01,Current,0,0,credit_card,WA,16.15999984741211,1,10-20,$30k-60k,9.42094455852156,Low Risk,695.0,699.0,0,0,5,0,4737.0,84.5999984741211,6,4134.9599609375,3288.27001953125,846.6900024414062,0.0,Individual,0,0
110570770,27000.0,27000.0,60.0,9.4399995803833,566.260009765625,B,B1,10.0,RENT,74000.0,74000.0,Not Verified,2017-06-01,2017,6,2017-06,In Grace Period,0,0,debt_consolidation,NY,28.850000381469727,1,20-30,$60k-90k,17.50034223134839,Low Risk,730.0,734.0,0,0,17,0,15595.0,25.700000762939453,58,11401.6904296875,7620.830078125,3780.860107421875,0.0,Individual,0,0
127023312,30000.0,30000.0,60.0,25.81999969482422,895.02001953125,E,E4,,MORTGAGE,37000.0,37000.0,Verified,2018-01-01,2018,1,2018-01,Current,0,0,debt_consolidation,FL,18.030000686645508,1,10-20,$30k-60k,23.50444900752909,High Risk,695.0,699.0,0,2,4,1,3387.0,60.5,9,12487.25,4026.489990234375,8460.759765625,0.0,Individual,1,1
5195545,8500.0,8500.0,36.0,12.119999885559082,282.80999755859375,B,B3,10.0,RENT,36000.0,36000.0,Not Verified,2013-05-01,2013,5,2013-05,Charged Off,1,1,debt_consolidation,FL,24.56999969482422,1,20-30,$30k-60k,10.329911019849419,Low Risk,675.0,679.0,1,1,14,0,7122.0,34.20000076293945,35,4993.25,3171.0,1068.81005859375,753.4400024414062,Individual,2,0
110618816,10000.0,10000.0,60.0,14.079999923706055,233.10000610351562,C,C3,2.0,MORTGAGE,51996.0,51996.0,Not Verified,2017-06-01,2017,6,2017-06,Fully Paid,1,0,debt_consolidation,NC,21.530000686645508,1,20-30,$30k-60k,10.414784394250514,Medium Risk,760.0,764.0,0,2,10,0,2523.0,10.0,21,11644.9931640625,10000.0,1644.989990234375,0.0,Individual,1,0
107685260,15600.0,15600.0,60.0,13.489999771118164,358.8800048828125,C,C2,1.0,RENT,70000.0,70000.0,Not Verified,2017-05-01,2017,5,2017-05,Charged Off,1,1,debt_consolidation,FL,16.729999542236328,1,10-20,$60k-90k,22.083504449007528,Medium Risk,685.0,689.0,1,0,10,0,14678.0,58.5,22,6422.5,2553.360107421875,2088.699951171875,1780.43994140625,Individual,6,0
142765560,20000.0,20000.0,60.0,18.940000534057617,518.1599731445312,D,D2,0.0,RENT,136000.0,136000.0,Verified,2018-10-01,2018,10,2018-10,Current,0,0,credit_card,CA,26.600000381469727,1,20-30,$120k+,10.74880219028063,Medium Risk,665.0,669.0,0,1,28,0,23544.0,54.0,35,2209.43994140625,829.3599853515625,1380.0799560546875,0.0,Individual,0,0
121321237,12800.0,12800.0,60.0,15.050000190734863,304.8500061035156,C,C4,4.0,MORTGAGE,70000.0,70000.0,Source Verified,2017-10-01,2017,10,2017-10,Current,0,0,debt_consolidation,TX,17.489999771118164,1,10-20,$60k-90k,11.501711156741958,Medium Risk,705.0,709.0,0,1,15,0,12075.0,24.700000762939453,20,5171.75,2715.679931640625,2456.070068359375,0.0,Individual,2,0
32519530,14850.0,14850.0,60.0,20.989999771118164,401.6600036621094,E,E4,5.0,RENT,34000.0,34000.0,Source Verified,2014-11-01,2014,11,2014-11,Current,0,0,debt_consolidation,CA,37.18000030517578,1,30-40,$30k-60k,20.503764544832308,High Risk,710.0,714.0,0,1,5,0,12228.0,72.80000305175781,16,20869.0,11875.6796875,8993.3203125,0.0,Individual,0,0
121337071,4000.0,4000.0,36.0,17.09000015258789,142.8000030517578,D,D1,2.0,RENT,36000.0,36000.0,Source Verified,2017-10-01,2017,10,2017-10,Current,0,0,debt_consolidation,NJ,19.469999313354492,1,10-20,$30k-60k,3.586584531143053,Medium Risk,675.0,679.0,0,0,5,0,1689.0,62.599998474121094,7,2300.219970703125,1529.25,770.969970703125,0.0,Individual,0,0
115363867,15000.0,15000.0,36.0,10.420000076293945,486.9800109863281,B,B3,3.0,MORTGAGE,80000.0,80000.0,Not Verified,2017-08-01,2017,8,2017-08,Charged Off,1,1,debt_consolidation,MI,7.460000038146973,1,<10,$60k-90k,24.6652977412731,Low Risk,665.0,669.0,0,0,6,1,13297.0,91.0999984741211,19,5848.10009765625,4647.5400390625,1200.56005859375,0.0,Individual,4,0
530569,3500.0,3500.0,36.0,13.979999542236328,119.58999633789062,C,C3,10.0,RENT,48000.0,48000.0,Not Verified,2010-06-01,2010,6,2010-06,Fully Paid,1,0,debt_consolidation,FL,8.75,1,<10,$30k-60k,11.58110882956879,Medium Risk,695.0,699.0,0,0,3,0,2018.0,84.0999984741211,8,4060.720703125,3500.0,560.719970703125,0.0,Individual,-1,0
38418813,18000.0,18000.0,36.0,6.03000020980835,547.8400268554688,A,A1,7.0,OWN,92500.0,92500.0,Source Verified,2015-01-01,2015,1,2015-01,Fully Paid,1,0,credit_card,NY,15.039999961853027,1,10-20,$90k-120k,14.915811088295689,Low Risk,760.0,764.0,0,0,16,0,12173.0,14.5,32,18853.890625,18000.0,853.8900146484375,0.0,Individual,0,0
117118523,13600.0,13600.0,36.0,13.59000015258789,462.1199951171875,C,C2,10.0,OWN,40000.0,40000.0,Source Verified,2017-08-01,2017,8,2017-08,Fully Paid,1,0,debt_consolidation,MN,27.6299991607666,1,20-30,$30k-60k,23.665982203969882,Medium Risk,715.0,719.0,0,0,9,0,19652.0,43.900001525878906,14,15834.1455078125,13600.0,2234.14990234375,0.0,Individual,2,0
138864473,4000.0,4000.0,36.0,14.470000267028809,137.6300048828125,C,C2,,RENT,21060.0,21060.0,Verified,2018-08-01,2018,8,2018-08,Current,0,0,debt_consolidation,WA,12.649999618530273,1,10-20,<$30k,15.58110882956879,Medium Risk,690.0,694.0,2,2,8,0,5017.0,29.700000762939453,30,956.97998046875,648.8699951171875,308.1099853515625,0.0,Individual,2,0
79111899,7000.0,7000.0,36.0,9.75,225.0500030517578,B,B3,7.0,MORTGAGE,41000.0,41000.0,Source Verified,2016-05-01,2016,5,2016-05,Fully Paid,1,0,debt_consolidation,MS,13.960000038146973,1,10-20,$30k-60k,14.168377823408624,Low Risk,670.0,674.0,1,2,11,1,4201.0,44.70000076293945,53,7888.16650390625,7000.0,888.1699829101562,0.0,Individual,0,0
98965250,11000.0,11000.0,36.0,24.739999771118164,435.8500061035156,E,E3,0.0,MORTGAGE,53000.0,53000.0,Source Verified,2017-02-01,2017,2,2017-02,Current,0,0,debt_consolidation,IL,26.790000915527344,1,20-30,$30k-60k,13.253935660506503,High Risk,680.0,684.0,1,0,16,0,7868.0,61.0,30,10479.9697265625,6404.4501953125,4053.72998046875,0.0,Individual,3,0
90099377,18000.0,18000.0,36.0,10.989999771118164,589.219970703125,B,B4,0.0,MORTGAGE,8000.0,8000.0,Not Verified,2016-10-01,2016,10,2016-10,Fully Paid,1,0,debt_consolidation,UT,74.91999816894531,1,40+,<$30k,18.915811088295687,Low Risk,700.0,704.0,0,1,9,1,11558.0,60.20000076293945,21,19984.84375,18000.0,1984.8399658203125,0.0,Joint App,7,1
44065682,23800.0,23800.0,60.0,11.529999732971191,523.7899780273438,B,B5,10.0,MORTGAGE,75000.0,75000.0,Source Verified,2015-03-01,2015,3,2015-03,Charged Off,1,1,major_purchase,TX,23.610000610351562,1,20-30,$60k-90k,24.32854209445585,Low Risk,700.0,704.0,1,0,21,0,34503.0,37.70000076293945,58,17474.83984375,10198.3095703125,5500.14013671875,1776.3900146484375,Individual,5,0
141174633,20000.0,20000.0,36.0,6.110000133514404,609.4400024414062,A,A1,7.0,MORTGAGE,45000.0,45000.0,Not Verified,2018-10-01,2018,10,2018-10,Current,0,0,debt_consolidation,TX,28.690000534057617,1,20-30,$30k-60k,13.25119780971937,Low Risk,735.0,739.0,0,0,12,0,8169.0,14.300000190734863,22,3040.409912109375,2564.010009765625,476.3999938964844,0.0,Joint App,4,0
51185676,21000.0,21000.0,36.0,11.529999732971191,692.7999877929688,B,B5,2.0,MORTGAGE,95000.0,95000.0,Source Verified,2015-06-01,2015,6,2015-06,Fully Paid,1,0,debt_consolidation,CT,10.420000076293945,1,10-20,$90k-120k,14.08350444900753,Low Risk,670.0,674.0,2,0,7,0,2425.0,80.80000305175781,17,24927.169921875,21000.0,3927.169921875,0.0,Individual,2,0
2307722,20000.0,20000.0,60.0,17.270000457763672,499.9599914550781,C,C5,4.0,OWN,60000.0,60000.0,Verified,2012-12-01,2012,12,2012-12,Charged Off,1,1,debt_consolidation,NC,25.979999542236328,1,20-30,$60k-90k,10.830937713894592,Medium Risk,675.0,679.0,0,0,14,0,28825.0,72.9000015258789,27,12632.1201171875,5154.509765625,5336.81005859375,2140.800048828125,Individual,0,0
41740424,19000.0,19000.0,60.0,17.860000610351562,481.0299987792969,D,D5,10.0,MORTGAGE,100000.0,100000.0,Source Verified,2015-03-01,2015,3,2015-03,Charged Off,1,1,debt_consolidation,OH,20.600000381469727,1,20-30,$90k-120k,23.581108829568787,Medium Risk,675.0,679.0,1,2,18,0,42890.0,84.4000015258789,27,11796.7197265625,4845.31982421875,5237.4599609375,1713.93994140625,Individual,3,0
80559365,25000.0,25000.0,36.0,5.320000171661377,752.8699951171875,A,A1,10.0,RENT,80000.0,80000.0,Not Verified,2016-06-01,2016,6,2016-06,Fully Paid,1,0,debt_consolidation,WA,13.260000228881836,1,10-20,$60k-90k,15.16769336071184,Low Risk,740.0,744.0,1,0,10,1,3224.0,7.699999809265137,13,26666.78125,25000.0,1666.780029296875,0.0,Individual,0,1
129664448,10000.0,10000.0,36.0,6.710000038146973,307.45001220703125,A,A3,10.0,MORTGAGE,100000.0,100000.0,Not Verified,2018-03-01,2018,3,2018-03,Current,0,0,credit_card,IL,30.829999923706055,1,30-40,$90k-120k,43.9151266255989,Low Risk,695.0,699.0,0,0,19,0,59431.0,48.900001525878906,36,3685.669921875,3112.97998046875,572.6900024414062,0.0,Individual,2,0
7265837,8000.0,8000.0,36.0,16.200000762939453,282.04998779296875,C,C4,0.0,MORTGAGE,65000.0,65000.0,Not Verified,2013-09-01,2013,9,2013-09,Fully Paid,1,0,credit_card,CO,12.300000190734863,1,10-20,$60k-90k,15.58110882956879,Medium Risk,675.0,679.0,0,0,9,0,3956.0,82.4000015258789,23,8970.3671875,8000.0,970.3699951171875,0.0,Individual,3,0
49833477,12000.0,12000.0,60.0,13.329999923706055,275.07000732421875,C,C3,8.0,OWN,50000.0,50000.0,Not Verified,2015-06-01,2015,6,2015-06,Current,0,0,other,NC,14.739999771118164,1,10-20,$30k-60k,17.579739904175224,Medium Risk,675.0,679.0,1,0,8,0,18129.0,32.70000076293945,12,12360.3798828125,8217.41015625,4142.97021484375,0.0,Individual,1,0
1568372,4000.0,4000.0,36.0,7.900000095367432,125.16999816894531,A,A4,9.0,MORTGAGE,75000.0,75000.0,Not Verified,2012-10-01,2012,10,2012-10,Fully Paid,1,0,other,AR,13.619999885559082,1,10-20,$60k-90k,9.42094455852156,Low Risk,760.0,764.0,0,4,19,0,2123.0,4.599999904632568,36,4370.86328125,4000.0,370.8599853515625,0.0,Individual,2,0
78500087,30000.0,30000.0,60.0,15.3100004196167,718.5900268554688,C,C5,9.0,MORTGAGE,280000.0,280000.0,Not Verified,2016-06-01,2016,6,2016-06,Fully Paid,1,0,debt_consolidation,LA,7.559999942779541,1,<10,$120k+,12.331279945242985,Medium Risk,670.0,674.0,0,1,10,1,6486.0,40.5,23,34337.8203125,30000.0,4337.81982421875,0.0,Individual,4,1
42493533,5200.0,5200.0,36.0,14.649999618530273,179.3699951171875,C,C5,7.0,MORTGAGE,39000.0,39000.0,Not Verified,2015-03-01,2015,3,2015-03,Fully Paid,1,0,debt_consolidation,KY,19.719999313354492,1,10-20,$30k-60k,16.0,Medium Risk,690.0,694.0,0,1,11,0,7786.0,41.0,34,6234.8291015625,5200.0,1034.8299560546875,0.0,Individual,3,0
142582409,10000.0,10000.0,36.0,12.729999542236328,335.6499938964844,B,B5,0.0,MORTGAGE,130000.0,130000.0,Not Verified,2018-10-01,2018,10,2018-10,In Grace Period,0,0,debt_consolidation,NY,9.170000076293945,1,<10,$120k+,25.166324435318277,Low Risk,660.0,664.0,3,0,9,0,26158.0,40.400001525878906,18,1328.4599609375,932.97998046875,395.4800109863281,0.0,Individual,3,0
133353996,14000.0,14000.0,60.0,11.050000190734863,304.75,B,B4,5.0,OWN,64100.0,64100.0,Source Verified,2018-05-01,2018,5,2018-05,Fully Paid,1,0,other,FL,16.530000686645508,1,10-20,$60k-90k,26.663928815879533,Low Risk,680.0,684.0,0,1,11,0,7685.0,22.899999618530273,30,14060.166015625,14000.0,60.16999816894531,0.0,Individual,0,0
65251636,12000.0,12000.0,36.0,7.889999866485596,375.42999267578125,A,A5,1.0,RENT,124800.0,124800.0,Source Verified,2015-11-01,2015,11,2015-11,Fully Paid,1,0,debt_consolidation,CA,12.390000343322754,1,10-20,$120k+,15.249828884325805,Low Risk,710.0,714.0,0,0,11,0,11088.0,39.0,18,13208.4462890625,12000.0,1208.449951171875,0.0,Individual,1,0
136966590,9400.0,9400.0,36.0,8.460000038146973,296.57000732421875,A,A5,2.0,OWN,100000.0,100000.0,Not Verified,2018-07-01,2018,7,2018-07,Current,0,0,other,KY,8.569999694824219,1,<10,$90k-120k,12.49555099247091,Low Risk,725.0,729.0,6,0,7,0,184.0,10.199999809265137,30,2368.139892578125,1888.510009765625,479.6300048828125,0.0,Individual,2,0
95537178,14000.0,14000.0,60.0,13.489999771118164,322.07000732421875,C,C2,,MORTGAGE,80000.0,80000.0,Verified,2017-01-01,2017,1,2017-01,Current,0,0,debt_consolidation,CA,8.5600004196167,1,<10,$60k-90k,14.335386721423683,Medium Risk,665.0,669.0,1,0,7,0,3616.0,58.29999923706055,18,8363.330078125,4941.330078125,3422.0,0.0,Individual,3,0
67417188,26000.0,26000.0,60.0,10.640000343322754,560.6500244140625,B,B4,2.0,MORTGAGE,100000.0,100000.0,Not Verified,2015-12-01,2015,12,2015-12,Charged Off,1,1,debt_consolidation,LA,6.230000019073486,1,<10,$90k-120k,14.751540041067761,Low Risk,710.0,714.0,0,0,12,0,10257.0,29.299999237060547,35,6314.6298828125,2373.199951171875,1520.6099853515625,2420.820068359375,Individual,5,0
52668243,15000.0,15000.0,36.0,7.889999866485596,469.2900085449219,A,A5,8.0,OWN,80000.0,80000.0,Not Verified,2015-06-01,2015,6,2015-06,Fully Paid,1,0,credit_card,TX,31.920000076293945,1,30-40,$60k-90k,13.412731006160165,Low Risk,705.0,709.0,0,1,11,0,6245.0,55.29999923706055,34,16165.08984375,15000.0,1165.0899658203125,0.0,Individual,3,0
95607337,25000.0,25000.0,36.0,15.989999771118164,878.8099975585938,C,C5,10.0,OWN,70000.0,70000.0,Not Verified,2016-12-01,2016,12,2016-12,Fully Paid,1,0,credit_card,NY,11.449999809265137,1,10-20,$60k-90k,17.67008898015058,Medium Risk,715.0,719.0,0,3,26,0,36314.0,27.200000762939453,49,27949.376953125,25000.0,2905.43994140625,0.0,Individual,1,0
134730959,1850.0,1850.0,36.0,8.079999923706055,58.04999923706055,A,A5,5.0,RENT,47000.0,47000.0,Not Verified,2018-06-01,2018,6,2018-06,Current,0,0,major_purchase,UT,15.399999618530273,1,10-20,$30k-60k,6.833675564681725,Low Risk,755.0,759.0,0,1,7,0,9282.0,25.200000762939453,16,521.6199951171875,421.57000732421875,100.05000305175781,0.0,Individual,0,0
58643817,4600.0,4600.0,36.0,19.989999771118164,170.92999267578125,E,E4,10.0,RENT,48000.0,48000.0,Source Verified,2015-08-01,2015,8,2015-08,Fully Paid,1,0,debt_consolidation,DE,35.150001525878906,1,30-40,$30k-60k,8.747433264887064,High Risk,660.0,664.0,0,1,11,1,8046.0,60.0,16,6089.2080078125,4600.0,1489.2099609375,0.0,Individual,0,0
104112749,4825.0,4825.0,36.0,18.989999771118164,176.85000610351562,D,D3,2.0,RENT,40000.0,40000.0,Verified,2017-04-01,2017,4,2017-04,Fully Paid,1,0,credit_card,IN,13.529999732971191,1,10-20,$30k-60k,15.917864476386036,Medium Risk,665.0,669.0,0,2,25,1,4865.0,73.69999694824219,29,5869.9404296875,4825.0,1044.93994140625,0.0,Individual,0,1
71824492,12000.0,12000.0,60.0,15.3100004196167,287.44000244140625,C,C5,5.0,MORTGAGE,37000.0,37000.0,Source Verified,2016-02-01,2016,2,2016-02,Charged Off,1,1,debt_consolidation,NY,33.63999938964844,1,30-40,$30k-60k,24.503764544832308,Medium Risk,680.0,684.0,0,1,12,0,29196.0,60.79999923706055,27,3151.6298828125,1575.7099609375,1575.9200439453125,0.0,Individual,2,0
10121302,29700.0,29700.0,60.0,26.059999465942383,890.2899780273438,G,G5,7.0,MORTGAGE,93800.0,93800.0,Verified,2014-01-01,2014,1,2014-01,Fully Paid,1,0,debt_consolidation,TX,22.010000228881836,1,20-30,$90k-120k,23.838466803559207,High Risk,665.0,669.0,0,3,14,0,24993.0,83.5999984741211,30,53334.77734375,29700.0,23634.779296875,0.0,Individual,3,0
88886813,10000.0,10000.0,36.0,14.489999771118164,344.1700134277344,C,C4,2.0,MORTGAGE,35000.0,35000.0,Not Verified,2016-09-01,2016,9,2016-09,Current,0,0,car,NV,16.90999984741211,1,10-20,$30k-60k,12.41889117043121,Medium Risk,755.0,759.0,0,0,6,0,2730.0,35.5,14,10317.0498046875,8019.89013671875,2297.159912109375,0.0,Individual,1,0
9724899,9000.0,9000.0,36.0,11.989999771118164,298.8900146484375,B,B3,10.0,RENT,62500.0,62500.0,Not Verified,2013-12-01,2013,12,2013-12,Fully Paid,1,0,debt_consolidation,CT,5.110000133514404,1,<10,$60k-90k,15.668720054757015,Low Risk,670.0,674.0,0,2,5,0,8922.0,81.9000015258789,17,9802.74609375,9000.0,802.75,0.0,Individual,3,0
107549251,16000.0,16000.0,60.0,11.4399995803833,351.3999938964844,B,B4,9.0,MORTGAGE,87000.0,87000.0,Not Verified,2017-05-01,2017,5,2017-05,Fully Paid,1,0,home_improvement,LA,16.479999542236328,1,10-20,$60k-90k,13.166324435318275,Low Risk,735.0,739.0,0,0,6,0,10727.0,61.599998474121094,14,18828.25390625,16000.0,2828.25,0.0,Individual,1,0
68634653,34000.0,34000.0,36.0,10.779999732971191,1109.5799560546875,B,B4,10.0,OWN,135000.0,135000.0,Source Verified,2016-01-01,2016,1,2016-01,Fully Paid,1,0,debt_consolidation,MI,12.350000381469727,1,10-20,$120k+,23.750855578370977,Low Risk,770.0,774.0,0,1,14,0,33214.0,52.400001525878906,23,39450.72265625,34000.0,5450.72021484375,0.0,Individual,2,0
138498571,10000.0,10000.0,36.0,13.5600004196167,339.6499938964844,C,C1,6.0,RENT,50000.0,50000.0,Source Verified,2018-08-01,2018,8,2018-08,Current,0,0,debt_consolidation,CA,6.019999980926514,1,<10,$30k-60k,8.334017796030116,Medium Risk,665.0,669.0,1,0,2,0,9397.0,90.4000015258789,3,2370.02001953125,1641.3699951171875,728.6500244140625,0.0,Individual,0,0
65722059,25000.0,25000.0,60.0,9.989999771118164,531.0599975585938,B,B3,2.0,MORTGAGE,180000.0,180000.0,Not Verified,2015-11-01,2015,11,2015-11,Fully Paid,1,0,debt_consolidation,SC,9.579999923706055,1,<10,$120k+,20.084873374401095,Low Risk,710.0,714.0,0,0,9,3,14309.0,47.20000076293945,15,30767.720703125,25000.0,5767.72021484375,0.0,Individual,2,0
99757549,15000.0,15000.0,36.0,11.489999771118164,494.57000732421875,B,B5,5.0,MORTGAGE,51000.0,51000.0,Source Verified,2017-03-01,2017,3,2017-03,Fully Paid,1,0,debt_consolidation,OH,15.760000228881836,1,10-20,$30k-60k,15.077344284736482,Low Risk,665.0,669.0,0,1,9,0,10657.0,53.29999923706055,17,16718.751953125,15000.0,1718.75,0.0,Individual,1,0
139874342,40000.0,40000.0,60.0,6.110000133514404,775.3599853515625,A,A1,3.0,MORTGAGE,204000.0,204000.0,Source Verified,2018-09-01,2018,9,2018-09,Current,0,0,debt_consolidation,TX,18.450000762939453,1,10-20,$120k+,22.168377823408623,Low Risk,745.0,749.0,0,0,12,0,36911.0,41.400001525878906,28,4706.47021484375,3474.1201171875,1232.3499755859375,0.0,Individual,3,0
133223617,20000.0,20000.0,60.0,19.420000076293945,523.4500122070312,D,D3,5.0,MORTGAGE,201000.0,201000.0,Verified,2018-05-01,2018,5,2018-05,Current,0,0,home_improvement,IN,19.329999923706055,1,10-20,$120k+,35.58110882956879,Medium Risk,725.0,729.0,1,1,19,0,10173.0,37.400001525878906,47,5212.919921875,2149.7900390625,3063.1298828125,0.0,Individual,2,0
92269702,35000.0,35000.0,36.0,13.989999771118164,1196.050048828125,C,C3,5.0,OWN,124000.0,124000.0,Source Verified,2016-11-01,2016,11,2016-11,Fully Paid,1,0,debt_consolidation,TX,22.079999923706055,1,20-30,$120k+,25.749486652977414,Medium Risk,690.0,694.0,0,0,21,0,58023.0,63.70000076293945,38,35984.8125,35000.0,984.8099975585938,0.0,Individual,2,0
143400824,38400.0,38400.0,36.0,10.720000267028809,1252.0899658203125,B,B2,10.0,MORTGAGE,0.0,0.0,Verified,2018-11-01,2018,11,2018-11,Current,0,0,debt_consolidation,NJ,,0,Invalid/Unknown,<$30k,18.16563997262149,Low Risk,720.0,724.0,0,0,11,0,18080.0,33.29999923706055,25,5054.10009765625,3685.219970703125,1368.8800048828125,0.0,Joint App,0,0
126283196,15000.0,15000.0,36.0,16.020000457763672,527.510009765625,C,C5,10.0,MORTGAGE,120000.0,120000.0,Verified,2017-12-01,2017,12,2017-12,Current,0,0,debt_consolidation,NJ,32.43000030517578,1,30-40,$120k+,26.915811088295687,Medium Risk,700.0,704.0,4,0,21,0,3862.0,42.900001525878906,35,7433.2998046875,5000.91015625,2432.389892578125,0.0,Individual,4,0
34383766,10000.0,10000.0,36.0,12.390000343322754,334.010009765625,C,C1,0.0,OWN,54000.0,54000.0,Not Verified,2014-11-01,2014,11,2014-11,Fully Paid,1,0,debt_consolidation,FL,30.739999771118164,1,30-40,$30k-60k,9.084188911704311,Medium Risk,715.0,719.0,0,0,11,0,8106.0,47.400001525878906,18,11382.25,10000.0,1382.25,0.0,Individual,0,0
108224816,25000.0,25000.0,36.0,9.930000305175781,805.8599853515625,B,B2,3.0,RENT,170000.0,170000.0,Not Verified,2017-05-01,2017,5,2017-05,Charged Off,1,1,credit_card,CA,13.4399995803833,1,10-20,$120k+,10.496919917864476,Low Risk,705.0,709.0,1,1,12,0,32780.0,75.9000015258789,18,4823.47021484375,1202.9300537109375,395.0,3225.5400390625,Individual,0,0
125689022,20000.0,20000.0,36.0,12.619999885559082,670.22998046875,C,C1,,MORTGAGE,72000.0,72000.0,Source Verified,2017-12-01,2017,12,2017-12,Current,0,0,credit_card,OH,23.6200008392334,1,20-30,$60k-90k,24.999315537303218,Medium Risk,705.0,709.0,1,0,9,0,37831.0,66.4000015258789,16,14985.98046875,12758.009765625,2227.969970703125,0.0,Individual,1,0
60586846,12000.0,12000.0,36.0,14.649999618530273,413.94000244140625,C,C5,10.0,RENT,70000.0,70000.0,Source Verified,2015-09-01,2015,9,2015-09,Charged Off,1,1,debt_consolidation,NC,20.729999542236328,1,20-30,$60k-90k,18.830937713894592,Medium Risk,670.0,674.0,0,1,7,0,3940.0,56.29999923706055,18,9391.599609375,6357.93994140625,2258.429931640625,775.22998046875,Individual,0,0
139811600,5000.0,5000.0,36.0,27.270000457763672,204.86000061035156,E,E5,8.0,MORTGAGE,51000.0,51000.0,Not Verified,2018-09-01,2018,9,2018-09,Current,0,0,debt_consolidation,AZ,46.72999954223633,1,40+,$30k-60k,5.749486652977413,High Risk,670.0,674.0,0,0,7,0,12600.0,76.4000015258789,10,1228.3199462890625,575.8599853515625,652.4600219726562,0.0,Joint App,1,0
1452015,15000.0,15000.0,36.0,18.489999771118164,545.989990234375,D,D2,10.0,RENT,92000.0,92000.0,Verified,2012-08-01,2012,8,2012-08,Fully Paid,1,0,debt_consolidation,CA,18.440000534057617,1,10-20,$90k-120k,27.085557837097877,Medium Risk,670.0,674.0,0,0,18,0,31639.0,85.5,36,19655.1796875,15000.0,4655.18017578125,0.0,Individual,2,0
131657913,15000.0,15000.0,36.0,6.070000171661377,456.80999755859375,A,A2,10.0,MORTGAGE,73170.0,73170.0,Not Verified,2018-04-01,2018,4,2018-04,Fully Paid,1,0,debt_consolidation,MT,25.5,1,20-30,$60k-90k,13.412731006160165,Low Risk,750.0,754.0,0,0,6,0,2807.0,11.199999809265137,27,15361.5625,15000.0,361.55999755859375,0.0,Individual,4,0
48535953,7000.0,7000.0,36.0,7.889999866485596,219.0,A,A5,10.0,MORTGAGE,44000.0,44000.0,Source Verified,2015-05-01,2015,5,2015-05,Fully Paid,1,0,debt_consolidation,CA,16.690000534057617,1,10-20,$30k-60k,25.166324435318277,Low Risk,715.0,719.0,0,1,5,0,17045.0,78.9000015258789,22,7895.599609375,7000.0,895.5999755859375,0.0,Individual,0,0
143519974,9000.0,9000.0,36.0,6.460000038146973,275.67999267578125,A,A1,4.0,RENT,52000.0,52000.0,Not Verified,2018-11-01,2018,11,2018-11,Current,0,0,debt_consolidation,FL,7.71999979019165,1,<10,$30k-60k,17.336071184120467,Low Risk,665.0,669.0,0,0,2,0,8643.0,51.099998474121094,7,1099.489990234375,916.2899780273438,183.1999969482422,0.0,Individual,0,0
17924551,12000.0,12000.0,36.0,12.489999771118164,401.3900146484375,B,B5,3.0,MORTGAGE,45000.0,45000.0,Verified,2014-06-01,2014,6,2014-06,Fully Paid,1,0,credit_card,GA,14.109999656677246,1,10-20,$30k-60k,13.32785763175907,Low Risk,700.0,704.0,1,0,10,0,4109.0,17.600000381469727,30,14449.8642578125,12000.0,2449.860107421875,0.0,Individual,4,0
44025437,8675.0,8675.0,36.0,14.649999618530273,299.239990234375,C,C5,10.0,OWN,120000.0,120000.0,Not Verified,2015-04-01,2015,4,2015-04,Fully Paid,1,0,house,MI,16.81999969482422,1,10-20,$120k+,15.162217659137577,Medium Risk,700.0,704.0,0,0,11,0,9707.0,53.599998474121094,19,10765.4453125,8675.0,2090.43994140625,0.0,Individual,0,0
115088736,12000.0,12000.0,60.0,13.59000015258789,276.67999267578125,C,C2,,OWN,20000.0,20000.0,Not Verified,2017-08-01,2017,8,2017-08,Current,0,0,debt_consolidation,PA,1.5,1,<10,<$30k,14.08624229979466,Medium Risk,780.0,784.0,0,2,1,0,38.0,0.30000001192092896,3,5238.7998046875,2962.489990234375,2276.31005859375,0.0,Joint App,0,0
142953308,20000.0,20000.0,60.0,12.729999542236328,452.30999755859375,B,B5,0.0,MORTGAGE,120000.0,120000.0,Not Verified,2018-11-01,2018,11,2018-11,Current,0,0,home_improvement,CO,31.420000076293945,1,30-40,$120k+,12.999315537303216,Low Risk,720.0,724.0,0,3,12,0,35786.0,58.70000076293945,38,1780.949951171875,975.969970703125,804.97998046875,0.0,Joint App,2,0
121285862,15000.0,15000.0,36.0,13.59000015258789,509.69000244140625,C,C2,0.0,MORTGAGE,80000.0,80000.0,Not Verified,2017-10-01,2017,10,2017-10,Current,0,0,debt_consolidation,MD,9.800000190734863,1,<10,$60k-90k,12.83230663928816,Medium Risk,670.0,674.0,0,0,5,0,608.0,60.79999923706055,14,8653.41015625,6331.080078125,2322.330078125,0.0,Joint App,2,0
126750539,12000.0,12000.0,36.0,5.320000171661377,361.3800048828125,A,A1,6.0,MORTGAGE,150000.0,150000.0,Not Verified,2018-01-01,2018,1,2018-01,Current,0,0,credit_card,TX,5.920000076293945,1,<10,$120k+,21.916495550992472,Low Risk,790.0,794.0,0,0,19,0,20600.0,13.800000190734863,28,5055.77001953125,4441.080078125,614.6900024414062,0.0,Individual,2,0
122247117,8000.0,8000.0,36.0,9.4399995803833,256.0400085449219,B,B1,7.0,RENT,78000.0,78000.0,Not Verified,2017-10-01,2017,10,2017-10,Current,0,0,debt_consolidation,FL,35.47999954223633,1,30-40,$60k-90k,38.587268993839835,Low Risk,710.0,714.0,0,0,9,0,23691.0,94.80000305175781,22,4092.43994140625,3278.8701171875,813.5700073242188,0.0,Individual,0,0
60791250,4000.0,4000.0,36.0,9.989999771118164,129.0500030517578,B,B3,4.0,MORTGAGE,40000.0,40000.0,Not Verified,2015-09-01,2015,9,2015-09,Fully Paid,1,0,home_improvement,AR,18.540000915527344,1,10-20,$30k-60k,14.168377823408624,Low Risk,700.0,704.0,0,1,8,0,6416.0,79.19999694824219,16,4643.57861328125,4000.0,643.5800170898438,0.0,Individual,0,0
60822113,10000.0,10000.0,36.0,8.180000305175781,314.20001220703125,B,B1,0.0,RENT,55000.0,55000.0,Source Verified,2015-09-01,2015,9,2015-09,Fully Paid,1,0,credit_card,PA,17.739999771118164,1,10-20,$30k-60k,10.08350444900753,Low Risk,665.0,669.0,1,0,4,0,4280.0,91.0999984741211,14,11057.4091796875,10000.0,1057.4100341796875,0.0,Individual,0,0
119129372,2000.0,2000.0,36.0,12.619999885559082,67.02999877929688,C,C1,2.0,RENT,14400.0,14400.0,Source Verified,2017-09-01,2017,9,2017-09,Current,0,0,other,KY,30.020000457763672,1,30-40,<$30k,3.4195756331279945,Medium Risk,720.0,724.0,0,1,6,0,676.0,22.5,8,1270.77001953125,986.5800170898438,284.19000244140625,0.0,Individual,0,0
119981609,9500.0,9500.0,36.0,7.349999904632568,294.8599853515625,A,A4,,MORTGAGE,47000.0,47000.0,Not Verified,2017-11-01,2017,11,2017-11,Fully Paid,1,0,debt_consolidation,NC,22.059999465942383,1,20-30,$30k-60k,31.83299110198494,Low Risk,720.0,724.0,0,0,12,0,6290.0,27.600000381469727,36,10130.3486328125,9500.0,630.3499755859375,0.0,Individual,5,0
131507483,35000.0,35000.0,60.0,12.609999656677246,789.3900146484375,C,C1,10.0,MORTGAGE,105000.0,105000.0,Source Verified,2018-04-01,2018,4,2018-04,Charged Off,1,1,home_improvement,MD,3.259999990463257,1,<10,$90k-120k,24.413415468856947,Medium Risk,685.0,689.0,0,0,14,0,5105.0,23.899999618530273,35,4711.81982421875,2596.97998046875,2114.840087890625,0.0,Individual,3,0
2383503,9900.0,9900.0,36.0,13.109999656677246,334.1000061035156,B,B4,6.0,MORTGAGE,65000.0,65000.0,Not Verified,2012-12-01,2012,12,2012-12,Fully Paid,1,0,debt_consolidation,CA,9.1899995803833,1,<10,$60k-90k,8.24914442162902,Low Risk,670.0,674.0,0,0,6,0,8057.0,57.5,8,11446.2314453125,9900.0,1546.22998046875,0.0,Individual,2,0
51869136,6000.0,6000.0,36.0,9.170000076293945,191.27999877929688,B,B2,2.0,MORTGAGE,114500.0,114500.0,Not Verified,2015-06-01,2015,6,2015-06,Fully Paid,1,0,home_improvement,TX,13.520000457763672,1,10-20,$90k-120k,11.748117727583846,Low Risk,660.0,664.0,1,0,8,0,2897.0,72.4000015258789,44,6881.30224609375,6000.0,881.2999877929688,0.0,Individual,1,0
111472309,16800.0,16800.0,60.0,7.96999979019165,340.4100036621094,A,A5,2.0,MORTGAGE,98000.0,98000.0,Not Verified,2017-06-01,2017,6,2017-06,Current,0,0,credit_card,MO,8.300000190734863,1,<10,$90k-120k,18.49965776865161,Low Risk,725.0,729.0,0,1,11,0,14530.0,49.599998474121094,30,7133.72998046875,5138.43017578125,1995.300048828125,0.0,Individual,2,0
43906070,27000.0,27000.0,36.0,13.989999771118164,922.6699829101562,C,C4,6.0,MORTGAGE,85000.0,85000.0,Source Verified,2015-04-01,2015,4,2015-04,Fully Paid,1,0,home_improvement,CA,26.34000015258789,1,20-30,$60k-90k,13.749486652977414,Medium Risk,735.0,739.0,0,1,15,0,19449.0,44.20000076293945,28,31417.240234375,27000.0,4417.240234375,0.0,Individual,2,0
131986276,37850.0,37850.0,36.0,7.340000152587891,1174.5999755859375,A,A4,1.0,MORTGAGE,69900.0,69900.0,Verified,2018-04-01,2018,4,2018-04,Current,0,0,debt_consolidation,IL,45.43000030517578,1,40+,$60k-90k,12.580424366872005,Low Risk,705.0,709.0,0,2,17,1,25422.0,50.79999923706055,35,12905.169921875,10697.08984375,2208.080078125,0.0,Joint App,3,1
117280452,5000.0,5000.0,36.0,11.989999771118164,166.0500030517578,B,B5,10.0,OWN,70000.0,70000.0,Not Verified,2017-09-01,2017,9,2017-09,Current,0,0,home_improvement,NY,34.099998474121094,1,30-40,$60k-90k,17.83436002737851,Low Risk,710.0,714.0,0,0,13,0,27179.0,89.4000015258789,21,2982.239990234375,2276.93994140625,705.2999877929688,0.0,Individual,1,0
24665718,12000.0,12000.0,36.0,6.03000020980835,365.2300109863281,A,A1,10.0,MORTGAGE,50000.0,50000.0,Not Verified,2014-08-01,2014,8,2014-08,Fully Paid,1,0,credit_card,OH,11.09000015258789,1,10-20,$30k-60k,21.084188911704313,Low Risk,775.0,779.0,0,0,7,0,4469.0,45.599998474121094,26,13148.1376953125,12000.0,1148.1400146484375,0.0,Individual,2,0
129963210,11000.0,11000.0,36.0,9.430000305175781,352.010009765625,B,B1,2.0,OWN,28000.0,28000.0,Verified,2018-03-01,2018,3,2018-03,Current,0,0,debt_consolidation,AR,24.09000015258789,1,20-30,<$30k,14.915811088295689,Low Risk,705.0,709.0,0,0,4,1,5981.0,58.599998474121094,9,4224.1298828125,3328.239990234375,895.8900146484375,0.0,Individual,0,1
6716863,12000.0,12000.0,36.0,13.680000305175781,408.2699890136719,C,C1,6.0,RENT,150000.0,150000.0,Not Verified,2013-08-01,2013,8,2013-08,Charged Off,1,1,debt_consolidation,NJ,17.760000228881836,1,10-20,$120k+,13.49760438056126,Medium Risk,720.0,724.0,0,0,19,0,9411.0,49.0,31,10266.9501953125,7092.52978515625,2297.02001953125,877.4000244140625,Individual,0,0
84850364,4000.0,4000.0,36.0,6.989999771118164,123.5,A,A2,10.0,MORTGAGE,60000.0,60000.0,Not Verified,2016-07-01,2016,7,2016-07,Fully Paid,1,0,home_improvement,AZ,15.920000076293945,1,10-20,$60k-90k,15.000684462696784,Low Risk,710.0,714.0,0,1,4,0,4044.0,36.79999923706055,11,4117.69287109375,4000.0,117.69000244140625,0.0,Individual,1,0
39589826,5000.0,5000.0,36.0,10.489999771118164,162.49000549316406,B,B3,10.0,MORTGAGE,55000.0,55000.0,Not Verified,2015-01-01,2015,1,2015-01,Fully Paid,1,0,credit_card,FL,7.21999979019165,1,<10,$30k-60k,4.7529089664613275,Low Risk,665.0,669.0,0,0,7,1,6001.0,52.599998474121094,9,5846.6728515625,5000.0,846.6699829101562,0.0,Individual,1,0
109440007,10250.0,10250.0,36.0,9.930000305175781,330.4100036621094,B,B2,10.0,RENT,80000.0,80000.0,Source Verified,2017-05-01,2017,5,2017-05,Fully Paid,1,0,debt_consolidation,OH,12.960000038146973,1,10-20,$60k-90k,21.415468856947296,Low Risk,680.0,684.0,2,1,5,0,7494.0,70.69999694824219,17,11332.8330078125,10250.0,1082.8299560546875,0.0,Individual,2,0
142330133,20000.0,20000.0,36.0,7.210000038146973,619.469970703125,A,A3,,MORTGAGE,55000.0,55000.0,Not Verified,2018-10-01,2018,10,2018-10,Current,0,0,debt_consolidation,NC,25.18000030517578,1,20-30,$30k-60k,29.418206707734427,Low Risk,750.0,754.0,0,0,20,0,4941.0,6.699999809265137,36,3089.340087890625,2526.699951171875,562.6400146484375,0.0,Individual,5,0
136412630,4000.0,4000.0,36.0,8.460000038146973,126.19999694824219,A,A5,2.0,RENT,40000.0,40000.0,Not Verified,2018-07-01,2018,7,2018-07,Fully Paid,1,0,credit_card,NY,16.530000686645508,1,10-20,$30k-60k,12.0,Low Risk,730.0,734.0,0,0,14,0,6891.0,14.899999618530273,19,4105.01416015625,4000.0,105.01000213623047,0.0,Individual,0,0
65776063,12650.0,12650.0,60.0,9.170000076293945,263.6400146484375,B,B2,1.0,MORTGAGE,73000.0,73000.0,Not Verified,2015-11-01,2015,11,2015-11,Fully Paid,1,0,credit_card,AZ,14.069999694824219,1,10-20,$60k-90k,21.336071184120467,Low Risk,710.0,714.0,0,0,12,0,8892.0,37.400001525878906,26,14741.7685546875,12650.0,2091.77001953125,0.0,Individual,1,0
11357265,12000.0,12000.0,60.0,16.989999771118164,298.1700134277344,D,D1,7.0,OWN,28080.0,28080.0,Verified,2014-02-01,2014,2,2014-02,Fully Paid,1,0,debt_consolidation,MO,24.889999389648438,1,20-30,<$30k,15.671457905544148,Medium Risk,685.0,689.0,0,1,11,2,9201.0,44.900001525878906,22,14236.740234375,12000.0,2236.739990234375,0.0,Individual,0,2
125828464,15000.0,15000.0,60.0,25.81999969482422,447.510009765625,E,E4,2.0,MORTGAGE,40000.0,40000.0,Verified,2017-12-01,2017,12,2017-12,Current,0,0,debt_consolidation,VA,14.619999885559082,1,10-20,$30k-60k,13.752224503764545,High Risk,660.0,664.0,1,0,7,0,3396.0,49.900001525878906,27,6691.1298828125,2181.320068359375,4509.81005859375,0.0,Individual,2,0
70976381,12400.0,12400.0,36.0,11.989999771118164,411.79998779296875,C,C1,10.0,MORTGAGE,55000.0,55000.0,Not Verified,2016-02-01,2016,2,2016-02,Fully Paid,1,0,debt_consolidation,NY,14.270000457763672,1,10-20,$30k-60k,5.418206707734429,Medium Risk,705.0,709.0,0,0,10,0,9118.0,37.79999923706055,12,14856.8037109375,12400.0,2456.800048828125,0.0,Individual,1,0
126284599,18000.0,18000.0,36.0,6.079999923706055,548.25,A,A2,,OWN,44100.0,44100.0,Source Verified,2018-01-01,2018,1,2018-01,Current,0,0,debt_consolidation,NY,10.6899995803833,1,10-20,$30k-60k,45.67008898015058,Low Risk,775.0,779.0,0,1,16,0,12459.0,21.600000381469727,20,7669.419921875,6613.759765625,1055.6600341796875,0.0,Individual,2,0
75153822,5000.0,5000.0,36.0,9.75,160.75,B,B3,10.0,MORTGAGE,38000.0,38000.0,Source Verified,2016-03-01,2016,3,2016-03,Fully Paid,1,0,credit_card,CO,30.010000228881836,1,30-40,$30k-60k,30.666666666666668,Low Risk,665.0,669.0,0,0,11,1,10674.0,48.099998474121094,27,5018.9599609375,5000.0,18.959999084472656,0.0,Individual,4,1
96843960,4800.0,4800.0,36.0,12.739999771118164,161.13999938964844,C,C1,2.0,RENT,34000.0,34000.0,Verified,2017-01-01,2017,1,2017-01,Fully Paid,1,0,debt_consolidation,WA,27.690000534057617,1,20-30,$30k-60k,7.838466803559206,Medium Risk,705.0,709.0,0,0,14,0,8436.0,35.70000076293945,23,5701.880859375,4800.0,901.8800048828125,0.0,Individual,0,0
129828890,18000.0,18000.0,36.0,6.710000038146973,553.4099731445312,A,A3,2.0,MORTGAGE,120000.0,120000.0,Source Verified,2018-03-01,2018,3,2018-03,Fully Paid,1,0,debt_consolidation,MO,5.150000095367432,1,<10,$120k+,16.32854209445585,Low Risk,730.0,734.0,1,1,9,1,3914.0,6.199999809265137,20,19001.986328125,18000.0,1001.989990234375,0.0,Individual,0,1
130147133,28000.0,28000.0,60.0,20.389999389648438,747.9199829101562,D,D4,3.0,MORTGAGE,80000.0,80000.0,Source Verified,2018-03-01,2018,3,2018-03,Current,0,0,debt_consolidation,SC,28.299999237060547,1,20-30,$60k-90k,13.245722108145106,Medium Risk,690.0,694.0,0,0,14,0,81607.0,54.70000076293945,27,8911.599609375,3589.010009765625,5322.58984375,0.0,Individual,4,0
84264397,7675.0,7675.0,36.0,14.489999771118164,264.1499938964844,C,C4,1.0,MORTGAGE,120000.0,120000.0,Verified,2016-07-01,2016,7,2016-07,Fully Paid,1,0,debt_consolidation,LA,16.1299991607666,1,10-20,$120k+,13.49760438056126,Medium Risk,665.0,669.0,2,0,9,1,6713.0,55.0,21,8541.1865234375,7675.0,866.1900024414062,0.0,Individual,6,1
144554792,20000.0,20000.0,36.0,11.3100004196167,657.719970703125,B,B3,3.0,MORTGAGE,75000.0,75000.0,Source Verified,2018-12-01,2018,12,2018-12,Current,0,0,debt_consolidation,FL,7.5,1,<10,$60k-90k,6.33264887063655,Low Risk,720.0,724.0,0,0,6,0,11533.0,45.099998474121094,8,2036.0,1420.969970703125,615.030029296875,0.0,Joint App,1,0
27511993,20000.0,20000.0,60.0,14.489999771118164,470.4700012207031,C,C4,,MORTGAGE,77000.0,77000.0,Verified,2014-09-01,2014,9,2014-09,Fully Paid,1,0,home_improvement,MD,14.680000305175781,1,10-20,$60k-90k,19.252566735112936,Medium Risk,690.0,694.0,0,1,13,0,31871.0,58.29999923706055,28,26395.451171875,20000.0,6395.4501953125,0.0,Individual,0,0
1414643,4100.0,4100.0,36.0,7.900000095367432,128.3000030517578,A,A4,,RENT,50000.0,50000.0,Verified,2012-07-01,2012,7,2012-07,Fully Paid,1,0,debt_consolidation,CA,18.6200008392334,1,10-20,$30k-60k,11.000684462696784,Low Risk,785.0,789.0,0,1,4,0,0.0,0.0,17,4277.52001953125,4100.0,177.52000427246094,0.0,Individual,0,0
76183401,26400.0,26400.0,60.0,9.75,557.6900024414062,B,B3,6.0,MORTGAGE,95000.0,95000.0,Not Verified,2016-05-01,2016,5,2016-05,Fully Paid,1,0,credit_card,CO,23.270000457763672,1,20-30,$90k-120k,13.664613278576317,Low Risk,725.0,729.0,0,0,15,0,25869.0,46.400001525878906,37,29679.94140625,26400.0,3279.93994140625,0.0,Individual,3,0
96795923,33675.0,33675.0,36.0,12.739999771118164,1130.43994140625,C,C1,10.0,MORTGAGE,100000.0,100000.0,Source Verified,2017-01-01,2017,1,2017-01,Fully Paid,1,0,debt_consolidation,PA,26.420000076293945,1,20-30,$90k-120k,12.0,Medium Risk,705.0,709.0,0,1,13,0,13939.0,58.79999923706055,24,38208.796875,33675.0,4533.7998046875,0.0,Individual,1,0
1064051,26800.0,26800.0,36.0,19.030000686645508,982.7899780273438,E,E2,10.0,MORTGAGE,82000.0,82000.0,Source Verified,2011-12-01,2011,12,2011-12,Fully Paid,1,0,credit_card,CA,21.59000015258789,1,20-30,$60k-90k,30.913073237508556,High Risk,710.0,714.0,0,1,12,0,26919.0,98.0,31,31286.009765625,26800.0,4486.009765625,0.0,Individual,-1,0
69982013,11200.0,11200.0,36.0,11.479999542236328,369.2300109863281,B,B5,7.0,OWN,46000.0,46000.0,Source Verified,2016-01-01,2016,1,2016-01,Fully Paid,1,0,debt_consolidation,FL,29.979999542236328,1,20-30,$30k-60k,18.836413415468858,Low Risk,690.0,694.0,0,0,17,0,19015.0,52.400001525878906,32,11972.580078125,11200.0,772.5800170898438,0.0,Individual,2,0
141966568,19100.0,19100.0,36.0,16.139999389648438,672.8300170898438,C,C4,1.0,MORTGAGE,92000.0,92000.0,Not Verified,2018-10-01,2018,10,2018-10,Current,0,0,debt_consolidation,ND,29.81999969482422,1,20-30,$90k-120k,11.832991101984941,Medium Risk,690.0,694.0,0,0,14,0,24030.0,57.5,18,3389.840087890625,2135.989990234375,1253.8499755859375,0.0,Individual,2,0
88533941,15000.0,15000.0,36.0,10.489999771118164,487.4700012207031,B,B3,1.0,RENT,80000.0,80000.0,Verified,2016-09-01,2016,9,2016-09,Fully Paid,1,0,debt_consolidation,NY,23.18000030517578,1,20-30,$60k-90k,19.000684462696782,Low Risk,685.0,689.0,0,0,12,0,30860.0,83.0,25,16902.03125,15000.0,1902.030029296875,0.0,Individual,0,0
88221530,17925.0,17925.0,60.0,17.989999771118164,455.0799865722656,D,D2,,MORTGAGE,56000.0,56000.0,Not Verified,2016-08-01,2016,8,2016-08,Charged Off,1,1,debt_consolidation,AL,25.18000030517578,1,20-30,$30k-60k,26.086242299794662,Medium Risk,680.0,684.0,1,0,11,6,9836.0,70.80000305175781,23,8891.5595703125,3108.60009765625,3681.77001953125,2101.18994140625,Individual,2,0
126468074,35000.0,35000.0,36.0,5.320000171661377,1054.02001953125,A,A1,9.0,MORTGAGE,133000.0,133000.0,Not Verified,2018-01-01,2018,1,2018-01,Current,0,0,credit_card,MA,15.210000038146973,1,10-20,$120k+,17.67008898015058,Low Risk,760.0,764.0,0,0,13,0,34797.0,43.0,34,14782.150390625,12953.08984375,1829.06005859375,0.0,Individual,4,0
143315646,20000.0,20000.0,60.0,13.5600004196167,460.82000732421875,C,C1,3.0,MORTGAGE,60000.0,60000.0,Source Verified,2018-11-01,2018,11,2018-11,Current,0,0,debt_consolidation,LA,13.149999618530273,1,10-20,$60k-90k,20.670773442847366,Medium Risk,675.0,679.0,0,0,5,0,11723.0,72.4000015258789,10,1805.6099853515625,955.3200073242188,850.2899780273438,0.0,Individual,1,0
67246781,2400.0,2400.0,36.0,13.180000305175781,81.08000183105469,C,C3,8.0,MORTGAGE,59000.0,59000.0,Source Verified,2015-12-01,2015,12,2015-12,Fully Paid,1,0,other,CT,30.350000381469727,1,30-40,$30k-60k,19.16495550992471,Medium Risk,725.0,729.0,0,0,9,0,5876.0,90.4000015258789,23,2923.38916015625,2400.0,523.3900146484375,0.0,Individual,1,0
66055409,24000.0,24000.0,36.0,10.640000343322754,781.6500244140625,B,B4,2.0,RENT,125000.0,125000.0,Verified,2015-12-01,2015,12,2015-12,Fully Paid,1,0,credit_card,CA,14.100000381469727,1,10-20,$120k+,9.752224503764545,Low Risk,700.0,704.0,0,1,12,0,25295.0,44.20000076293945,22,25489.080078125,24000.0,1489.0799560546875,0.0,Individual,0,0
91162413,32000.0,32000.0,36.0,12.789999961853027,1074.97998046875,C,C1,7.0,MORTGAGE,130000.0,130000.0,Source Verified,2016-10-01,2016,10,2016-10,Fully Paid,1,0,home_improvement,FL,24.540000915527344,1,20-30,$120k+,19.748117727583846,Medium Risk,660.0,664.0,1,2,33,0,18032.0,32.29999923706055,43,37945.15625,32000.0,5945.16015625,0.0,Individual,2,0
80760398,13000.0,13000.0,36.0,14.460000038146973,447.2200012207031,C,C4,,OWN,56500.0,56500.0,Source Verified,2016-06-01,2016,6,2016-06,Current,0,0,other,NJ,15.699999809265137,1,10-20,$30k-60k,27.252566735112936,Medium Risk,660.0,664.0,0,1,15,0,15212.0,44.900001525878906,26,14747.8203125,11690.0703125,3057.75,0.0,Individual,0,0
83932895,12000.0,12000.0,36.0,6.989999771118164,370.4800109863281,A,A2,3.0,RENT,60000.0,60000.0,Source Verified,2016-07-01,2016,7,2016-07,Fully Paid,1,0,credit_card,MT,4.260000228881836,1,<10,$60k-90k,10.496919917864476,Low Risk,710.0,714.0,0,0,4,0,5844.0,26.600000381469727,11,12741.8564453125,12000.0,741.8599853515625,0.0,Individual,0,0
58602818,5600.0,5600.0,36.0,12.289999961853027,186.77999877929688,C,C1,0.0,RENT,24336.0,24336.0,Source Verified,2015-09-01,2015,9,2015-09,Fully Paid,1,0,credit_card,CT,29.59000015258789,1,20-30,<$30k,4.084873374401095,Medium Risk,715.0,719.0,0,0,13,0,7014.0,43.0,13,6720.119140625,5600.0,1120.1199951171875,0.0,Individual,0,0
73558652,15950.0,15950.0,36.0,19.989999771118164,592.6799926757812,E,E1,10.0,RENT,38000.0,38000.0,Source Verified,2016-03-01,2016,3,2016-03,Fully Paid,1,0,debt_consolidation,NY,14.3100004196167,1,10-20,$30k-60k,16.164271047227928,High Risk,680.0,684.0,0,0,13,1,15198.0,61.5,28,18761.451171875,15950.0,2811.449951171875,0.0,Individual,0,0
61530338,7800.0,7800.0,36.0,16.989999771118164,278.05999755859375,D,D3,0.0,RENT,23000.0,23000.0,Not Verified,2015-10-01,2015,10,2015-10,Fully Paid,1,0,debt_consolidation,OH,29.489999771118164,1,20-30,<$30k,15.080082135523615,Medium Risk,695.0,699.0,0,0,16,0,11812.0,79.80000305175781,31,9980.22265625,7800.0,2180.219970703125,0.0,Individual,0,0
133906736,40000.0,40000.0,60.0,10.069999694824219,851.27001953125,B,B2,0.0,RENT,50000.0,50000.0,Verified,2018-05-01,2018,5,2018-05,Current,0,0,major_purchase,TX,17.59000015258789,1,10-20,$30k-60k,5.746748802190281,Low Risk,750.0,754.0,0,0,13,0,600.0,5.699999809265137,14,8456.759765625,5355.16015625,3101.60009765625,0.0,Joint App,0,0
1219482,17625.0,17625.0,36.0,9.760000228881836,566.72998046875,B,B1,8.0,RENT,36000.0,36000.0,Not Verified,2012-04-01,2012,4,2012-04,Charged Off,1,1,other,RI,4.099999904632568,1,<10,$30k-60k,16.501026694045173,Low Risk,755.0,759.0,1,5,6,0,8866.0,20.600000381469727,8,13003.169921875,9646.7998046875,2247.179931640625,1109.18994140625,Individual,0,0
25367937,10000.0,10000.0,36.0,10.149999618530273,323.3800048828125,B,B2,7.0,MORTGAGE,83500.0,83500.0,Not Verified,2014-08-01,2014,8,2014-08,Fully Paid,1,0,debt_consolidation,TX,15.899999618530273,1,10-20,$60k-90k,16.580424366872005,Low Risk,675.0,679.0,2,0,14,0,10081.0,84.0,27,11640.6328125,10000.0,1640.6300048828125,0.0,Individual,1,0
77088390,10000.0,10000.0,36.0,5.320000171661377,301.1499938964844,A,A1,5.0,OWN,108000.0,108000.0,Not Verified,2016-05-01,2016,5,2016-05,Fully Paid,1,0,debt_consolidation,NC,25.020000457763672,1,20-30,$90k-120k,20.583162217659137,Low Risk,770.0,774.0,0,0,14,0,45743.0,51.599998474121094,43,10666.607421875,10000.0,666.6099853515625,0.0,Individual,2,0
30315151,6000.0,6000.0,36.0,14.489999771118164,206.5,C,C4,10.0,MORTGAGE,40000.0,40000.0,Not Verified,2014-10-01,2014,10,2014-10,Fully Paid,1,0,home_improvement,PA,15.390000343322754,1,10-20,$30k-60k,16.58590006844627,Medium Risk,660.0,664.0,1,2,4,1,6442.0,83.0,13,7153.77978515625,6000.0,1153.780029296875,0.0,Individual,2,1
118246874,11000.0,11000.0,36.0,9.4399995803833,352.05999755859375,B,B1,4.0,OWN,70000.0,70000.0,Not Verified,2017-09-01,2017,9,2017-09,Fully Paid,1,0,debt_consolidation,IN,13.989999771118164,1,10-20,$60k-90k,10.001368925393566,Low Risk,695.0,699.0,0,0,10,0,11386.0,38.0,16,12163.9609375,11000.0,1163.9599609375,0.0,Joint App,0,0
75060418,3000.0,3000.0,36.0,7.389999866485596,93.16999816894531,A,A4,6.0,MORTGAGE,35000.0,35000.0,Not Verified,2016-03-01,2016,3,2016-03,Fully Paid,1,0,home_improvement,OH,23.18000030517578,1,20-30,$30k-60k,17.66735112936345,Low Risk,665.0,669.0,0,0,7,1,7479.0,57.5,17,3333.733642578125,3000.0,333.7300109863281,0.0,Individual,1,1
96674026,12000.0,12000.0,36.0,10.489999771118164,389.9800109863281,B,B2,10.0,RENT,70000.0,70000.0,Source Verified,2017-01-01,2017,1,2017-01,Fully Paid,1,0,debt_consolidation,TX,24.600000381469727,1,20-30,$60k-90k,13.169062286105408,Low Risk,665.0,669.0,0,0,9,1,3183.0,20.799999237060547,49,12626.404296875,12000.0,626.4000244140625,0.0,Individual,2,1
56572836,30000.0,30000.0,36.0,7.889999866485596,938.5700073242188,A,A5,10.0,MORTGAGE,350000.0,350000.0,Source Verified,2015-08-01,2015,8,2015-08,Fully Paid,1,0,credit_card,CO,9.300000190734863,1,<10,$120k+,18.663928815879533,Low Risk,730.0,734.0,0,0,13,0,44264.0,77.0999984741211,35,33534.671875,30000.0,3534.669921875,0.0,Individual,7,0
111080648,10000.0,10000.0,36.0,9.4399995803833,320.04998779296875,B,B1,,OWN,36600.0,36600.0,Not Verified,2017-06-01,2017,6,2017-06,Charged Off,1,1,other,MD,16.43000030517578,1,10-20,$30k-60k,29.919233401779604,Low Risk,750.0,754.0,0,1,15,0,3858.0,7.400000095367432,28,3615.31005859375,2762.159912109375,753.1500244140625,100.0,Individual,3,0
10157712,12000.0,12000.0,36.0,8.899999618530273,381.0400085449219,A,A5,3.0,MORTGAGE,120000.0,120000.0,Source Verified,2013-12-01,2013,12,2013-12,Fully Paid,1,0,debt_consolidation,IL,11.229999542236328,1,10-20,$120k+,18.6694045174538,Low Risk,675.0,679.0,0,0,12,0,18171.0,94.19999694824219,32,13717.3798828125,12000.0,1717.3800048828125,0.0,Individual,5,0
121857404,5000.0,5000.0,36.0,10.420000076293945,162.3300018310547,B,B3,4.0,OWN,75000.0,75000.0,Not Verified,2017-10-01,2017,10,2017-10,Current,0,0,home_improvement,NJ,12.1899995803833,1,10-20,$60k-90k,8.83230663928816,Low Risk,660.0,664.0,1,2,10,0,5667.0,46.0,12,2753.820068359375,2168.239990234375,585.5800170898438,0.0,Individual,2,0
143708786,10000.0,10000.0,36.0,12.979999542236328,336.8500061035156,B,B5,10.0,RENT,50000.0,50000.0,Source Verified,2018-11-01,2018,11,2018-11,Current,0,0,debt_consolidation,PA,28.59000015258789,1,20-30,$30k-60k,6.165639972621492,Low Risk,670.0,674.0,0,0,11,0,24015.0,61.599998474121094,13,1329.3699951171875,929.6799926757812,399.69000244140625,0.0,Individual,0,0
66330454,18700.0,18700.0,36.0,16.989999771118164,666.6199951171875,D,D3,1.0,MORTGAGE,55000.0,55000.0,Verified,2015-12-01,2015,12,2015-12,Charged Off,1,1,debt_consolidation,NY,38.63999938964844,1,30-40,$30k-60k,19.16495550992471,Medium Risk,670.0,674.0,1,1,16,0,22504.0,40.20000076293945,37,16222.3095703125,10220.169921875,4694.5400390625,1140.949951171875,Individual,2,0
21831255,15000.0,15000.0,36.0,10.149999618530273,485.07000732421875,B,B2,7.0,RENT,46000.0,46000.0,Not Verified,2014-07-01,2014,7,2014-07,Fully Paid,1,0,debt_consolidation,NY,19.729999542236328,1,10-20,$30k-60k,12.747433264887064,Low Risk,675.0,679.0,0,0,11,0,18094.0,67.5,30,17405.298828125,15000.0,2405.300048828125,0.0,Individual,0,0
70062456,22800.0,22800.0,60.0,14.850000381469727,540.6199951171875,C,C5,8.0,RENT,170000.0,170000.0,Source Verified,2016-01-01,2016,1,2016-01,Fully Paid,1,0,debt_consolidation,OH,10.199999809265137,1,10-20,$120k+,16.670773442847366,Medium Risk,700.0,704.0,0,5,23,0,11753.0,27.899999618530273,49,23349.76953125,22800.0,549.77001953125,0.0,Individual,1,0
138271121,40000.0,40000.0,36.0,6.110000133514404,1218.8800048828125,A,A1,10.0,MORTGAGE,72800.0,72800.0,Verified,2018-08-01,2018,8,2018-08,Current,0,0,debt_consolidation,OR,12.0,1,10-20,$60k-90k,31.748117727583846,Low Risk,780.0,784.0,0,0,18,0,8977.0,7.5,27,8518.580078125,7215.97021484375,1302.6099853515625,0.0,Joint App,6,0
704999,15800.0,15800.0,60.0,10.739999771118164,341.489990234375,B,B4,10.0,MORTGAGE,84000.0,84000.0,Source Verified,2011-03-01,2011,3,2011-03,Fully Paid,1,0,home_improvement,TX,6.289999961853027,1,<10,$60k-90k,25.245722108145106,Low Risk,770.0,774.0,0,0,14,0,18738.0,17.100000381469727,32,19502.109375,15800.0,3702.110107421875,0.0,Individual,-1,0
87254237,10000.0,10000.0,60.0,14.489999771118164,235.24000549316406,C,C4,2.0,RENT,30000.0,30000.0,Verified,2016-08-01,2016,8,2016-08,Charged Off,1,1,debt_consolidation,AL,27.1200008392334,1,20-30,$30k-60k,13.49760438056126,Medium Risk,680.0,684.0,2,1,14,0,8320.0,22.700000762939453,25,3557.8701171875,1207.280029296875,1137.0699462890625,1213.52001953125,Individual,0,0
124889321,37000.0,37000.0,36.0,9.930000305175781,1192.6800537109375,B,B2,3.0,MORTGAGE,100000.0,100000.0,Source Verified,2017-12-01,2017,12,2017-12,Current,0,0,debt_consolidation,CA,11.609999656677246,1,10-20,$90k-120k,12.58590006844627,Low Risk,660.0,664.0,1,0,12,0,36838.0,45.70000076293945,27,17869.7890625,14096.16015625,3773.6298828125,0.0,Individual,0,0
43892921,10400.0,10400.0,60.0,8.180000305175781,211.77999877929688,B,B1,1.0,MORTGAGE,33500.0,33500.0,Source Verified,2015-03-01,2015,3,2015-03,Charged Off,1,1,credit_card,VT,21.25,1,20-30,$30k-60k,26.663928815879533,Low Risk,715.0,719.0,0,0,10,0,19017.0,49.70000076293945,29,5713.330078125,4160.990234375,1552.3399658203125,0.0,Individual,2,0
85743027,19950.0,19950.0,60.0,13.489999771118164,458.95001220703125,C,C2,10.0,MORTGAGE,65000.0,65000.0,Not Verified,2016-07-01,2016,7,2016-07,Current,0,0,home_improvement,OH,8.600000381469727,1,<10,$60k-90k,13.831622176591376,Medium Risk,765.0,769.0,0,0,16,0,5010.0,15.699999809265137,30,14671.4501953125,8978.1396484375,5693.31005859375,0.0,Individual,5,0
141998331,22500.0,22500.0,36.0,6.670000076293945,691.3499755859375,A,A2,0.0,OWN,72000.0,72000.0,Not Verified,2018-10-01,2018,10,2018-10,Current,0,0,major_purchase,OK,12.800000190734863,1,10-20,$60k-90k,7.915126625598905,Low Risk,765.0,769.0,0,0,6,0,3212.0,15.199999809265137,8,3448.409912109375,2863.090087890625,585.3200073242188,0.0,Individual,0,0
97082837,11200.0,11200.0,60.0,13.989999771118164,260.54998779296875,C,C3,5.0,RENT,76000.0,76000.0,Source Verified,2017-01-01,2017,1,2017-01,Current,0,0,debt_consolidation,WA,19.260000228881836,1,10-20,$60k-90k,16.58590006844627,Medium Risk,670.0,674.0,0,0,8,0,18282.0,83.5,22,6756.89013671875,3921.0400390625,2835.85009765625,0.0,Individual,3,0
36500240,10000.0,10000.0,36.0,12.989999771118164,336.8999938964844,C,C2,,RENT,36000.0,36000.0,Verified,2014-12-01,2014,12,2014-12,Fully Paid,1,0,debt_consolidation,IL,14.170000076293945,1,10-20,$30k-60k,4.58590006844627,Medium Risk,675.0,679.0,0,1,6,0,4457.0,52.400001525878906,8,11875.646484375,10000.0,1875.6500244140625,0.0,Individual,0,0
126338405,7500.0,7500.0,36.0,14.079999923706055,256.6300048828125,C,C3,0.0,RENT,36000.0,36000.0,Source Verified,2017-12-01,2017,12,2017-12,Current,0,0,credit_card,TX,21.600000381469727,1,20-30,$30k-60k,9.91649555099247,Medium Risk,665.0,669.0,0,0,6,0,0.0,0.0,22,5105.740234375,4122.35986328125,983.3800048828125,0.0,Individual,0,0
98878036,7000.0,7000.0,36.0,11.390000343322754,230.47000122070312,B,B3,10.0,MORTGAGE,70000.0,70000.0,Source Verified,2017-02-01,2017,2,2017-02,Current,0,0,home_improvement,MN,27.889999389648438,1,20-30,$60k-90k,23.170431211498972,Low Risk,670.0,674.0,0,3,14,1,16401.0,76.5999984741211,22,5757.31982421875,4603.60986328125,1153.7099609375,0.0,Individual,1,1
60526491,35000.0,35000.0,60.0,18.549999237060547,899.280029296875,E,E2,10.0,MORTGAGE,90000.0,90000.0,Verified,2015-09-01,2015,9,2015-09,Current,0,0,credit_card,AR,34.720001220703125,1,30-40,$90k-120k,13.831622176591376,High Risk,685.0,689.0,0,0,15,0,40595.0,90.19999694824219,25,37697.62109375,20964.08984375,16733.529296875,0.0,Individual,2,0
85146651,7000.0,7000.0,36.0,13.489999771118164,237.52000427246094,C,C2,8.0,RENT,32000.0,32000.0,Not Verified,2016-07-01,2016,7,2016-07,Current,0,0,debt_consolidation,NJ,19.690000534057617,1,10-20,$30k-60k,9.49760438056126,Medium Risk,705.0,709.0,0,0,4,0,5826.0,77.69999694824219,16,7595.39013671875,6076.31982421875,1519.0699462890625,0.0,Individual,0,0
884032,14400.0,14400.0,36.0,13.489999771118164,488.6000061035156,C,C1,0.0,RENT,48000.0,48000.0,Source Verified,2011-09-01,2011,9,2011-09,Fully Paid,1,0,debt_consolidation,TX,16.3799991607666,1,10-20,$30k-60k,12.0,Medium Risk,685.0,689.0,0,3,13,0,21760.0,82.0999984741211,38,17046.314453125,14400.0,2646.31005859375,0.0,Individual,-1,0
29605392,21000.0,21000.0,36.0,9.170000076293945,669.4600219726562,B,B1,8.0,MORTGAGE,121000.0,121000.0,Source Verified,2014-10-01,2014,10,2014-10,Fully Paid,1,0,credit_card,IL,20.290000915527344,1,20-30,$120k+,29.661875427789184,Low Risk,675.0,679.0,0,0,15,0,29608.0,87.30000305175781,30,24100.443359375,21000.0,3100.43994140625,0.0,Individual,3,0
142880150,4000.0,4000.0,36.0,7.840000152587891,125.05999755859375,A,A4,10.0,OWN,37000.0,37000.0,Not Verified,2018-11-01,2018,11,2018-11,Current,0,0,debt_consolidation,NE,34.66999816894531,1,30-40,$30k-60k,28.747433264887064,Low Risk,755.0,759.0,0,0,8,0,9783.0,42.20000076293945,17,496.760009765625,399.6000061035156,97.16000366210938,0.0,Individual,0,0
136261041,6000.0,6000.0,36.0,15.020000457763672,208.05999755859375,C,C3,3.0,OWN,110000.0,110000.0,Source Verified,2018-07-01,2018,7,2018-07,Fully Paid,1,0,house,AZ,18.8700008392334,1,10-20,$90k-120k,26.412046543463383,Medium Risk,715.0,719.0,0,2,25,0,22067.0,23.600000381469727,38,6155.267578125,6000.0,155.27000427246094,0.0,Individual,2,0
129995135,20000.0,20000.0,36.0,7.340000152587891,620.6599731445312,A,A4,10.0,MORTGAGE,57000.0,57000.0,Not Verified,2018-04-01,2018,4,2018-04,Current,0,0,debt_consolidation,FL,27.450000762939453,1,20-30,$30k-60k,29.749486652977414,Low Risk,680.0,684.0,0,0,9,0,29370.0,38.29999923706055,14,6819.10009765625,5652.35009765625,1166.75,0.0,Individual,0,0
122956306,8400.0,8400.0,36.0,9.4399995803833,268.8500061035156,B,B1,10.0,MORTGAGE,45000.0,45000.0,Verified,2017-11-01,2017,11,2017-11,Fully Paid,1,0,debt_consolidation,CA,16.270000457763672,1,10-20,$30k-60k,12.58590006844627,Low Risk,680.0,684.0,0,0,13,1,9183.0,37.900001525878906,32,8848.712890625,8400.0,448.7099914550781,0.0,Individual,1,1
66583829,28000.0,28000.0,60.0,9.760000228881836,591.6199951171875,B,B3,4.0,MORTGAGE,90000.0,90000.0,Not Verified,2015-12-01,2015,12,2015-12,Current,0,0,debt_consolidation,NY,26.030000686645508,1,20-30,$90k-120k,15.416837782340862,Low Risk,735.0,739.0,0,0,22,0,39159.0,46.0,38,23042.8203125,16621.7109375,6421.10986328125,0.0,Individual,2,0
111660394,7200.0,7200.0,36.0,10.90999984741211,235.4199981689453,B,B4,9.0,RENT,72000.0,72000.0,Not Verified,2017-06-01,2017,6,2017-06,Fully Paid,1,0,debt_consolidation,CO,27.5,1,20-30,$60k-90k,19.83299110198494,Low Risk,710.0,714.0,1,0,27,0,8378.0,35.400001525878906,45,7673.49658203125,7200.0,473.5,0.0,Individual,0,0
136038289,2250.0,2250.0,36.0,8.079999923706055,70.58999633789062,A,A5,5.0,RENT,37440.0,37440.0,Not Verified,2018-06-01,2018,6,2018-06,Current,0,0,debt_consolidation,CA,19.6200008392334,1,10-20,$30k-60k,4.084873374401095,Low Risk,725.0,729.0,0,0,7,0,3893.0,39.70000076293945,10,629.25,512.6099853515625,116.63999938964844,0.0,Individual,0,0
125791564,25000.0,25000.0,36.0,7.96999979019165,783.0700073242188,A,A5,10.0,RENT,32000.0,32000.0,Not Verified,2018-01-01,2018,1,2018-01,Current,0,0,debt_consolidation,FL,18.959999084472656,1,10-20,$30k-60k,7.4195756331279945,Low Risk,725.0,729.0,0,0,14,0,15283.0,23.5,16,10940.83984375,9021.41015625,1919.4300537109375,0.0,Joint App,0,0
134549469,8000.0,8000.0,36.0,6.190000057220459,244.07000732421875,A,A2,2.0,RENT,40000.0,40000.0,Source Verified,2018-06-01,2018,6,2018-06,Current,0,0,credit_card,AR,15.6899995803833,1,10-20,$30k-60k,11.329226557152635,Low Risk,705.0,709.0,0,0,13,0,6838.0,28.399999618530273,22,2206.260009765625,1863.3499755859375,342.9100036621094,0.0,Individual,1,0
40217752,12425.0,12425.0,60.0,15.59000015258789,299.4599914550781,D,D1,0.0,MORTGAGE,56000.0,56000.0,Not Verified,2015-01-01,2015,1,2015-01,Charged Off,1,1,debt_consolidation,VA,29.299999237060547,1,20-30,$30k-60k,18.083504449007528,Medium Risk,660.0,664.0,0,0,10,2,6322.0,63.900001525878906,36,10860.419921875,5642.66015625,4228.759765625,989.0,Individual,4,2
117271899,35000.0,35000.0,36.0,18.059999465942383,1266.3900146484375,D,D2,,OWN,30000.0,30000.0,Verified,2017-09-01,2017,9,2017-09,Fully Paid,1,0,debt_consolidation,LA,22.040000915527344,1,20-30,$30k-60k,22.338124572210816,Medium Risk,775.0,779.0,0,0,4,0,19617.0,38.400001525878906,15,41652.4375,35000.0,6652.43994140625,0.0,Joint App,1,0
63968127,7000.0,7000.0,36.0,9.170000076293945,223.16000366210938,B,B2,3.0,RENT,38000.0,38000.0,Source Verified,2015-11-01,2015,11,2015-11,Fully Paid,1,0,credit_card,AZ,16.239999771118164,1,10-20,$30k-60k,13.74674880219028,Low Risk,675.0,679.0,0,1,8,0,2572.0,35.20000076293945,18,7681.1318359375,7000.0,681.1300048828125,0.0,Individual,4,0
94207928,10000.0,10000.0,36.0,8.239999771118164,314.4800109863281,B,B1,,RENT,45000.0,45000.0,Verified,2016-12-01,2016,12,2016-12,Fully Paid,1,0,credit_card,CA,8.960000038146973,1,<10,$30k-60k,32.33401779603012,Low Risk,660.0,664.0,0,0,5,1,7791.0,44.5,9,10884.8984375,10000.0,884.9000244140625,0.0,Individual,1,1
51927941,3600.0,3600.0,36.0,12.6899995803833,120.7699966430664,C,C2,0.0,RENT,28788.0,28788.0,Not Verified,2015-06-01,2015,6,2015-06,Fully Paid,1,0,credit_card,MN,16.8799991607666,1,10-20,<$30k,4.167008898015058,Medium Risk,685.0,689.0,0,0,9,0,8585.0,60.5,12,4100.10009765625,3600.0,500.1000061035156,0.0,Individual,0,0
138750269,8575.0,8575.0,36.0,11.0600004196167,280.9800109863281,B,B3,0.0,MORTGAGE,26000.0,26000.0,Source Verified,2018-08-01,2018,8,2018-08,Current,0,0,credit_card,OH,27.149999618530273,1,20-30,<$30k,10.833675564681725,Low Risk,765.0,769.0,0,0,7,0,5526.0,21.600000381469727,23,1961.5899658203125,1453.3199462890625,508.2699890136719,0.0,Individual,2,0
144526300,25000.0,25000.0,60.0,19.920000076293945,661.239990234375,D,D3,6.0,MORTGAGE,91000.0,91000.0,Source Verified,2018-12-01,2018,12,2018-12,Current,0,0,credit_card,WI,38.08000183105469,1,30-40,$90k-120k,25.913757700205338,Medium Risk,660.0,664.0,0,0,19,0,22492.0,69.19999694824219,25,1956.050048828125,751.0499877929688,1205.0,0.0,Individual,1,0
124421629,12000.0,12000.0,60.0,10.420000076293945,257.4599914550781,B,B3,10.0,RENT,70000.0,70000.0,Not Verified,2017-11-01,2017,11,2017-11,Current,0,0,other,TX,25.219999313354492,1,20-30,$60k-90k,12.167008898015059,Low Risk,770.0,774.0,0,0,9,0,9966.0,25.299999237060547,20,4094.3701171875,2618.52001953125,1475.8499755859375,0.0,Individual,1,0
39650109,12000.0,12000.0,60.0,9.170000076293945,250.10000610351562,B,B2,0.0,MORTGAGE,52250.0,52250.0,Source Verified,2015-02-01,2015,2,2015-02,Current,0,0,debt_consolidation,NC,11.180000305175781,1,10-20,$30k-60k,19.085557837097877,Low Risk,705.0,709.0,0,0,7,0,8460.0,54.599998474121094,16,12239.6201171875,9371.5595703125,2868.06005859375,0.0,Individual,3,0
53584969,1800.0,1800.0,36.0,18.25,65.30999755859375,E,E1,10.0,RENT,60000.0,60000.0,Source Verified,2015-07-01,2015,7,2015-07,Charged Off,1,1,other,CA,30.420000076293945,1,30-40,$60k-90k,13.661875427789186,High Risk,665.0,669.0,0,1,13,2,17904.0,62.20000076293945,22,1730.489990234375,778.6900024414062,395.07000732421875,556.72998046875,Individual,0,2
36370354,10000.0,10000.0,36.0,8.670000076293945,316.4700012207031,B,B1,6.0,RENT,34000.0,34000.0,Source Verified,2014-12-01,2014,12,2014-12,Fully Paid,1,0,debt_consolidation,IL,7.090000152587891,1,<10,$30k-60k,13.333333333333334,Low Risk,700.0,704.0,1,0,11,0,7374.0,85.5,45,10838.353515625,10000.0,838.3499755859375,0.0,Individual,0,0
137977503,8225.0,8225.0,36.0,22.350000381469727,315.6099853515625,D,D5,10.0,RENT,35000.0,35000.0,Source Verified,2018-08-01,2018,8,2018-08,Current,0,0,debt_consolidation,OR,23.420000076293945,1,20-30,$30k-60k,24.251882272416154,Medium Risk,725.0,729.0,0,0,6,0,10379.0,96.0999984741211,8,2239.919921875,1202.47998046875,1037.43994140625,0.0,Individual,1,0
51947994,2400.0,2400.0,36.0,13.989999771118164,82.0199966430664,C,C4,0.0,MORTGAGE,50000.0,50000.0,Not Verified,2015-06-01,2015,6,2015-06,Charged Off,1,1,debt_consolidation,CA,27.440000534057617,1,20-30,$30k-60k,6.915811088295688,Medium Risk,680.0,684.0,0,0,8,0,17915.0,86.0999984741211,8,771.530029296875,391.7699890136719,180.5,199.25999450683594,Individual,0,0
21860902,16000.0,16000.0,36.0,14.489999771118164,550.6599731445312,C,C4,9.0,MORTGAGE,60000.0,60000.0,Source Verified,2014-08-01,2014,8,2014-08,Charged Off,1,1,home_improvement,IL,24.65999984741211,1,20-30,$60k-90k,14.74880219028063,Medium Risk,695.0,699.0,0,2,11,1,11193.0,76.0999984741211,17,9778.740234375,5839.7099609375,2420.18994140625,1518.8399658203125,Individual,3,1
102496320,30000.0,30000.0,36.0,8.239999771118164,943.4199829101562,B,B1,10.0,MORTGAGE,110000.0,110000.0,Not Verified,2017-03-01,2017,3,2017-03,Current,0,0,debt_consolidation,KY,32.380001068115234,1,30-40,$90k-120k,18.666666666666668,Low Risk,715.0,719.0,0,0,17,0,30904.0,44.79999923706055,28,22614.609375,19168.619140625,3445.989990234375,0.0,Individual,3,0
37710498,10800.0,10800.0,36.0,11.989999771118164,358.6700134277344,B,B5,4.0,MORTGAGE,53000.0,53000.0,Source Verified,2014-12-01,2014,12,2014-12,Fully Paid,1,0,debt_consolidation,OH,17.639999389648438,1,10-20,$30k-60k,18.080766598220396,Low Risk,670.0,674.0,1,1,20,1,8748.0,31.899999618530273,31,12027.2197265625,10800.0,1227.219970703125,0.0,Individual,1,1
120086739,3000.0,3000.0,36.0,9.4399995803833,96.0199966430664,B,B1,3.0,RENT,49000.0,49000.0,Source Verified,2017-09-01,2017,9,2017-09,Current,0,0,debt_consolidation,AZ,8.619999885559082,1,<10,$30k-60k,12.83230663928816,Low Risk,720.0,724.0,0,2,7,0,2053.0,36.0,12,1819.010009765625,1506.219970703125,312.7900085449219,0.0,Individual,0,0
109934128,14700.0,14700.0,36.0,24.850000381469727,583.3099975585938,E,E3,1.0,OWN,35000.0,35000.0,Verified,2017-05-01,2017,5,2017-05,Current,0,0,debt_consolidation,CA,30.010000228881836,1,30-40,$30k-60k,12.914442162902121,High Risk,680.0,684.0,0,1,13,0,15283.0,61.400001525878906,28,12782.080078125,7673.6201171875,5108.4599609375,0.0,Individual,0,0
27652433,5000.0,5000.0,36.0,12.989999771118164,168.4499969482422,C,C1,0.0,MORTGAGE,39000.0,39000.0,Source Verified,2014-10-01,2014,10,2014-10,Fully Paid,1,0,debt_consolidation,MO,3.690000057220459,1,<10,$30k-60k,11.000684462696784,Medium Risk,685.0,689.0,0,0,8,1,3291.0,50.599998474121094,30,5643.66015625,5000.0,643.6599731445312,0.0,Individual,0,1
62620076,15000.0,15000.0,60.0,20.989999771118164,405.7200012207031,E,E5,10.0,RENT,30000.0,30000.0,Source Verified,2015-11-01,2015,11,2015-11,Current,0,0,other,CT,10.239999771118164,1,10-20,$30k-60k,15.917864476386036,High Risk,680.0,684.0,0,1,5,0,12782.0,79.9000015258789,25,16258.1796875,8202.76953125,8055.41015625,0.0,Individual,0,0
6829807,12000.0,12000.0,36.0,13.680000305175781,408.2699890136719,C,C1,10.0,MORTGAGE,156000.0,156000.0,Source Verified,2013-09-01,2013,9,2013-09,Fully Paid,1,0,credit_card,VA,7.389999866485596,1,<10,$120k+,20.16974674880219,Medium Risk,665.0,669.0,1,3,10,0,27386.0,48.900001525878906,26,14697.6748046875,12000.0,2697.669921875,0.0,Individual,3,0
1214370,35000.0,35000.0,60.0,21.969999313354492,966.0700073242188,E,E5,10.0,MORTGAGE,136000.0,136000.0,Verified,2012-04-01,2012,4,2012-04,Fully Paid,1,0,debt_consolidation,MD,21.780000686645508,1,20-30,$120k+,27.83299110198494,High Risk,685.0,689.0,0,2,16,0,78161.0,52.20000076293945,31,57967.703125,35000.0,22967.69921875,0.0,Individual,2,0
59109498,10000.0,10000.0,36.0,8.180000305175781,314.20001220703125,B,B1,,OWN,55000.0,55000.0,Not Verified,2015-08-01,2015,8,2015-08,Fully Paid,1,0,debt_consolidation,TX,24.739999771118164,1,20-30,$30k-60k,27.496235455167692,Low Risk,690.0,694.0,0,0,14,0,12134.0,31.899999618530273,45,11200.20703125,10000.0,1200.2099609375,0.0,Individual,6,0
23924257,5200.0,5200.0,36.0,15.609999656677246,181.82000732421875,D,D1,5.0,RENT,28000.0,28000.0,Verified,2014-08-01,2014,8,2014-08,Fully Paid,1,0,debt_consolidation,CA,9.470000267028809,1,<10,<$30k,12.580424366872005,Medium Risk,680.0,684.0,0,3,8,0,5816.0,63.900001525878906,9,6408.52978515625,5200.0,1208.530029296875,0.0,Individual,0,0
135473716,15000.0,15000.0,36.0,15.020000457763672,520.1300048828125,C,C3,7.0,RENT,42000.0,42000.0,Verified,2018-07-01,2018,7,2018-07,Current,0,0,debt_consolidation,NJ,13.170000076293945,1,10-20,$30k-60k,12.167008898015059,Medium Risk,670.0,674.0,0,1,10,1,6548.0,25.899999618530273,24,10742.259765625,9433.5595703125,1308.699951171875,0.0,Individual,0,1
122970287,24000.0,24000.0,60.0,19.030000686645508,622.969970703125,D,D3,6.0,RENT,80000.0,80000.0,Verified,2017-11-01,2017,11,2017-11,Current,0,0,other,MA,30.950000762939453,1,30-40,$60k-90k,12.58590006844627,Medium Risk,670.0,674.0,0,0,15,1,9217.0,19.299999237060547,23,9953.16015625,4375.10986328125,5578.0498046875,0.0,Individual,0,1
134391044,35000.0,35000.0,36.0,11.050000190734863,1146.68994140625,B,B4,10.0,MORTGAGE,96000.0,96000.0,Source Verified,2018-06-01,2018,6,2018-06,Current,0,0,home_improvement,NJ,19.010000228881836,1,10-20,$90k-120k,12.747433264887064,Low Risk,725.0,729.0,0,1,8,0,14864.0,52.5,20,10298.7197265625,7698.830078125,2599.889892578125,0.0,Joint App,5,0
63712458,24000.0,24000.0,60.0,16.989999771118164,596.3400268554688,D,D3,10.0,MORTGAGE,70000.0,70000.0,Source Verified,2015-11-01,2015,11,2015-11,Current,0,0,debt_consolidation,NY,20.329999923706055,1,20-30,$60k-90k,21.916495550992472,Medium Risk,680.0,684.0,2,0,18,0,19461.0,40.79999923706055,31,23830.94921875,13676.7099609375,10154.240234375,0.0,Individual,3,0
97870512,5000.0,5000.0,36.0,7.989999771118164,156.66000366210938,A,A5,10.0,RENT,38000.0,38000.0,Verified,2017-02-01,2017,2,2017-02,Current,0,0,debt_consolidation,NY,13.390000343322754,1,10-20,$30k-60k,18.338124572210816,Low Risk,800.0,804.0,0,0,12,0,2737.0,12.199999809265137,22,3914.280029296875,3343.68994140625,570.5900268554688,0.0,Individual,0,0
57894735,20000.0,20000.0,60.0,17.860000610351562,506.3500061035156,D,D5,3.0,RENT,65000.0,65000.0,Verified,2015-08-01,2015,8,2015-08,Current,0,0,small_business,NJ,13.350000381469727,1,10-20,$60k-90k,21.333333333333332,Medium Risk,660.0,664.0,1,0,7,0,5656.0,84.4000015258789,14,21314.650390625,12048.669921875,9265.98046875,0.0,Individual,0,0
44056911,5000.0,5000.0,36.0,6.920000076293945,154.2100067138672,A,A4,6.0,MORTGAGE,65000.0,65000.0,Not Verified,2015-04-01,2015,4,2015-04,Fully Paid,1,0,vacation,CA,10.989999771118164,1,10-20,$60k-90k,11.331964407939767,Low Risk,695.0,699.0,0,1,10,0,8387.0,42.099998474121094,20,5390.22021484375,5000.0,390.2200012207031,0.0,Individual,3,0
84042456,16000.0,16000.0,60.0,13.989999771118164,372.2099914550781,C,C3,,MORTGAGE,70000.0,70000.0,Source Verified,2016-07-01,2016,7,2016-07,Current,0,0,credit_card,AZ,24.959999084472656,1,20-30,$60k-90k,9.084188911704311,Medium Risk,670.0,674.0,0,0,21,0,31374.0,56.400001525878906,29,10773.5400390625,6106.25,4648.68017578125,0.0,Individual,1,0
58634106,25000.0,25000.0,36.0,12.289999961853027,833.8300170898438,C,C1,7.0,RENT,82000.0,82000.0,Not Verified,2015-08-01,2015,8,2015-08,Fully Paid,1,0,credit_card,CA,26.09000015258789,1,20-30,$60k-90k,14.250513347022586,Medium Risk,715.0,719.0,0,2,15,0,24666.0,61.099998474121094,29,26709.9609375,25000.0,1709.9599609375,0.0,Individual,0,0
1215487,3100.0,3100.0,36.0,13.989999771118164,105.94000244140625,C,C1,4.0,RENT,38016.0,38016.0,Not Verified,2012-04-01,2012,4,2012-04,Fully Paid,1,0,car,CA,18.010000228881836,1,10-20,$30k-60k,7.41409993155373,Medium Risk,675.0,679.0,0,1,7,0,4713.0,62.79999923706055,8,3815.623046875,3100.0,715.6199951171875,0.0,Individual,0,0
57950450,12000.0,12000.0,36.0,19.190000534057617,441.0299987792969,E,E3,4.0,MORTGAGE,129500.0,129500.0,Verified,2015-08-01,2015,8,2015-08,Fully Paid,1,0,debt_consolidation,NC,20.31999969482422,1,20-30,$120k+,21.831622176591377,High Risk,690.0,694.0,0,1,11,0,14895.0,78.0,24,15780.103515625,12000.0,3780.10009765625,0.0,Individual,1,0
115047496,1800.0,1800.0,36.0,5.320000171661377,54.209999084472656,A,A1,10.0,MORTGAGE,115000.0,115000.0,Not Verified,2017-07-01,2017,7,2017-07,Fully Paid,1,0,other,NJ,8.970000267028809,1,<10,$90k-120k,19.000684462696782,Low Risk,725.0,729.0,1,1,9,0,3078.0,15.399999618530273,32,1879.42041015625,1800.0,79.41999816894531,0.0,Individual,4,0
144205600,5000.0,5000.0,36.0,15.020000457763672,173.3800048828125,C,C3,,MORTGAGE,53840.0,53840.0,Not Verified,2018-11-01,2018,11,2018-11,Current,0,0,house,MO,27.799999237060547,1,20-30,$30k-60k,14.335386721423683,Medium Risk,665.0,669.0,0,0,10,0,2034.0,19.399999618530273,24,689.3499755859375,451.5799865722656,237.77000427246094,0.0,Individual,2,0
126959530,32000.0,32000.0,60.0,14.079999923706055,745.9199829101562,C,C3,5.0,MORTGAGE,120000.0,120000.0,Verified,2018-01-01,2018,1,2018-01,Current,0,0,credit_card,MD,7.96999979019165,1,<10,$120k+,16.83778234086242,Medium Risk,665.0,669.0,0,0,5,0,13783.0,72.19999694824219,8,9759.5400390625,5169.9599609375,4589.580078125,0.0,Individual,3,0
46650840,12000.0,12000.0,60.0,15.609999656677246,289.3399963378906,D,D1,10.0,MORTGAGE,120000.0,120000.0,Verified,2015-04-01,2015,4,2015-04,Charged Off,1,1,debt_consolidation,AZ,23.5,1,20-30,$120k+,19.498973305954827,Medium Risk,695.0,699.0,0,0,27,0,51444.0,11.600000381469727,49,11728.7001953125,6495.490234375,4478.6201171875,754.5900268554688,Individual,4,0
64842219,12000.0,12000.0,60.0,8.180000305175781,244.36000061035156,B,B1,0.0,MORTGAGE,75000.0,75000.0,Not Verified,2015-11-01,2015,11,2015-11,Current,0,0,home_improvement,MO,15.039999961853027,1,10-20,$60k-90k,21.746748802190282,Low Risk,755.0,759.0,0,1,8,0,3723.0,16.5,15,10616.2197265625,8341.5498046875,2274.669921875,0.0,Individual,3,0
51216195,9500.0,9500.0,36.0,7.260000228881836,294.4700012207031,A,A4,10.0,RENT,75500.0,75500.0,Source Verified,2015-06-01,2015,6,2015-06,Fully Paid,1,0,debt_consolidation,CA,10.84000015258789,1,10-20,$60k-90k,11.249828884325805,Low Risk,705.0,709.0,1,0,11,0,3292.0,23.5,33,10210.3369140625,9500.0,710.3400268554688,0.0,Individual,6,0
1337573,12000.0,12000.0,36.0,12.119999885559082,399.260009765625,B,B3,9.0,MORTGAGE,83000.0,83000.0,Not Verified,2012-06-01,2012,6,2012-06,Fully Paid,1,0,debt_consolidation,PA,19.420000076293945,1,10-20,$60k-90k,10.581793292265571,Low Risk,695.0,699.0,0,0,11,0,19936.0,51.0,26,14372.6904296875,12000.0,2372.68994140625,0.0,Individual,1,0
50083534,28000.0,28000.0,36.0,12.6899995803833,939.260009765625,C,C2,7.0,MORTGAGE,80000.0,80000.0,Source Verified,2015-05-01,2015,5,2015-05,Fully Paid,1,0,debt_consolidation,FL,15.119999885559082,1,10-20,$60k-90k,16.413415468856947,Medium Risk,700.0,704.0,1,0,14,0,23135.0,48.5,30,31583.26953125,28000.0,3583.27001953125,0.0,Individual,3,0
121287866,4000.0,4000.0,36.0,10.420000076293945,129.86000061035156,B,B3,,MORTGAGE,15000.0,15000.0,Verified,2017-10-01,2017,10,2017-10,Fully Paid,1,0,credit_card,KY,4.559999942779541,1,<10,<$30k,14.25325119780972,Low Risk,720.0,724.0,0,1,5,0,1177.0,14.399999618530273,23,4315.11572265625,4000.0,315.1199951171875,0.0,Individual,2,0
45182183,15000.0,15000.0,36.0,6.920000076293945,462.6099853515625,A,A4,9.0,RENT,75000.0,75000.0,Verified,2015-04-01,2015,4,2015-04,Fully Paid,1,0,debt_consolidation,CA,19.8799991607666,1,10-20,$60k-90k,7.917864476386037,Low Risk,680.0,684.0,0,0,21,0,16819.0,42.400001525878906,31,16442.181640625,15000.0,1442.1800537109375,0.0,Individual,0,0
6626607,14000.0,14000.0,36.0,17.559999465942383,503.04998779296875,D,D1,3.0,RENT,45000.0,45000.0,Not Verified,2013-08-01,2013,8,2013-08,Fully Paid,1,0,wedding,NY,8.239999771118164,1,<10,$30k-60k,12.999315537303216,Medium Risk,705.0,709.0,0,0,5,0,15039.0,36.20000076293945,9,18109.740234375,14000.0,4109.740234375,0.0,Individual,0,0
61312900,17125.0,17125.0,36.0,7.889999866485596,535.77001953125,A,A5,10.0,MORTGAGE,98000.0,98000.0,Source Verified,2015-10-01,2015,10,2015-10,Charged Off,1,1,debt_consolidation,CO,17.81999969482422,1,10-20,$90k-120k,28.999315537303218,Low Risk,695.0,699.0,0,0,22,0,27971.0,52.29999923706055,53,8106.7001953125,5723.58984375,1226.4100341796875,1156.699951171875,Individual,5,0
76141796,8000.0,8000.0,36.0,6.96999979019165,246.91000366210938,A,A3,2.0,OWN,26000.0,26000.0,Not Verified,2016-04-01,2016,4,2016-04,Fully Paid,1,0,debt_consolidation,FL,19.06999969482422,1,10-20,<$30k,16.583162217659137,Low Risk,735.0,739.0,0,1,13,0,7572.0,30.299999237060547,20,8004.81005859375,8000.0,4.809999942779541,0.0,Individual,2,0
126166812,40000.0,40000.0,36.0,5.320000171661377,1204.5999755859375,A,A1,2.0,MORTGAGE,181250.0,181250.0,Source Verified,2018-01-01,2018,1,2018-01,Current,0,0,house,NJ,1.0,1,<10,$120k+,13.084188911704311,Low Risk,720.0,724.0,0,0,6,1,10683.0,21.5,15,17065.369140625,15022.73046875,2042.6400146484375,0.0,Individual,2,1
55988483,8000.0,8000.0,36.0,8.180000305175781,251.36000061035156,B,B1,10.0,MORTGAGE,130000.0,130000.0,Source Verified,2015-07-01,2015,7,2015-07,Fully Paid,1,0,credit_card,IL,9.199999809265137,1,<10,$120k+,15.83025325119781,Low Risk,660.0,664.0,0,0,5,1,7930.0,64.5,27,9045.1474609375,8000.0,1045.1500244140625,0.0,Individual,2,1
143122736,35000.0,35000.0,60.0,14.470000267028809,822.9500122070312,C,C2,7.0,RENT,325000.0,325000.0,Source Verified,2018-11-01,2018,11,2018-11,Current,0,0,credit_card,HI,3.680000066757202,1,<10,$120k+,14.335386721423683,Medium Risk,680.0,684.0,0,0,7,1,28837.0,85.0,8,3971.860107421875,2354.35009765625,1617.510009765625,0.0,Individual,0,1
56041371,6000.0,6000.0,36.0,5.320000171661377,180.69000244140625,A,A1,10.0,MORTGAGE,133000.0,133000.0,Not Verified,2015-08-01,2015,8,2015-08,Fully Paid,1,0,credit_card,LA,25.450000762939453,1,20-30,$120k+,16.580424366872005,Low Risk,705.0,709.0,0,0,22,0,31729.0,45.29999923706055,41,6473.8984375,6000.0,473.8999938964844,0.0,Individual,4,0
139655371,10000.0,10000.0,36.0,15.020000457763672,346.760009765625,C,C3,10.0,MORTGAGE,60000.0,60000.0,Not Verified,2018-09-01,2018,9,2018-09,Current,0,0,car,IL,12.720000267028809,1,10-20,$60k-90k,12.999315537303216,Medium Risk,720.0,724.0,2,0,9,0,2189.0,10.399999618530273,16,2072.219970703125,1371.8699951171875,700.3499755859375,0.0,Individual,3,0
74631533,28000.0,28000.0,60.0,12.989999771118164,636.9500122070312,C,C2,10.0,MORTGAGE,140000.0,140000.0,Verified,2016-04-01,2016,4,2016-04,Current,0,0,credit_card,SC,18.299999237060547,1,10-20,$120k+,10.08624229979466,Medium Risk,665.0,669.0,1,0,19,0,51565.0,67.0,26,22252.83984375,14114.830078125,8138.009765625,0.0,Individual,2,0
135686440,20000.0,20000.0,60.0,15.489999771118164,480.9599914550781,C,C4,10.0,MORTGAGE,59616.0,59616.0,Source Verified,2018-06-01,2018,6,2018-06,Current,0,0,debt_consolidation,SC,21.31999969482422,1,20-30,$30k-60k,23.085557837097877,Medium Risk,685.0,689.0,0,0,9,0,18087.0,96.19999694824219,22,4294.22021484375,2111.85009765625,2182.3701171875,0.0,Individual,4,0
143193650,20000.0,20000.0,60.0,12.729999542236328,452.30999755859375,B,B5,10.0,RENT,100000.0,100000.0,Not Verified,2018-11-01,2018,11,2018-11,Current,0,0,small_business,CT,4.739999771118164,1,<10,$90k-120k,20.917180013689254,Low Risk,695.0,699.0,1,1,5,0,634.0,10.899999618530273,23,1795.0999755859375,975.969970703125,819.1300048828125,0.0,Individual,2,0
76331638,21000.0,21000.0,36.0,16.290000915527344,741.3099975585938,D,D1,10.0,MORTGAGE,93000.0,93000.0,Source Verified,2016-04-01,2016,4,2016-04,Fully Paid,1,0,debt_consolidation,LA,31.200000762939453,1,30-40,$90k-120k,19.665982203969882,Medium Risk,670.0,674.0,1,0,12,0,64090.0,94.4000015258789,26,26239.703125,21000.0,5239.7001953125,0.0,Individual,3,0
120558948,8650.0,8650.0,36.0,20.0,321.4700012207031,D,D4,3.0,OWN,42000.0,42000.0,Not Verified,2017-10-01,2017,10,2017-10,Fully Paid,1,0,debt_consolidation,MN,30.489999771118164,1,30-40,$30k-60k,8.167008898015059,Medium Risk,705.0,709.0,0,0,8,0,5608.0,51.900001525878906,12,8934.982421875,8650.0,284.9800109863281,0.0,Individual,2,0
131184384,20000.0,20000.0,36.0,6.070000171661377,609.0800170898438,A,A2,,MORTGAGE,70000.0,70000.0,Verified,2018-04-01,2018,4,2018-04,Current,0,0,debt_consolidation,NJ,18.049999237060547,1,10-20,$60k-90k,34.666666666666664,Low Risk,810.0,814.0,0,0,10,0,0.0,0.0,24,6686.39013671875,5730.52001953125,955.8699951171875,0.0,Joint App,2,0
121764181,5000.0,5000.0,36.0,13.59000015258789,169.89999389648438,C,C2,2.0,RENT,100000.0,100000.0,Not Verified,2017-10-01,2017,10,2017-10,Current,0,0,credit_card,NY,5.340000152587891,1,<10,$90k-120k,9.664613278576317,Medium Risk,680.0,684.0,0,0,7,0,5521.0,40.900001525878906,13,2884.52001953125,2110.419921875,774.0999755859375,0.0,Individual,0,0
125968772,7800.0,7800.0,36.0,17.09000015258789,278.45001220703125,D,D1,3.0,OWN,105000.0,105000.0,Not Verified,2017-12-01,2017,12,2017-12,Current,0,0,house,TX,8.479999542236328,1,<10,$90k-120k,9.333333333333334,Medium Risk,670.0,674.0,0,2,9,0,7643.0,27.799999237060547,13,4169.33984375,2776.8701171875,1392.469970703125,0.0,Individual,0,0
131248808,5000.0,5000.0,36.0,5.309999942779541,150.55999755859375,A,A1,3.0,RENT,55000.0,55000.0,Not Verified,2018-04-01,2018,4,2018-04,Current,0,0,credit_card,OR,3.6700000762939453,1,<10,$30k-60k,12.580424366872005,Low Risk,680.0,684.0,0,0,3,0,5517.0,25.700000762939453,4,2153.2099609375,1964.72998046875,188.47999572753906,0.0,Individual,0,0
60705191,13675.0,13675.0,36.0,16.549999237060547,484.5,D,D2,1.0,RENT,38000.0,38000.0,Verified,2015-09-01,2015,9,2015-09,Fully Paid,1,0,debt_consolidation,CA,26.829999923706055,1,20-30,$30k-60k,14.74880219028063,Medium Risk,680.0,684.0,0,0,11,0,17833.0,61.70000076293945,23,16490.333984375,13675.0,2815.330078125,0.0,Individual,3,0
144391794,16500.0,16500.0,36.0,10.329999923706055,534.969970703125,B,B1,0.0,MORTGAGE,100000.0,100000.0,Source Verified,2018-12-01,2018,12,2018-12,Current,0,0,debt_consolidation,MN,20.780000686645508,1,20-30,$90k-120k,14.247775496235455,Low Risk,720.0,724.0,0,0,8,0,37298.0,75.80000305175781,13,1595.43994140625,1188.969970703125,406.4700012207031,0.0,Individual,0,0
96947703,7200.0,7200.0,36.0,8.239999771118164,226.4199981689453,B,B1,10.0,MORTGAGE,55000.0,55000.0,Source Verified,2017-01-01,2017,1,2017-01,Current,0,0,debt_consolidation,TN,19.06999969482422,1,10-20,$30k-60k,4.7529089664613275,Low Risk,675.0,679.0,0,0,6,0,11383.0,99.0,7,5874.509765625,5019.02978515625,855.47998046875,0.0,Individual,1,0
117881531,12000.0,12000.0,60.0,13.59000015258789,276.67999267578125,C,C2,5.0,MORTGAGE,90000.0,90000.0,Not Verified,2017-09-01,2017,9,2017-09,Fully Paid,1,0,credit_card,FL,10.390000343322754,1,10-20,$90k-120k,20.251882272416154,Medium Risk,740.0,744.0,0,2,12,0,16731.0,17.100000381469727,19,12915.640625,12000.0,915.6400146484375,0.0,Individual,0,0
991708,14400.0,14400.0,60.0,12.6899995803833,325.3699951171875,B,B5,7.0,MORTGAGE,88000.0,88000.0,Not Verified,2011-10-01,2011,10,2011-10,Fully Paid,1,0,debt_consolidation,TX,22.420000076293945,1,20-30,$60k-90k,13.166324435318275,Low Risk,740.0,744.0,0,1,17,0,22581.0,43.400001525878906,36,18751.669921875,14400.0,4351.669921875,0.0,Individual,-1,0
56110879,10000.0,10000.0,60.0,9.989999771118164,212.42999267578125,B,B3,10.0,MORTGAGE,104170.0,104170.0,Not Verified,2015-08-01,2015,8,2015-08,Current,0,0,debt_consolidation,CA,20.34000015258789,1,20-30,$90k-120k,27.83299110198494,Low Risk,725.0,729.0,2,0,14,0,2702.0,11.199999809265137,27,9128.9404296875,6646.16015625,2482.780029296875,0.0,Individual,3,0
119365742,3600.0,3600.0,36.0,16.020000457763672,126.61000061035156,C,C5,2.0,MORTGAGE,50000.0,50000.0,Not Verified,2017-09-01,2017,9,2017-09,Charged Off,1,1,credit_card,OK,18.530000686645508,1,10-20,$30k-60k,14.171115674195756,Medium Risk,690.0,694.0,0,0,10,0,11564.0,48.79999923706055,26,350.0199890136719,158.14999389648438,91.87000274658203,100.0,Individual,1,0
85137151,8000.0,8000.0,36.0,10.989999771118164,261.8800048828125,B,B4,2.0,RENT,36000.0,36000.0,Source Verified,2016-07-01,2016,7,2016-07,Fully Paid,1,0,debt_consolidation,WA,14.899999618530273,1,10-20,$30k-60k,3.167693360711841,Low Risk,685.0,689.0,0,0,5,0,7556.0,75.5999984741211,7,9353.263671875,8000.0,1353.260009765625,0.0,Individual,0,0
33231208,15000.0,15000.0,36.0,14.989999771118164,519.9099731445312,C,C5,8.0,MORTGAGE,50000.0,50000.0,Source Verified,2014-10-01,2014,10,2014-10,Charged Off,1,1,debt_consolidation,TX,18.43000030517578,1,10-20,$30k-60k,8.501026694045175,Medium Risk,690.0,694.0,0,1,11,0,9318.0,48.0,25,8979.51953125,4474.259765625,2259.590087890625,2245.669921875,Individual,2,0
92056014,28400.0,28400.0,60.0,15.989999771118164,690.489990234375,C,C5,10.0,RENT,68000.0,68000.0,Not Verified,2016-11-01,2016,11,2016-11,Current,0,0,debt_consolidation,NJ,23.489999771118164,1,20-30,$60k-90k,23.085557837097877,Medium Risk,780.0,784.0,0,0,21,0,14641.0,22.600000381469727,32,19308.490234375,10507.1298828125,8801.3603515625,0.0,Individual,1,0
54258970,17600.0,17600.0,36.0,7.889999866485596,550.6300048828125,A,A5,10.0,RENT,55000.0,55000.0,Not Verified,2015-07-01,2015,7,2015-07,Fully Paid,1,0,debt_consolidation,WA,14.680000305175781,1,10-20,$30k-60k,14.33264887063655,Low Risk,705.0,709.0,0,0,6,0,13265.0,42.20000076293945,18,18012.9609375,17600.0,412.9599914550781,0.0,Individual,2,0
119264887,14125.0,14125.0,36.0,30.649999618530273,604.6699829101562,F,F4,10.0,MORTGAGE,45100.0,45100.0,Not Verified,2017-09-01,2017,9,2017-09,Current,0,0,credit_card,VA,26.079999923706055,1,20-30,$30k-60k,12.084873374401095,High Risk,685.0,689.0,0,1,14,0,24323.0,55.400001525878906,20,10835.9599609375,5486.41015625,5349.5498046875,0.0,Individual,2,0
58240455,21475.0,21475.0,60.0,15.609999656677246,517.7999877929688,D,D1,10.0,MORTGAGE,85000.0,85000.0,Not Verified,2015-09-01,2015,9,2015-09,Charged Off,1,1,credit_card,NJ,32.54999923706055,1,30-40,$60k-90k,15.832991101984941,Medium Risk,695.0,699.0,0,0,23,0,47558.0,40.5,40,5075.81005859375,1478.02001953125,1610.1600341796875,1987.6300048828125,Individual,4,0
8964595,10000.0,10000.0,36.0,16.200000762939453,352.55999755859375,C,C4,10.0,MORTGAGE,72000.0,72000.0,Not Verified,2013-11-01,2013,11,2013-11,Fully Paid,1,0,debt_consolidation,GA,8.079999923706055,1,<10,$60k-90k,13.670088980150581,Medium Risk,660.0,664.0,0,2,11,0,10262.0,68.4000015258789,30,12692.0927734375,10000.0,2692.090087890625,0.0,Individual,3,0
124923128,15000.0,15000.0,36.0,9.4399995803833,480.0799865722656,B,B1,10.0,RENT,120000.0,120000.0,Not Verified,2017-11-01,2017,11,2017-11,Current,0,0,credit_card,CA,6.599999904632568,1,<10,$120k+,30.001368925393567,Low Risk,660.0,664.0,0,0,4,0,4679.0,27.5,17,7673.41015625,6147.31982421875,1526.0899658203125,0.0,Individual,0,0
134029900,11000.0,11000.0,36.0,11.050000190734863,360.3900146484375,B,B4,2.0,RENT,48400.0,48400.0,Source Verified,2018-05-01,2018,5,2018-05,Fully Paid,1,0,debt_consolidation,OR,20.360000610351562,1,20-30,$30k-60k,13.412731006160165,Low Risk,675.0,679.0,3,1,17,1,12469.0,44.70000076293945,25,11464.3505859375,11000.0,464.3500061035156,0.0,Individual,0,1
80739078,7675.0,7675.0,36.0,24.989999771118164,305.1199951171875,E,E5,10.0,MORTGAGE,49000.0,49000.0,Source Verified,2016-05-01,2016,5,2016-05,Fully Paid,1,0,debt_consolidation,NH,35.97999954223633,1,30-40,$30k-60k,27.748117727583846,High Risk,675.0,679.0,0,0,21,0,32729.0,29.799999237060547,39,7989.77978515625,7675.0,314.7799987792969,0.0,Individual,5,0
115088511,2000.0,2000.0,36.0,13.59000015258789,67.95999908447266,C,C2,8.0,RENT,63000.0,63000.0,Source Verified,2017-08-01,2017,8,2017-08,Current,0,0,other,NJ,26.8799991607666,1,20-30,$60k-90k,17.83436002737851,Medium Risk,685.0,689.0,0,0,11,0,34364.0,92.5999984741211,20,1289.72998046875,954.530029296875,335.20001220703125,0.0,Individual,0,0
72555544,7200.0,7200.0,36.0,13.670000076293945,244.92999267578125,C,C3,0.0,MORTGAGE,85000.0,85000.0,Source Verified,2016-02-01,2016,2,2016-02,Charged Off,1,1,credit_card,FL,5.150000095367432,1,<10,$60k-90k,16.83778234086242,Medium Risk,675.0,679.0,3,2,13,1,2856.0,40.20000076293945,27,3853.179931640625,2268.81005859375,909.8099975585938,674.5599975585938,Individual,4,0
40027495,15850.0,15850.0,36.0,17.860000610351562,571.9099731445312,D,D5,4.0,MORTGAGE,55000.0,55000.0,Source Verified,2015-01-01,2015,1,2015-01,Charged Off,1,1,debt_consolidation,CO,13.989999771118164,1,10-20,$30k-60k,14.751540041067761,Medium Risk,675.0,679.0,0,1,9,0,23274.0,80.30000305175781,33,5903.60986328125,2092.570068359375,1307.43994140625,2503.60009765625,Individual,1,0
93781634,5000.0,5000.0,36.0,8.239999771118164,157.24000549316406,B,B1,3.0,OWN,33000.0,33000.0,Not Verified,2016-11-01,2016,11,2016-11,Current,0,0,debt_consolidation,FL,5.75,1,<10,$30k-60k,12.83504449007529,Low Risk,665.0,669.0,0,0,6,2,5025.0,42.900001525878906,12,4246.6298828125,3631.989990234375,614.6400146484375,0.0,Individual,1,1
87195765,24000.0,24000.0,60.0,10.989999771118164,521.7000122070312,B,B4,10.0,MORTGAGE,70000.0,70000.0,Not Verified,2016-08-01,2016,8,2016-08,Current,0,0,credit_card,RI,16.75,1,10-20,$60k-90k,35.08555783709788,Low Risk,705.0,709.0,1,0,8,0,29297.0,86.19999694824219,18,16143.3896484375,10766.0703125,5377.31982421875,0.0,Individual,3,0
129615577,5000.0,5000.0,36.0,16.010000228881836,175.80999755859375,C,C5,10.0,MORTGAGE,65000.0,65000.0,Not Verified,2018-03-01,2018,3,2018-03,Current,0,0,debt_consolidation,IL,24.0,1,20-30,$60k-90k,16.246406570841888,Medium Risk,660.0,664.0,0,2,20,1,18288.0,41.5,36,2105.27001953125,1409.68994140625,695.5800170898438,0.0,Individual,3,1
104381706,17000.0,17000.0,36.0,5.320000171661377,511.9599914550781,A,A1,10.0,MORTGAGE,295000.0,295000.0,Source Verified,2017-05-01,2017,5,2017-05,Current,0,0,debt_consolidation,CA,9.739999771118164,1,<10,$120k+,27.329226557152634,Low Risk,710.0,714.0,0,0,17,0,14152.0,25.899999618530273,27,11253.0703125,10065.669921875,1187.4000244140625,0.0,Individual,3,0
6310870,24000.0,24000.0,60.0,13.350000381469727,550.3900146484375,C,C2,2.0,MORTGAGE,75000.0,75000.0,Source Verified,2014-07-01,2014,7,2014-07,Current,0,0,debt_consolidation,MN,26.3799991607666,1,20-30,$60k-90k,28.249144421629023,Medium Risk,705.0,709.0,1,0,22,0,47423.0,49.599998474121094,39,30821.83984375,21858.869140625,8962.9697265625,0.0,Individual,3,0
92991181,28000.0,28000.0,60.0,12.739999771118164,633.3699951171875,C,C1,7.0,MORTGAGE,120000.0,120000.0,Verified,2016-11-01,2016,11,2016-11,Current,0,0,debt_consolidation,IL,30.450000762939453,1,30-40,$120k+,27.16769336071184,Medium Risk,700.0,704.0,0,0,16,0,55474.0,77.0,31,17738.6796875,10892.490234375,6846.18994140625,0.0,Individual,3,0
631634,1500.0,1500.0,36.0,6.539999961853027,46.0099983215332,A,A4,5.0,MORTGAGE,75000.0,75000.0,Verified,2010-12-01,2010,12,2010-12,Fully Paid,1,0,other,GA,3.869999885559082,1,<10,$60k-90k,16.249144421629023,Low Risk,725.0,729.0,1,0,7,0,28297.0,54.29999923706055,22,1656.1226806640625,1500.0,156.1199951171875,0.0,Individual,-1,0
97866291,20000.0,20000.0,60.0,10.489999771118164,429.7799987792969,B,B2,2.0,MORTGAGE,110000.0,110000.0,Not Verified,2017-02-01,2017,2,2017-02,Current,0,0,debt_consolidation,SC,21.360000610351562,1,20-30,$90k-120k,20.922655715263517,Low Risk,710.0,714.0,0,0,15,0,42057.0,51.400001525878906,27,10732.83984375,7089.31005859375,3643.530029296875,0.0,Joint App,5,0
91416330,8000.0,8000.0,36.0,10.489999771118164,259.989990234375,B,B2,2.0,RENT,44000.0,44000.0,Source Verified,2016-10-01,2016,10,2016-10,Charged Off,1,1,debt_consolidation,TX,19.989999771118164,1,10-20,$30k-60k,7.663244353182751,Low Risk,665.0,669.0,0,0,9,0,8984.0,39.599998474121094,17,3375.2099609375,2604.570068359375,770.6400146484375,0.0,Individual,0,0
11456654,10000.0,10000.0,36.0,13.979999542236328,341.67999267578125,C,C1,9.0,MORTGAGE,45000.0,45000.0,Verified,2014-02-01,2014,2,2014-02,Fully Paid,1,0,home_improvement,NC,5.840000152587891,1,<10,$30k-60k,5.084188911704312,Medium Risk,685.0,689.0,0,0,9,1,6183.0,56.70000076293945,12,12034.2197265625,10000.0,2034.219970703125,0.0,Individual,0,0
12936905,21000.0,21000.0,36.0,8.899999618530273,666.8200073242188,A,A5,1.0,OWN,150000.0,150000.0,Source Verified,2014-03-01,2014,3,2014-03,Fully Paid,1,0,debt_consolidation,CA,12.039999961853027,1,10-20,$120k+,16.161533196440793,Low Risk,690.0,694.0,0,0,10,0,29918.0,63.79999923706055,28,23906.48046875,21000.0,2906.47998046875,0.0,Individual,4,0
142920714,28000.0,28000.0,36.0,13.5600004196167,951.010009765625,C,C1,0.0,RENT,65000.0,65000.0,Source Verified,2018-10-01,2018,10,2018-10,Current,0,0,credit_card,FL,23.540000915527344,1,20-30,$60k-90k,15.501711156741958,Medium Risk,675.0,679.0,0,1,11,0,16248.0,73.0,21,3825.139892578125,2581.800048828125,1243.3399658203125,0.0,Individual,0,0
85642804,1500.0,1500.0,36.0,13.989999771118164,51.2599983215332,C,C3,2.0,RENT,34000.0,34000.0,Verified,2016-07-01,2016,7,2016-07,Fully Paid,1,0,other,AZ,27.059999465942383,1,20-30,$30k-60k,6.830937713894593,Medium Risk,685.0,689.0,0,0,12,0,5083.0,50.29999923706055,14,1791.0120849609375,1500.0,291.010009765625,0.0,Individual,0,0
16222019,10000.0,10000.0,36.0,17.56999969482422,359.3800048828125,D,D4,0.0,MORTGAGE,79500.0,79500.0,Not Verified,2014-07-01,2014,7,2014-07,Fully Paid,1,0,debt_consolidation,NC,17.110000610351562,1,10-20,$60k-90k,15.83025325119781,Medium Risk,670.0,674.0,0,2,23,0,15575.0,39.900001525878906,42,11701.1201171875,10000.0,1701.1199951171875,0.0,Individual,1,0
78984612,3500.0,3500.0,36.0,10.75,114.18000030517578,B,B4,0.0,RENT,44000.0,44000.0,Verified,2016-05-01,2016,5,2016-05,Fully Paid,1,0,debt_consolidation,NH,21.6299991607666,1,20-30,$30k-60k,6.74880219028063,Low Risk,765.0,769.0,0,0,14,0,6471.0,20.600000381469727,20,3645.110107421875,3500.0,145.11000061035156,0.0,Individual,0,0
95310346,28000.0,28000.0,60.0,15.989999771118164,680.760009765625,C,C5,1.0,MORTGAGE,85000.0,85000.0,Source Verified,2016-12-01,2016,12,2016-12,Fully Paid,1,0,debt_consolidation,CA,5.349999904632568,1,<10,$60k-90k,3.8302532511978096,Medium Risk,760.0,764.0,0,0,9,0,3384.0,7.300000190734863,10,28984.78515625,28000.0,984.780029296875,0.0,Individual,1,0
142160779,20000.0,20000.0,60.0,15.020000457763672,476.010009765625,C,C3,4.0,OWN,110000.0,110000.0,Verified,2018-10-01,2018,10,2018-10,Current,0,0,debt_consolidation,IN,16.299999237060547,1,10-20,$90k-120k,12.66255989048597,Medium Risk,710.0,714.0,0,1,13,0,0.0,0.0,28,2346.669921875,1156.989990234375,1189.6800537109375,0.0,Individual,2,0
121289594,8000.0,8000.0,36.0,14.079999923706055,273.739990234375,C,C3,0.0,RENT,56000.0,56000.0,Verified,2017-10-01,2017,10,2017-10,Current,0,0,debt_consolidation,TX,24.260000228881836,1,20-30,$30k-60k,11.3347022587269,Medium Risk,715.0,719.0,0,0,11,0,5548.0,43.70000076293945,28,4414.259765625,3145.64990234375,1268.6099853515625,0.0,Individual,0,0
26128100,21500.0,21500.0,36.0,16.989999771118164,766.4299926757812,D,D3,1.0,MORTGAGE,55000.0,55000.0,Verified,2014-09-01,2014,9,2014-09,Fully Paid,1,0,debt_consolidation,WI,14.25,1,10-20,$30k-60k,9.664613278576317,Medium Risk,675.0,679.0,0,0,14,0,27121.0,86.9000015258789,23,27591.32421875,21500.0,6091.31982421875,0.0,Individual,1,0
93971927,5500.0,5500.0,36.0,15.989999771118164,193.33999633789062,C,C5,,RENT,30000.0,30000.0,Verified,2016-12-01,2016,12,2016-12,Fully Paid,1,0,debt_consolidation,OH,22.239999771118164,1,20-30,$30k-60k,5.002053388090349,Medium Risk,690.0,694.0,0,0,9,1,5820.0,40.400001525878906,12,6007.92626953125,5500.0,507.92999267578125,0.0,Individual,0,1
68702643,11200.0,11200.0,36.0,7.909999847412109,350.510009765625,A,A5,10.0,OWN,59000.0,59000.0,Source Verified,2016-01-01,2016,1,2016-01,Fully Paid,1,0,debt_consolidation,CA,10.579999923706055,1,10-20,$30k-60k,13.585215605749486,Low Risk,675.0,679.0,0,1,9,0,9755.0,61.400001525878906,13,12613.134765625,11200.0,1413.1400146484375,0.0,Individual,0,0
40107159,10000.0,10000.0,36.0,10.489999771118164,324.9800109863281,B,B3,10.0,MORTGAGE,111000.0,111000.0,Not Verified,2015-01-01,2015,1,2015-01,Fully Paid,1,0,credit_card,TX,16.780000686645508,1,10-20,$90k-120k,13.83709787816564,Low Risk,680.0,684.0,0,0,17,0,19151.0,58.400001525878906,22,11683.9423828125,10000.0,1683.93994140625,0.0,Individual,1,0
23483123,10000.0,10000.0,36.0,13.350000381469727,338.6300048828125,C,C2,3.0,OWN,50000.0,50000.0,Not Verified,2014-08-01,2014,8,2014-08,Fully Paid,1,0,debt_consolidation,TX,8.739999771118164,1,<10,$30k-60k,18.33264887063655,Medium Risk,695.0,699.0,0,0,12,0,9603.0,21.0,29,12147.0556640625,10000.0,2147.06005859375,0.0,Individual,1,0
63475558,20000.0,20000.0,36.0,8.180000305175781,628.3900146484375,B,B1,10.0,MORTGAGE,127000.0,127000.0,Source Verified,2015-10-01,2015,10,2015-10,Fully Paid,1,0,home_improvement,MD,6.409999847412109,1,<10,$120k+,18.661190965092402,Low Risk,670.0,674.0,2,0,6,0,6138.0,60.20000076293945,25,22600.869140625,20000.0,2600.8701171875,0.0,Individual,4,0
102637129,7500.0,7500.0,36.0,7.989999771118164,234.99000549316406,A,A5,1.0,RENT,50000.0,50000.0,Source Verified,2017-03-01,2017,3,2017-03,Fully Paid,1,0,credit_card,MO,11.619999885559082,1,10-20,$30k-60k,13.078713210130047,Low Risk,680.0,684.0,4,0,10,0,4037.0,47.5,21,8084.884765625,7500.0,584.8800048828125,0.0,Individual,2,0
29234632,17200.0,17200.0,60.0,10.989999771118164,373.8900146484375,B,B3,,MORTGAGE,45400.0,45400.0,Verified,2014-10-01,2014,10,2014-10,Fully Paid,1,0,credit_card,CA,13.270000457763672,1,10-20,$30k-60k,49.333333333333336,Low Risk,715.0,719.0,0,0,9,0,14603.0,59.099998474121094,27,20503.099609375,17200.0,3303.10009765625,0.0,Individual,2,0
5979568,20000.0,20000.0,60.0,21.149999618530273,542.760009765625,E,E2,2.0,MORTGAGE,75000.0,75000.0,Source Verified,2013-07-01,2013,7,2013-07,Fully Paid,1,0,debt_consolidation,AK,15.710000038146973,1,10-20,$60k-90k,12.914442162902121,High Risk,680.0,684.0,1,1,11,0,19009.0,91.0,29,31134.49609375,20000.0,11134.5,0.0,Individual,3,0
100589125,11525.0,11525.0,36.0,10.489999771118164,374.5400085449219,B,B2,,RENT,42000.0,42000.0,Source Verified,2017-03-01,2017,3,2017-03,Current,0,0,debt_consolidation,NY,22.829999923706055,1,20-30,$30k-60k,20.32854209445585,Low Risk,685.0,689.0,0,1,7,0,10577.0,69.0,15,9005.75,7275.9599609375,1729.7900390625,0.0,Individual,2,0
17644653,10000.0,10000.0,60.0,16.290000915527344,244.72999572753906,D,D2,10.0,RENT,72000.0,72000.0,Verified,2014-06-01,2014,6,2014-06,Current,0,0,other,GA,19.899999618530273,1,10-20,$60k-90k,12.999315537303216,Medium Risk,670.0,674.0,3,0,15,2,11951.0,57.5,24,13954.6904296875,9283.4404296875,4671.25,0.0,Individual,0,1
26098001,10000.0,10000.0,36.0,14.989999771118164,346.6099853515625,C,C5,6.0,RENT,44750.0,44750.0,Source Verified,2014-10-01,2014,10,2014-10,Fully Paid,1,0,debt_consolidation,NY,1.0399999618530273,1,<10,$30k-60k,8.58590006844627,Medium Risk,730.0,734.0,0,1,2,0,2415.0,43.900001525878906,6,12479.095703125,10000.0,2479.10009765625,0.0,Individual,0,0
6616600,4950.0,4950.0,36.0,25.280000686645508,197.5500030517578,F,F5,3.0,RENT,33000.0,33000.0,Not Verified,2013-08-01,2013,8,2013-08,Fully Paid,1,0,debt_consolidation,GA,17.530000686645508,1,10-20,$30k-60k,11.496235455167694,High Risk,705.0,709.0,0,2,9,0,5258.0,66.5999984741211,13,7067.72021484375,4950.0,2117.719970703125,0.0,Individual,0,0
73619147,22500.0,22500.0,60.0,18.989999771118164,583.5399780273438,D,D4,0.0,MORTGAGE,94837.0,94837.0,Source Verified,2016-03-01,2016,3,2016-03,Current,0,0,credit_card,TX,24.190000534057617,1,20-30,$90k-120k,11.915126625598905,Medium Risk,685.0,689.0,0,0,12,0,39719.0,90.0,25,20959.9609375,10903.0,10056.9599609375,0.0,Individual,3,0
107105938,10200.0,10200.0,36.0,8.239999771118164,320.7699890136719,B,B1,5.0,MORTGAGE,77000.0,77000.0,Not Verified,2017-05-01,2017,5,2017-05,Current,0,0,credit_card,IL,4.110000133514404,1,<10,$60k-90k,16.16700889801506,Low Risk,670.0,674.0,0,4,5,1,7460.0,38.0,7,7047.60009765625,5932.580078125,1115.02001953125,0.0,Individual,0,0
126185365,30000.0,30000.0,36.0,10.420000076293945,973.9500122070312,B,B3,1.0,RENT,85000.0,85000.0,Verified,2017-12-01,2017,12,2017-12,Fully Paid,1,0,debt_consolidation,NY,13.779999732971191,1,10-20,$60k-90k,11.83025325119781,Low Risk,725.0,729.0,0,0,16,0,9876.0,20.600000381469727,25,31220.123046875,30000.0,1220.1199951171875,0.0,Individual,0,0
125045917,15000.0,15000.0,36.0,9.4399995803833,480.0799865722656,B,B1,10.0,RENT,60000.0,60000.0,Not Verified,2017-11-01,2017,11,2017-11,Current,0,0,small_business,NY,23.780000686645508,1,20-30,$60k-90k,21.919233401779604,Low Risk,800.0,804.0,0,2,11,0,92.0,0.30000001192092896,15,7673.41015625,6147.9599609375,1525.449951171875,0.0,Joint App,0,0
132174758,4200.0,4200.0,36.0,18.450000762939453,152.7899932861328,D,D2,8.0,RENT,20000.0,20000.0,Not Verified,2018-04-01,2018,4,2018-04,Current,0,0,debt_consolidation,NY,33.06999969482422,1,30-40,<$30k,15.41409993155373,Medium Risk,690.0,694.0,0,1,11,0,16025.0,52.0,22,2302.6201171875,1818.1800537109375,484.44000244140625,0.0,Individual,0,0
3154056,10650.0,10650.0,36.0,14.09000015258789,364.4599914550781,B,B5,5.0,MORTGAGE,65000.0,65000.0,Source Verified,2013-02-01,2013,2,2013-02,Charged Off,1,1,debt_consolidation,AZ,11.079999923706055,1,10-20,$60k-90k,35.83846680355921,Low Risk,700.0,704.0,0,2,9,0,23941.0,56.599998474121094,17,1663.969970703125,724.8499755859375,365.739990234375,573.3800048828125,Individual,0,0
37840508,35000.0,35000.0,36.0,16.489999771118164,1238.97998046875,D,D3,,MORTGAGE,86000.0,86000.0,Verified,2014-12-01,2014,12,2014-12,Fully Paid,1,0,debt_consolidation,CA,31.200000762939453,1,30-40,$60k-90k,20.58590006844627,Medium Risk,680.0,684.0,0,0,12,0,25862.0,55.0,34,44510.1171875,35000.0,9510.1201171875,0.0,Individual,2,0
130950244,24000.0,24000.0,36.0,5.309999942779541,722.6500244140625,A,A1,10.0,MORTGAGE,180000.0,180000.0,Not Verified,2018-03-01,2018,3,2018-03,Current,0,0,credit_card,TX,19.15999984741211,1,10-20,$120k+,40.328542094455855,Low Risk,735.0,739.0,0,0,10,0,58022.0,63.400001525878906,21,7934.990234375,6932.990234375,1002.0,0.0,Individual,2,0
119976530,15000.0,15000.0,36.0,16.020000457763672,527.510009765625,C,C5,2.0,MORTGAGE,70000.0,70000.0,Source Verified,2017-10-01,2017,10,2017-10,Current,0,0,credit_card,NY,24.329999923706055,1,20-30,$60k-90k,8.83230663928816,Medium Risk,660.0,664.0,0,1,14,0,17426.0,56.0,18,8954.3203125,6199.169921875,2755.14990234375,0.0,Individual,1,0
3605954,15000.0,15000.0,36.0,13.109999656677246,506.2099914550781,B,B4,1.0,MORTGAGE,68000.0,68000.0,Verified,2013-03-01,2013,3,2013-03,Fully Paid,1,0,debt_consolidation,AL,19.65999984741211,1,10-20,$60k-90k,14.496919917864476,Low Risk,690.0,694.0,0,0,9,0,2896.0,43.900001525878906,30,18289.919921875,15000.0,3249.610107421875,0.0,Individual,2,0
19867432,16000.0,16000.0,60.0,14.989999771118164,380.55999755859375,C,C5,10.0,RENT,62000.0,62000.0,Verified,2014-07-01,2014,7,2014-07,Charged Off,1,1,debt_consolidation,KY,12.65999984741211,1,10-20,$60k-90k,20.16700889801506,Medium Risk,700.0,704.0,0,1,7,0,20440.0,48.599998474121094,13,4049.06005859375,926.3200073242188,976.47998046875,2146.260009765625,Individual,2,0
70763377,15500.0,15500.0,60.0,22.450000762939453,432.07000732421875,E,E5,2.0,RENT,95000.0,95000.0,Source Verified,2016-02-01,2016,2,2016-02,Charged Off,1,1,debt_consolidation,IL,8.479999542236328,1,<10,$90k-120k,35.167693360711844,High Risk,670.0,674.0,0,1,13,2,11691.0,62.900001525878906,21,11156.919921875,3007.929931640625,4778.990234375,3370.0,Individual,0,1
79002544,11000.0,11000.0,60.0,10.75,237.8000030517578,B,B4,3.0,MORTGAGE,85000.0,85000.0,Not Verified,2016-05-01,2016,5,2016-05,Charged Off,1,1,debt_consolidation,OH,22.649999618530273,1,20-30,$60k-90k,8.331279945242985,Low Risk,755.0,759.0,0,1,11,0,9307.0,24.799999237060547,31,938.0599975585938,564.5599975585938,373.5,0.0,Individual,2,0
136576373,10000.0,10000.0,36.0,22.350000381469727,383.7200012207031,D,D5,5.0,RENT,33000.0,33000.0,Verified,2018-07-01,2018,7,2018-07,Current,0,0,small_business,PA,29.489999771118164,1,20-30,$30k-60k,10.581793292265571,Medium Risk,670.0,674.0,0,0,17,0,18408.0,51.400001525878906,33,3044.929931640625,1686.6700439453125,1358.260009765625,0.0,Individual,0,0
75910603,3000.0,3000.0,36.0,17.270000457763672,107.37000274658203,D,D2,1.0,MORTGAGE,60000.0,60000.0,Source Verified,2016-03-01,2016,3,2016-03,Current,0,0,home_improvement,NC,9.020000457763672,1,<10,$60k-90k,14.247775496235455,Medium Risk,660.0,664.0,0,4,32,1,16331.0,33.400001525878906,45,3773.820068359375,2894.60009765625,879.219970703125,0.0,Individual,2,1
137865535,10000.0,10000.0,36.0,20.889999389648438,376.19000244140625,D,D4,10.0,RENT,65000.0,65000.0,Not Verified,2018-08-01,2018,8,2018-08,Current,0,0,other,NY,0.46000000834465027,1,<10,$60k-90k,16.6652977412731,Medium Risk,735.0,739.0,0,0,4,0,95.0,1.100000023841858,6,2610.1201171875,1490.81005859375,1119.31005859375,0.0,Individual,2,0
11774789,17600.0,17600.0,36.0,14.15999984741211,602.9000244140625,C,C2,5.0,RENT,40000.0,40000.0,Verified,2014-02-01,2014,2,2014-02,Charged Off,1,1,credit_card,WA,21.56999969482422,1,20-30,$30k-60k,14.08624229979466,Medium Risk,670.0,674.0,0,0,15,0,29053.0,65.5999984741211,33,12370.6396484375,7874.4501953125,2977.75,1518.43994140625,Individual,0,0
131022940,12000.0,12000.0,60.0,26.770000457763672,364.7799987792969,E,E5,10.0,MORTGAGE,60000.0,60000.0,Source Verified,2018-04-01,2018,4,2018-04,Fully Paid,1,0,debt_consolidation,MA,31.959999084472656,1,30-40,$60k-90k,15.665982203969884,High Risk,725.0,729.0,2,1,25,0,5429.0,18.100000381469727,45,13334.50390625,12000.0,1334.5,0.0,Individual,2,0
879158,3200.0,3200.0,36.0,7.510000228881836,99.55999755859375,A,A3,0.0,MORTGAGE,50000.0,50000.0,Source Verified,2011-09-01,2011,9,2011-09,Fully Paid,1,0,debt_consolidation,NJ,13.510000228881836,1,10-20,$30k-60k,10.57905544147844,Low Risk,740.0,744.0,0,1,12,0,4952.0,15.5,24,3512.5859375,3200.0,312.5899963378906,0.0,Individual,-1,0
125626015,27000.0,27000.0,36.0,11.989999771118164,896.6599731445312,B,B5,10.0,OWN,86400.0,86400.0,Verified,2017-12-01,2017,12,2017-12,Current,0,0,debt_consolidation,MN,26.010000228881836,1,20-30,$60k-90k,12.334017796030116,Low Risk,665.0,669.0,0,1,12,2,37232.0,80.0,19,13413.9296875,10090.2998046875,3323.6298828125,0.0,Individual,2,1
122227279,20000.0,20000.0,36.0,10.90999984741211,653.9299926757812,B,B4,0.0,MORTGAGE,90000.0,90000.0,Source Verified,2017-11-01,2017,11,2017-11,Current,0,0,debt_consolidation,TX,9.84000015258789,1,<10,$90k-120k,6.338124572210814,Low Risk,700.0,704.0,0,1,9,0,15991.0,40.900001525878906,15,10438.6396484375,8091.1201171875,2347.52001953125,0.0,Individual,1,0
135318639,23500.0,23500.0,60.0,6.190000057220459,456.3999938964844,A,A2,3.0,RENT,81000.0,81000.0,Not Verified,2018-06-01,2018,6,2018-06,Fully Paid,1,0,credit_card,CO,20.770000457763672,1,20-30,$60k-90k,15.58110882956879,Low Risk,760.0,764.0,0,0,14,0,20347.0,28.299999237060547,24,24343.78515625,23500.0,843.780029296875,0.0,Individual,0,0
122297297,20000.0,20000.0,36.0,9.930000305175781,644.6900024414062,B,B2,3.0,RENT,120000.0,120000.0,Not Verified,2017-11-01,2017,11,2017-11,Current,0,0,credit_card,WI,24.010000228881836,1,20-30,$120k+,43.50444900752909,Low Risk,725.0,729.0,0,3,16,1,10303.0,47.900001525878906,44,10304.009765625,8158.7900390625,2145.219970703125,0.0,Individual,8,1
121032502,25000.0,25000.0,60.0,12.619999885559082,563.97998046875,C,C1,7.0,RENT,73000.0,73000.0,Source Verified,2017-10-01,2017,10,2017-10,Current,0,0,debt_consolidation,NY,10.520000457763672,1,10-20,$60k-90k,10.08350444900753,Medium Risk,745.0,749.0,0,0,8,0,2470.0,16.5,10,9570.1298828125,5570.93994140625,3999.18994140625,0.0,Individual,0,0
117871642,2500.0,2500.0,36.0,16.020000457763672,87.91999816894531,C,C5,0.0,RENT,80000.0,80000.0,Source Verified,2017-08-01,2017,8,2017-08,Current,0,0,vacation,TN,13.050000190734863,1,10-20,$60k-90k,30.001368925393567,Medium Risk,685.0,689.0,0,2,10,0,9940.0,42.29999923706055,31,1589.1700439453125,1101.5799560546875,487.5899963378906,0.0,Individual,6,0
124857685,3000.0,3000.0,36.0,11.989999771118164,99.62999725341797,B,B5,,MORTGAGE,18000.0,18000.0,Source Verified,2017-11-01,2017,11,2017-11,Fully Paid,1,0,debt_consolidation,FL,17.0,1,10-20,<$30k,20.16700889801506,Low Risk,675.0,679.0,0,1,10,1,5473.0,44.900001525878906,17,3074.399658203125,3000.0,74.4000015258789,0.0,Individual,2,1
57388540,12800.0,12800.0,36.0,13.329999923706055,433.32000732421875,C,C3,10.0,OWN,50150.0,50150.0,Verified,2015-08-01,2015,8,2015-08,Fully Paid,1,0,medical,AZ,36.4900016784668,1,30-40,$30k-60k,29.084188911704313,Medium Risk,660.0,664.0,0,0,12,0,12294.0,71.5,40,15279.6806640625,12800.0,2479.679931640625,0.0,Individual,0,0
26870202,13475.0,13475.0,36.0,9.170000076293945,429.57000732421875,B,B1,2.0,OWN,30000.0,30000.0,Not Verified,2014-09-01,2014,9,2014-09,Fully Paid,1,0,credit_card,CA,17.479999542236328,1,10-20,$30k-60k,15.917864476386036,Low Risk,695.0,699.0,0,0,12,0,20250.0,41.099998474121094,16,15462.931640625,13475.0,1987.9300537109375,0.0,Individual,0,0
46736206,8500.0,8500.0,36.0,10.989999771118164,278.239990234375,B,B4,5.0,RENT,45800.0,45800.0,Not Verified,2015-04-01,2015,4,2015-04,Fully Paid,1,0,debt_consolidation,PA,29.770000457763672,1,20-30,$30k-60k,8.750171115674195,Low Risk,700.0,704.0,0,1,19,0,8414.0,59.29999923706055,39,9988.0400390625,8500.0,1488.0400390625,0.0,Individual,0,0
12786288,7450.0,7450.0,36.0,12.989999771118164,250.99000549316406,B,B5,4.0,MORTGAGE,85000.0,85000.0,Source Verified,2014-03-01,2014,3,2014-03,Fully Paid,1,0,debt_consolidation,IL,0.9700000286102295,1,<10,$60k-90k,27.581108829568787,Low Risk,670.0,674.0,0,0,6,0,1476.0,20.799999237060547,12,9034.4853515625,7450.0,1584.489990234375,0.0,Individual,4,0
131203407,12000.0,12000.0,60.0,12.609999656677246,270.6499938964844,C,C1,1.0,RENT,50000.0,50000.0,Not Verified,2018-04-01,2018,4,2018-04,Late (31-120 days),0,0,debt_consolidation,NY,11.829999923706055,1,10-20,$30k-60k,23.41409993155373,Medium Risk,690.0,694.0,1,0,9,0,4174.0,24.100000381469727,28,1877.739990234375,1044.31005859375,833.4299926757812,0.0,Individual,0,0
74553979,34525.0,34525.0,60.0,23.1299991607666,975.8599853515625,F,F1,4.0,MORTGAGE,82000.0,82000.0,Verified,2016-03-01,2016,3,2016-03,Fully Paid,1,0,debt_consolidation,CO,33.439998626708984,1,30-40,$60k-90k,14.74880219028063,High Risk,670.0,674.0,0,2,17,0,33236.0,86.5999984741211,38,52644.07421875,34525.0,18119.0703125,0.0,Individual,6,0
78178547,9000.0,9000.0,36.0,12.989999771118164,303.2099914550781,C,C2,0.0,RENT,52000.0,52000.0,Source Verified,2016-04-01,2016,4,2016-04,Fully Paid,1,0,debt_consolidation,IL,16.760000228881836,1,10-20,$30k-60k,7.162217659137577,Medium Risk,670.0,674.0,2,1,18,0,7666.0,50.79999923706055,33,10390.4404296875,9000.0,1390.43994140625,0.0,Individual,0,0
9001309,20000.0,20000.0,36.0,16.200000762939453,705.1199951171875,C,C4,10.0,RENT,93743.2578125,93743.2578125,Verified,2013-11-01,2013,11,2013-11,Fully Paid,1,0,debt_consolidation,NJ,9.350000381469727,1,<10,$90k-120k,22.91854893908282,Medium Risk,695.0,699.0,0,0,20,0,24224.0,66.0,32,23579.75,20000.0,3579.75,0.0,Individual,0,0
56109043,2825.0,2825.0,36.0,14.649999618530273,97.44999694824219,C,C5,10.0,MORTGAGE,31000.0,31000.0,Not Verified,2015-08-01,2015,8,2015-08,Fully Paid,1,0,other,FL,26.399999618530273,1,20-30,$30k-60k,16.418891170431213,Medium Risk,700.0,704.0,0,1,6,0,2020.0,35.0,11,3505.8388671875,2825.0,680.8400268554688,0.0,Individual,1,0
133001983,15000.0,15000.0,36.0,9.430000305175781,480.010009765625,B,B1,5.0,OWN,65000.0,65000.0,Not Verified,2018-06-01,2018,6,2018-06,Current,0,0,credit_card,OH,21.440000534057617,1,20-30,$60k-90k,10.666666666666666,Low Risk,705.0,709.0,1,0,20,0,11760.0,33.599998474121094,29,4304.3701171875,3363.56005859375,940.8099975585938,0.0,Joint App,0,0
114135626,10000.0,10000.0,36.0,5.320000171661377,301.1499938964844,A,A1,3.0,MORTGAGE,60000.0,60000.0,Not Verified,2017-07-01,2017,7,2017-07,Fully Paid,1,0,debt_consolidation,FL,27.190000534057617,1,20-30,$60k-90k,19.66324435318275,Low Risk,725.0,729.0,0,0,18,0,10708.0,20.299999237060547,33,10466.4453125,10000.0,451.3900146484375,0.0,Individual,1,0
21560820,7200.0,7200.0,36.0,10.149999618530273,232.83999633789062,B,B2,0.0,RENT,36500.0,36500.0,Not Verified,2014-07-01,2014,7,2014-07,Fully Paid,1,0,debt_consolidation,PA,22.260000228881836,1,20-30,$30k-60k,9.828884325804244,Low Risk,695.0,699.0,1,0,7,0,9946.0,93.80000305175781,29,8275.7802734375,7200.0,1075.780029296875,0.0,Individual,2,0
72545545,12000.0,12000.0,36.0,6.96999979019165,370.3699951171875,A,A3,9.0,MORTGAGE,73500.0,73500.0,Verified,2016-03-01,2016,3,2016-03,Fully Paid,1,0,debt_consolidation,VA,11.630000114440918,1,10-20,$60k-90k,20.0,Low Risk,695.0,699.0,1,0,6,0,8425.0,23.899999618530273,21,13196.6953125,12000.0,1196.699951171875,0.0,Individual,0,0
138094295,2400.0,2400.0,36.0,26.309999465942383,97.0999984741211,E,E4,2.0,OWN,22400.0,22400.0,Source Verified,2018-08-01,2018,8,2018-08,Current,0,0,other,FL,7.400000095367432,1,<10,<$30k,4.0,High Risk,715.0,719.0,0,1,6,0,2490.0,16.299999237060547,6,672.6799926757812,332.6000061035156,340.0799865722656,0.0,Individual,0,0
22424124,8125.0,8125.0,36.0,13.350000381469727,275.1400146484375,C,C2,10.0,RENT,45000.0,45000.0,Source Verified,2014-08-01,2014,8,2014-08,Charged Off,1,1,debt_consolidation,RI,18.510000228881836,1,10-20,$30k-60k,12.747433264887064,Medium Risk,720.0,724.0,0,2,6,0,6782.0,35.0,8,2751.39990234375,1942.780029296875,808.6199951171875,0.0,Individual,0,0
42181302,5000.0,5000.0,36.0,12.289999961853027,166.77000427246094,C,C1,2.0,RENT,37000.0,37000.0,Source Verified,2015-03-01,2015,3,2015-03,Fully Paid,1,0,debt_consolidation,CA,18.700000762939453,1,10-20,$30k-60k,5.327857631759069,Medium Risk,715.0,719.0,0,1,7,0,7517.0,38.400001525878906,9,5603.5,5000.0,603.5,0.0,Individual,0,0
1541689,14400.0,14400.0,36.0,11.140000343322754,472.3999938964844,B,B2,9.0,MORTGAGE,68000.0,68000.0,Not Verified,2012-09-01,2012,9,2012-09,Fully Paid,1,0,debt_consolidation,TX,16.420000076293945,1,10-20,$60k-90k,23.252566735112936,Low Risk,700.0,704.0,0,0,8,0,20329.0,64.30000305175781,25,16624.91015625,14400.0,2224.909912109375,0.0,Individual,0,0
139378819,4200.0,4200.0,36.0,13.5600004196167,142.66000366210938,C,C1,0.0,RENT,35000.0,35000.0,Not Verified,2018-08-01,2018,8,2018-08,Current,0,0,debt_consolidation,VA,13.0,1,10-20,$30k-60k,16.83230663928816,Medium Risk,665.0,669.0,0,0,4,0,1882.0,53.79999923706055,6,848.0499877929688,587.5800170898438,260.4700012207031,0.0,Individual,0,0
135558403,2600.0,2600.0,36.0,8.079999923706055,81.58000183105469,A,A5,5.0,MORTGAGE,65000.0,65000.0,Not Verified,2018-06-01,2018,6,2018-06,Current,0,0,other,MA,12.350000381469727,1,10-20,$60k-90k,9.74674880219028,Low Risk,780.0,784.0,0,1,9,0,4276.0,13.300000190734863,24,731.8900146484375,592.4400024414062,139.4499969482422,0.0,Individual,1,0
140856753,8000.0,8000.0,36.0,27.270000457763672,327.7699890136719,E,E5,4.0,RENT,95000.0,95000.0,Source Verified,2018-10-01,2018,10,2018-10,Late (31-120 days),0,0,other,CA,10.600000381469727,1,10-20,$90k-120k,18.080766598220396,High Risk,695.0,699.0,3,1,10,0,3064.0,13.600000381469727,23,667.6599731445312,294.1499938964844,373.510009765625,0.0,Individual,1,0
88904960,21100.0,21100.0,36.0,16.989999771118164,752.1699829101562,D,D1,0.0,MORTGAGE,48000.0,48000.0,Source Verified,2016-09-01,2016,9,2016-09,Fully Paid,1,0,debt_consolidation,WI,23.75,1,20-30,$30k-60k,22.91854893908282,Medium Risk,675.0,679.0,0,1,34,0,22899.0,34.5,43,25518.990234375,21100.0,4418.990234375,0.0,Individual,0,0
96799907,10000.0,10000.0,36.0,12.739999771118164,335.69000244140625,C,C1,10.0,MORTGAGE,36000.0,36000.0,Source Verified,2017-01-01,2017,1,2017-01,Current,0,0,debt_consolidation,NC,16.6299991607666,1,10-20,$30k-60k,31.000684462696782,Medium Risk,685.0,689.0,1,1,18,0,12221.0,36.099998474121094,42,8724.400390625,6831.1298828125,1893.27001953125,0.0,Individual,2,0
58280457,12000.0,12000.0,36.0,5.320000171661377,361.3800048828125,A,A1,10.0,RENT,65000.0,65000.0,Not Verified,2015-08-01,2015,8,2015-08,Fully Paid,1,0,home_improvement,CA,21.709999084472656,1,20-30,$60k-90k,42.417522245037645,Low Risk,780.0,784.0,0,0,30,0,36591.0,13.399999618530273,43,12973.4111328125,12000.0,973.4099731445312,0.0,Individual,3,0
55757707,20000.0,20000.0,60.0,12.289999961853027,447.8299865722656,C,C1,9.0,MORTGAGE,69000.0,69000.0,Not Verified,2015-07-01,2015,7,2015-07,Charged Off,1,1,debt_consolidation,RI,9.829999923706055,1,<10,$60k-90k,11.83025325119781,Medium Risk,665.0,669.0,0,0,6,0,14069.0,84.19999694824219,12,4912.47021484375,2814.1298828125,2098.340087890625,0.0,Individual,2,0
20709019,22000.0,22000.0,60.0,20.200000762939453,585.3200073242188,E,E3,10.0,MORTGAGE,80000.0,80000.0,Verified,2014-07-01,2014,7,2014-07,Charged Off,1,1,debt_consolidation,LA,28.979999542236328,1,20-30,$60k-90k,13.91375770020534,High Risk,680.0,684.0,1,0,12,0,12019.0,83.0,21,22203.240234375,10136.3203125,10391.7099609375,1675.2099609375,Individual,1,0
55192668,11200.0,11200.0,36.0,9.170000076293945,357.04998779296875,B,B2,5.0,MORTGAGE,46000.0,46000.0,Verified,2015-07-01,2015,7,2015-07,Fully Paid,1,0,credit_card,CA,16.979999542236328,1,10-20,$30k-60k,7.080082135523614,Low Risk,680.0,684.0,0,1,14,1,25163.0,56.79999923706055,21,12778.9912109375,11200.0,1578.989990234375,0.0,Individual,1,0
20598772,20000.0,20000.0,36.0,7.690000057220459,623.8800048828125,A,A4,5.0,RENT,81000.0,81000.0,Source Verified,2014-07-01,2014,7,2014-07,Fully Paid,1,0,credit_card,MD,15.479999542236328,1,10-20,$60k-90k,12.082135523613964,Low Risk,695.0,699.0,0,2,10,0,24809.0,66.19999694824219,22,22241.79296875,20000.0,2241.7900390625,0.0,Individual,1,0
136807229,25000.0,25000.0,36.0,10.470000267028809,812.2100219726562,B,B2,,MORTGAGE,95613.0,95613.0,Source Verified,2018-07-01,2018,7,2018-07,Current,0,0,debt_consolidation,CA,11.470000267028809,1,10-20,$90k-120k,15.16769336071184,Low Risk,680.0,684.0,0,0,12,0,23453.0,75.9000015258789,20,5772.72998046875,4269.0498046875,1503.6800537109375,0.0,Joint App,5,0
749644,35000.0,35000.0,60.0,25.56999969482422,1039.030029296875,F,F5,10.0,RENT,200000.0,200000.0,Verified,2013-12-01,2013,12,2013-12,Charged Off,1,1,other,NJ,15.8100004196167,1,10-20,$120k+,15.668720054757015,High Risk,750.0,754.0,0,5,9,0,36921.0,53.400001525878906,10,9126.150390625,1191.5,2963.909912109375,4918.7900390625,Individual,0,0
138351029,10975.0,10975.0,36.0,6.110000133514404,334.42999267578125,A,A1,,MORTGAGE,86000.0,86000.0,Verified,2018-08-01,2018,8,2018-08,Current,0,0,credit_card,MI,24.139999389648438,1,20-30,$60k-90k,18.833675564681723,Low Risk,780.0,784.0,0,0,18,0,16714.0,11.100000381469727,46,2337.280029296875,1979.8800048828125,357.3999938964844,0.0,Individual,4,0
63428775,15000.0,15000.0,36.0,8.180000305175781,471.29998779296875,B,B1,10.0,OWN,75000.0,75000.0,Not Verified,2015-10-01,2015,10,2015-10,Fully Paid,1,0,debt_consolidation,RI,33.7400016784668,1,30-40,$60k-90k,19.080082135523615,Low Risk,720.0,724.0,1,0,15,0,12425.0,31.299999237060547,31,16952.845703125,15000.0,1952.8499755859375,0.0,Individual,5,0
12998443,15250.0,15250.0,60.0,16.59000015258789,375.6499938964844,D,D1,10.0,MORTGAGE,75818.8828125,75818.8828125,Source Verified,2014-03-01,2014,3,2014-03,Fully Paid,1,0,debt_consolidation,CA,29.790000915527344,1,20-30,$60k-90k,17.66461327857632,Medium Risk,710.0,714.0,0,0,10,0,24195.0,74.4000015258789,22,21722.654296875,15250.0,6472.66015625,0.0,Individual,2,0
774240,11000.0,11000.0,36.0,13.489999771118164,373.239990234375,C,C2,3.0,RENT,29472.0,29472.0,Source Verified,2011-06-01,2011,6,2011-06,Fully Paid,1,0,credit_card,MD,12.90999984741211,1,10-20,<$30k,12.6652977412731,Medium Risk,715.0,719.0,0,0,6,0,7721.0,99.0,16,13395.39453125,11000.0,2395.389892578125,0.0,Individual,-1,0
55959462,18500.0,18500.0,36.0,7.260000228881836,573.4299926757812,A,A4,1.0,RENT,75000.0,75000.0,Not Verified,2015-07-01,2015,7,2015-07,Fully Paid,1,0,credit_card,IL,11.949999809265137,1,10-20,$60k-90k,16.829568788501028,Low Risk,705.0,709.0,0,1,21,0,19091.0,83.30000305175781,30,20628.482421875,18500.0,2128.47998046875,0.0,Individual,0,0
127582475,35000.0,35000.0,60.0,17.09000015258789,871.5399780273438,D,D1,10.0,RENT,120000.0,120000.0,Source Verified,2018-02-01,2018,2,2018-02,Current,0,0,credit_card,NY,12.069999694824219,1,10-20,$120k+,17.83709787816564,Medium Risk,680.0,684.0,0,0,11,0,43408.0,80.0999984741211,23,11263.5595703125,5286.93017578125,5976.6298828125,0.0,Individual,0,0
1690317,22050.0,22050.0,60.0,15.800000190734863,533.8800048828125,C,C3,1.0,MORTGAGE,90000.0,90000.0,Verified,2012-12-01,2012,12,2012-12,Fully Paid,1,0,credit_card,NC,22.649999618530273,1,20-30,$90k-120k,7.83025325119781,Medium Risk,675.0,679.0,0,1,17,0,16540.0,52.70000076293945,32,28716.650390625,22050.0,6666.64990234375,0.0,Individual,1,0
92330242,24125.0,24125.0,60.0,13.489999771118164,554.989990234375,C,C2,10.0,MORTGAGE,55000.0,55000.0,Verified,2016-11-01,2016,11,2016-11,Current,0,0,debt_consolidation,OH,28.170000076293945,1,20-30,$30k-60k,28.83504449007529,Medium Risk,700.0,704.0,0,2,11,0,46619.0,84.0,21,15503.5595703125,9278.080078125,6225.47998046875,0.0,Individual,2,0
134411584,7000.0,7000.0,36.0,21.850000381469727,266.79998779296875,D,D5,10.0,MORTGAGE,103916.0,103916.0,Verified,2018-06-01,2018,6,2018-06,Current,0,0,home_improvement,RI,26.479999542236328,1,20-30,$90k-120k,12.167008898015059,Medium Risk,670.0,674.0,0,2,20,0,34704.0,66.0999984741211,34,2384.2099609375,1349.4000244140625,1034.81005859375,0.0,Individual,2,0
107060344,14275.0,14275.0,36.0,10.489999771118164,463.9100036621094,B,B2,10.0,MORTGAGE,125000.0,125000.0,Not Verified,2017-04-01,2017,4,2017-04,Fully Paid,1,0,debt_consolidation,IL,1.0199999809265137,1,<10,$120k+,6.751540041067762,Low Risk,760.0,764.0,0,0,4,0,2107.0,28.100000381469727,9,14693.2919921875,14275.0,418.2900085449219,0.0,Individual,3,0
77570440,5000.0,5000.0,36.0,11.989999771118164,166.0500030517578,C,C1,8.0,RENT,30000.0,30000.0,Not Verified,2016-04-01,2016,4,2016-04,Fully Paid,1,0,credit_card,CO,27.639999389648438,1,20-30,$30k-60k,12.164271047227926,Medium Risk,690.0,694.0,0,1,5,0,3676.0,40.400001525878906,9,5785.5126953125,5000.0,785.510009765625,0.0,Individual,0,0
43390725,15000.0,15000.0,36.0,12.6899995803833,503.17999267578125,C,C2,0.0,RENT,85000.0,85000.0,Source Verified,2015-04-01,2015,4,2015-04,Fully Paid,1,0,house,GA,10.039999961853027,1,10-20,$60k-90k,20.6652977412731,Medium Risk,700.0,704.0,0,1,15,1,8088.0,22.700000762939453,39,17423.48046875,15000.0,2423.47998046875,0.0,Individual,2,1
94411148,6100.0,6100.0,36.0,8.239999771118164,191.8300018310547,B,B1,10.0,OWN,15250.0,15250.0,Verified,2016-12-01,2016,12,2016-12,Current,0,0,debt_consolidation,MI,6.21999979019165,1,<10,<$30k,21.169062286105408,Low Risk,815.0,819.0,0,1,8,0,950.0,2.0999999046325684,24,5176.6201171875,4431.419921875,745.2000122070312,0.0,Individual,0,0
106478138,3000.0,3000.0,36.0,30.84000015258789,128.74000549316406,G,G2,10.0,OWN,36000.0,36000.0,Verified,2017-05-01,2017,5,2017-05,Fully Paid,1,0,other,WI,28.200000762939453,1,20-30,$30k-60k,18.833675564681723,High Risk,725.0,729.0,0,5,12,0,9357.0,36.0,30,3145.20703125,3000.0,145.2100067138672,0.0,Individual,2,0
99257525,35000.0,35000.0,60.0,14.989999771118164,832.469970703125,C,C4,7.0,MORTGAGE,200000.0,200000.0,Verified,2017-03-01,2017,3,2017-03,Charged Off,1,1,debt_consolidation,CA,20.56999969482422,1,20-30,$120k+,26.666666666666668,Medium Risk,690.0,694.0,0,4,22,0,46067.0,55.29999923706055,48,2468.260009765625,1200.6600341796875,1267.5999755859375,0.0,Individual,7,0
92240646,18000.0,18000.0,60.0,11.4399995803833,395.3299865722656,B,B4,2.0,RENT,75000.0,75000.0,Source Verified,2016-10-01,2016,10,2016-10,Fully Paid,1,0,debt_consolidation,FL,28.479999542236328,1,20-30,$60k-90k,19.16769336071184,Low Risk,770.0,774.0,0,0,19,0,29639.0,28.5,37,18346.359375,18000.0,346.3599853515625,0.0,Individual,2,0
40705485,10900.0,10900.0,36.0,14.649999618530273,375.989990234375,C,C5,5.0,MORTGAGE,45000.0,45000.0,Verified,2015-02-01,2015,2,2015-02,Fully Paid,1,0,debt_consolidation,AZ,21.040000915527344,1,20-30,$30k-60k,9.670088980150581,Medium Risk,665.0,669.0,1,1,8,0,9502.0,53.099998474121094,17,13526.6142578125,10900.0,2626.610107421875,0.0,Individual,1,0
39459922,7000.0,7000.0,36.0,7.489999771118164,217.72000122070312,A,A4,10.0,MORTGAGE,102000.0,102000.0,Not Verified,2015-01-01,2015,1,2015-01,Fully Paid,1,0,debt_consolidation,FL,7.920000076293945,1,<10,$90k-120k,15.3347022587269,Low Risk,690.0,694.0,2,1,15,0,7415.0,15.800000190734863,35,7484.14013671875,7000.0,484.1400146484375,0.0,Individual,6,0
125303333,6000.0,6000.0,36.0,7.96999979019165,187.94000244140625,A,A5,2.0,OWN,70000.0,70000.0,Source Verified,2017-12-01,2017,12,2017-12,Current,0,0,other,TN,22.34000015258789,1,20-30,$60k-90k,11.16769336071184,Low Risk,775.0,779.0,0,1,23,0,37999.0,50.70000076293945,33,2813.7900390625,2327.659912109375,486.1300048828125,0.0,Individual,1,0
104308774,20000.0,20000.0,36.0,23.989999771118164,784.5599975585938,E,E2,6.0,OWN,150000.0,150000.0,Source Verified,2017-04-01,2017,4,2017-04,Fully Paid,1,0,debt_consolidation,CA,9.880000114440918,1,<10,$120k+,12.580424366872005,High Risk,705.0,709.0,3,3,18,0,6300.0,27.200000762939453,28,23653.4453125,20000.0,3653.449951171875,0.0,Individual,2,0
110675078,2500.0,2500.0,36.0,14.079999923706055,85.55000305175781,C,C3,10.0,MORTGAGE,59000.0,59000.0,Verified,2017-06-01,2017,6,2017-06,Current,0,0,car,IN,27.889999389648438,1,20-30,$30k-60k,9.330595482546201,Medium Risk,680.0,684.0,0,0,10,1,19739.0,58.900001525878906,14,1794.5899658203125,1329.9300537109375,464.6600036621094,0.0,Individual,0,1
144892463,14000.0,14000.0,36.0,6.460000038146973,428.8399963378906,A,A1,,RENT,54000.0,54000.0,Not Verified,2018-12-01,2018,12,2018-12,Current,0,0,debt_consolidation,CA,24.559999465942383,1,20-30,$30k-60k,30.33264887063655,Low Risk,690.0,694.0,0,0,16,1,9781.0,27.200000762939453,43,1254.5699462890625,1066.1500244140625,188.4199981689453,0.0,Individual,7,1
112148676,6000.0,6000.0,36.0,10.90999984741211,196.17999267578125,B,B4,5.0,MORTGAGE,50000.0,50000.0,Verified,2017-07-01,2017,7,2017-07,Current,0,0,vacation,KS,17.790000915527344,1,10-20,$30k-60k,10.74880219028063,Low Risk,745.0,749.0,0,0,9,0,2492.0,20.799999237060547,13,3919.9599609375,3091.1298828125,828.8300170898438,0.0,Individual,4,0
120113660,10000.0,10000.0,36.0,16.020000457763672,351.6700134277344,C,C5,3.0,MORTGAGE,42000.0,42000.0,Verified,2017-10-01,2017,10,2017-10,Current,0,0,home_improvement,FL,60.709999084472656,1,40+,$30k-60k,6.083504449007529,Medium Risk,680.0,684.0,0,0,22,0,25834.0,41.29999923706055,26,5969.490234375,4132.72021484375,1836.77001953125,0.0,Joint App,1,0
29644347,10000.0,10000.0,36.0,7.119999885559082,309.32000732421875,A,A3,8.0,MORTGAGE,83200.0,83200.0,Not Verified,2014-10-01,2014,10,2014-10,Fully Paid,1,0,debt_consolidation,FL,28.829999923706055,1,20-30,$60k-90k,13.500342231348391,Low Risk,685.0,689.0,0,0,11,0,23409.0,50.79999923706055,28,10789.98046875,10000.0,789.97998046875,0.0,Individual,1,0
88462206,2000.0,2000.0,36.0,12.789999961853027,67.19000244140625,C,C1,3.0,MORTGAGE,62000.0,62000.0,Not Verified,2016-08-01,2016,8,2016-08,Fully Paid,1,0,major_purchase,TX,15.289999961853027,1,10-20,$60k-90k,11.3347022587269,Medium Risk,730.0,734.0,0,0,6,0,18833.0,81.19999694824219,8,2307.3251953125,2000.0,307.3299865722656,0.0,Individual,1,0
136270082,20000.0,20000.0,36.0,11.0600004196167,655.3499755859375,B,B3,0.0,OWN,100000.0,100000.0,Source Verified,2018-07-01,2018,7,2018-07,Current,0,0,credit_card,TX,8.619999885559082,1,<10,$90k-120k,4.999315537303217,Low Risk,675.0,679.0,0,0,8,0,11096.0,42.79999923706055,14,5230.509765625,3891.949951171875,1338.56005859375,0.0,Individual,0,0
12836901,30000.0,30000.0,36.0,14.640000343322754,1034.6800537109375,C,C3,10.0,MORTGAGE,124000.0,124000.0,Source Verified,2014-03-01,2014,3,2014-03,Fully Paid,1,0,debt_consolidation,IL,19.790000915527344,1,10-20,$120k+,22.414784394250514,Medium Risk,680.0,684.0,0,2,27,0,37125.0,74.19999694824219,59,34457.23046875,30000.0,4457.22998046875,0.0,Individual,5,0
128246406,1500.0,1500.0,36.0,13.59000015258789,50.970001220703125,C,C2,5.0,RENT,30000.0,30000.0,Not Verified,2018-02-01,2018,2,2018-02,Fully Paid,1,0,debt_consolidation,MI,6.599999904632568,1,<10,$30k-60k,3.838466803559206,Medium Risk,665.0,669.0,0,1,13,0,6780.0,37.70000076293945,14,1537.543701171875,1500.0,37.540000915527344,0.0,Individual,0,0
93942376,20000.0,20000.0,60.0,14.989999771118164,475.70001220703125,C,C4,10.0,RENT,85800.0,85800.0,Source Verified,2016-11-01,2016,11,2016-11,Current,0,0,debt_consolidation,GA,16.06999969482422,1,10-20,$60k-90k,14.67214236824093,Medium Risk,675.0,679.0,0,0,11,0,19277.0,93.5999984741211,17,13317.8798828125,7515.830078125,5802.0498046875,0.0,Individual,0,0
65634105,35000.0,35000.0,60.0,16.989999771118164,869.6599731445312,D,D3,2.0,RENT,72000.0,72000.0,Verified,2015-11-01,2015,11,2015-11,Charged Off,1,1,debt_consolidation,CO,25.829999923706055,1,20-30,$60k-90k,23.50171115674196,Medium Risk,670.0,674.0,2,0,18,0,36478.0,60.0,36,7802.64013671875,1924.31005859375,2490.06005859375,3388.27001953125,Individual,3,0
93167443,4325.0,4325.0,36.0,5.320000171661377,130.25,A,A1,10.0,MORTGAGE,121700.0,121700.0,Not Verified,2016-11-01,2016,11,2016-11,Current,0,0,credit_card,NJ,11.010000228881836,1,10-20,$120k+,45.74948665297741,Low Risk,710.0,714.0,0,0,11,0,36881.0,82.69999694824219,27,3645.719970703125,3303.6201171875,342.1000061035156,0.0,Individual,3,0
12937187,6000.0,6000.0,36.0,12.489999771118164,200.6999969482422,B,B4,10.0,MORTGAGE,45000.0,45000.0,Source Verified,2014-03-01,2014,3,2014-03,Fully Paid,1,0,debt_consolidation,NH,10.880000114440918,1,10-20,$30k-60k,17.746748802190282,Low Risk,670.0,674.0,0,1,8,1,5111.0,39.0,28,7224.89501953125,6000.0,1224.9000244140625,0.0,Individual,3,1
113315459,7000.0,7000.0,36.0,14.079999923706055,239.52000427246094,C,C3,1.0,MORTGAGE,72450.0,72450.0,Not Verified,2017-07-01,2017,7,2017-07,Fully Paid,1,0,home_improvement,PA,15.699999809265137,1,10-20,$60k-90k,26.830937713894592,Medium Risk,675.0,679.0,0,1,6,0,6224.0,90.19999694824219,11,7678.32958984375,7000.0,678.3300170898438,0.0,Individual,2,0
38450194,12000.0,12000.0,36.0,7.489999771118164,373.2200012207031,A,A4,1.0,RENT,90000.0,90000.0,Source Verified,2015-01-01,2015,1,2015-01,Charged Off,1,1,debt_consolidation,MD,16.579999923706055,1,10-20,$90k-120k,8.999315537303216,Low Risk,660.0,664.0,0,0,16,0,17136.0,75.5,27,8617.9404296875,7038.06005859375,1076.6099853515625,503.2699890136719,Individual,0,0
123894451,16000.0,16000.0,60.0,9.930000305175781,339.4100036621094,B,B2,2.0,MORTGAGE,75000.0,75000.0,Source Verified,2017-11-01,2017,11,2017-11,Current,0,0,debt_consolidation,CA,25.790000915527344,1,20-30,$60k-90k,11.419575633127995,Low Risk,685.0,689.0,0,0,20,1,18908.0,46.79999923706055,37,5378.52978515625,3525.889892578125,1852.6400146484375,0.0,Individual,2,1
135790362,3000.0,3000.0,36.0,11.050000190734863,98.29000091552734,B,B4,2.0,RENT,105000.0,105000.0,Not Verified,2018-07-01,2018,7,2018-07,Current,0,0,debt_consolidation,MD,4.059999942779541,1,<10,$90k-120k,14.247775496235455,Low Risk,665.0,669.0,1,1,5,0,2052.0,38.0,14,784.47998046875,583.8800048828125,200.60000610351562,0.0,Individual,1,0
138230493,9000.0,9000.0,36.0,13.5600004196167,305.67999267578125,C,C1,1.0,RENT,65000.0,65000.0,Source Verified,2018-08-01,2018,8,2018-08,Late (31-120 days),0,0,debt_consolidation,MD,24.540000915527344,1,20-30,$60k-90k,16.084873374401095,Medium Risk,685.0,689.0,0,0,19,0,9727.0,56.20000076293945,25,1565.68994140625,1043.2099609375,522.47998046875,0.0,Individual,1,0
138386520,9000.0,9000.0,36.0,11.550000190734863,297.0,B,B4,10.0,OWN,40000.0,40000.0,Source Verified,2018-08-01,2018,8,2018-08,Current,0,0,debt_consolidation,PA,14.819999694824219,1,10-20,$30k-60k,33.831622176591374,Low Risk,665.0,669.0,0,0,9,1,4831.0,30.799999237060547,41,2073.219970703125,1515.8399658203125,557.3800048828125,0.0,Individual,2,1
8986094,30000.0,30000.0,36.0,17.760000228881836,1080.969970703125,D,D1,1.0,RENT,70000.0,70000.0,Verified,2013-12-01,2013,12,2013-12,Charged Off,1,1,debt_consolidation,TX,22.459999084472656,1,20-30,$60k-90k,16.16700889801506,Medium Risk,670.0,674.0,0,0,10,0,28825.0,86.0,20,20159.5,9828.2998046875,5305.16015625,5026.0400390625,Individual,0,0
79151586,35000.0,35000.0,36.0,15.3100004196167,1218.6099853515625,C,C5,10.0,MORTGAGE,112000.0,112000.0,Verified,2016-05-01,2016,5,2016-05,Charged Off,1,1,debt_consolidation,CA,16.209999084472656,1,10-20,$90k-120k,17.415468856947296,Medium Risk,710.0,714.0,0,0,19,0,16461.0,34.70000076293945,31,34152.23828125,25742.439453125,8348.8701171875,0.0,Individual,3,0
67605443,8000.0,8000.0,36.0,9.760000228881836,257.239990234375,B,B3,10.0,MORTGAGE,82000.0,82000.0,Source Verified,2015-12-01,2015,12,2015-12,Fully Paid,1,0,debt_consolidation,FL,10.050000190734863,1,10-20,$60k-90k,13.500342231348391,Low Risk,695.0,699.0,1,0,8,0,12799.0,43.400001525878906,22,8092.47998046875,8000.0,92.4800033569336,0.0,Individual,2,0
36168965,6500.0,6500.0,36.0,12.989999771118164,218.97999572753906,C,C2,10.0,MORTGAGE,36000.0,36000.0,Source Verified,2014-11-01,2014,11,2014-11,Fully Paid,1,0,debt_consolidation,FL,18.469999313354492,1,10-20,$30k-60k,13.585215605749486,Medium Risk,685.0,689.0,0,0,11,0,16249.0,71.30000305175781,26,7419.0693359375,6500.0,919.0700073242188,0.0,Individual,3,0
95188161,3025.0,3025.0,36.0,13.489999771118164,102.63999938964844,C,C2,3.0,RENT,56000.0,56000.0,Verified,2016-12-01,2016,12,2016-12,Current,0,0,debt_consolidation,GA,29.299999237060547,1,20-30,$30k-60k,17.251197809719372,Medium Risk,665.0,669.0,4,3,20,1,11799.0,74.0,46,2770.139892578125,2151.1201171875,619.02001953125,0.0,Individual,2,1
84553559,16000.0,16000.0,60.0,28.18000030517578,499.9200134277344,G,G1,5.0,MORTGAGE,70000.0,70000.0,Verified,2016-07-01,2016,7,2016-07,Fully Paid,1,0,debt_consolidation,SD,9.84000015258789,1,<10,$60k-90k,8.83230663928816,High Risk,675.0,679.0,0,0,24,0,17034.0,60.400001525878906,33,21030.6953125,16000.0,5030.68994140625,0.0,Individual,2,0
73335899,8400.0,8400.0,36.0,12.989999771118164,282.989990234375,C,C2,10.0,RENT,70000.0,70000.0,Verified,2016-03-01,2016,3,2016-03,Charged Off,1,1,debt_consolidation,NY,33.77000045776367,1,30-40,$60k-90k,26.915811088295687,Medium Risk,695.0,699.0,0,3,16,0,32587.0,61.0,50,8095.7099609375,4985.490234375,1578.219970703125,1517.0,Individual,2,0
136375989,11000.0,11000.0,60.0,24.3700008392334,318.82000732421875,E,E2,2.0,MORTGAGE,60000.0,60000.0,Source Verified,2018-07-01,2018,7,2018-07,Current,0,0,debt_consolidation,IN,20.84000015258789,1,20-30,$60k-90k,12.082135523613964,High Risk,695.0,699.0,0,1,13,0,11592.0,48.5,21,2535.669921875,819.9500122070312,1715.719970703125,0.0,Individual,1,0
96982985,10000.0,10000.0,36.0,7.489999771118164,311.0199890136719,A,A4,10.0,RENT,70000.0,70000.0,Source Verified,2017-02-01,2017,2,2017-02,Current,0,0,debt_consolidation,VA,15.170000076293945,1,10-20,$60k-90k,20.75564681724846,Low Risk,690.0,694.0,0,1,19,0,10979.0,36.599998474121094,30,7771.33984375,6703.64990234375,1067.68994140625,0.0,Individual,1,0
31647726,10000.0,10000.0,36.0,12.489999771118164,334.489990234375,B,B5,8.0,RENT,40000.0,40000.0,Source Verified,2014-11-01,2014,11,2014-11,Fully Paid,1,0,debt_consolidation,NJ,25.110000610351562,1,20-30,$30k-60k,10.833675564681725,Low Risk,665.0,669.0,0,0,7,0,10572.0,89.5999984741211,9,12090.333984375,10000.0,2073.610107421875,0.0,Individual,0,0
59289125,14000.0,14000.0,36.0,6.889999866485596,431.5799865722656,A,A3,8.0,RENT,90000.0,90000.0,Not Verified,2015-08-01,2015,8,2015-08,Fully Paid,1,0,other,FL,16.790000915527344,1,10-20,$90k-120k,16.83230663928816,Low Risk,720.0,724.0,0,1,19,0,17182.0,21.700000762939453,74,14201.740234375,14000.0,201.74000549316406,0.0,Individual,0,0
99521422,16000.0,16000.0,60.0,23.989999771118164,460.20001220703125,E,E2,3.0,MORTGAGE,56000.0,56000.0,Source Verified,2017-02-01,2017,2,2017-02,Charged Off,1,1,debt_consolidation,MI,17.399999618530273,1,10-20,$30k-60k,11.170431211498974,High Risk,665.0,669.0,0,0,8,0,16391.0,94.19999694824219,14,6901.18994140625,2426.10009765625,4475.08984375,0.0,Individual,3,0
18404642,20450.0,20450.0,60.0,22.149999618530273,566.5599975585938,E,E5,2.0,RENT,75000.0,75000.0,Source Verified,2014-06-01,2014,6,2014-06,Fully Paid,1,0,debt_consolidation,NJ,7.059999942779541,1,<10,$60k-90k,5.166324435318275,High Risk,710.0,714.0,0,0,6,0,7974.0,53.5,7,31043.080078125,20450.0,10593.080078125,0.0,Individual,0,0
117478935,6000.0,6000.0,36.0,10.420000076293945,194.7899932861328,B,B3,9.0,RENT,45000.0,45000.0,Verified,2017-08-01,2017,8,2017-08,Late (31-120 days),0,0,debt_consolidation,FL,30.049999237060547,1,30-40,$30k-60k,12.167008898015059,Low Risk,670.0,674.0,2,0,11,1,7536.0,76.0999984741211,19,3527.320068359375,2771.75,740.5700073242188,0.0,Individual,0,1
99902147,10000.0,10000.0,36.0,11.489999771118164,329.7200012207031,B,B5,10.0,MORTGAGE,58000.0,58000.0,Source Verified,2017-03-01,2017,3,2017-03,Fully Paid,1,0,debt_consolidation,CA,4.449999809265137,1,<10,$30k-60k,11.162217659137577,Low Risk,695.0,699.0,0,1,12,0,6458.0,26.899999618530273,12,11174.048828125,10000.0,1174.050048828125,0.0,Individual,1,0
138692282,20000.0,20000.0,60.0,18.940000534057617,518.1599731445312,D,D2,6.0,MORTGAGE,75000.0,75000.0,Verified,2018-08-01,2018,8,2018-08,Current,0,0,debt_consolidation,MA,16.670000076293945,1,10-20,$60k-90k,14.417522245037645,Medium Risk,680.0,684.0,0,0,9,0,31435.0,71.9000015258789,30,3615.93994140625,1486.3699951171875,2129.570068359375,0.0,Individual,4,0
111549817,35000.0,35000.0,60.0,13.59000015258789,806.969970703125,C,C2,6.0,MORTGAGE,172000.0,172000.0,Source Verified,2017-07-01,2017,7,2017-07,Current,0,0,credit_card,NM,14.579999923706055,1,10-20,$120k+,22.915811088295687,Medium Risk,705.0,709.0,1,4,16,0,37181.0,50.0,40,16086.5498046875,9158.4296875,6928.1201171875,0.0,Individual,3,0
20090082,5400.0,5400.0,36.0,14.989999771118164,187.1699981689453,C,C5,0.0,RENT,51907.0,51907.0,Source Verified,2014-07-01,2014,7,2014-07,Fully Paid,1,0,other,CA,12.180000305175781,1,10-20,$30k-60k,14.496919917864476,Medium Risk,680.0,684.0,3,3,19,0,3174.0,52.0,36,6475.08984375,5400.0,1075.0899658203125,0.0,Individual,0,0
114184874,11200.0,11200.0,36.0,9.930000305175781,361.0299987792969,B,B2,7.0,MORTGAGE,65000.0,65000.0,Not Verified,2017-08-01,2017,8,2017-08,Current,0,0,home_improvement,TX,19.290000915527344,1,10-20,$60k-90k,24.0,Low Risk,670.0,674.0,6,1,22,0,940.0,4.900000095367432,52,6847.2099609375,5496.77978515625,1350.4300537109375,0.0,Individual,3,0
54037742,20000.0,20000.0,60.0,13.989999771118164,465.2699890136719,C,C4,10.0,OWN,89000.0,89000.0,Source Verified,2015-07-01,2015,7,2015-07,Charged Off,1,1,debt_consolidation,OH,12.800000190734863,1,10-20,$60k-90k,14.165639972621491,Medium Risk,700.0,704.0,0,0,13,1,18504.0,45.900001525878906,36,16663.369140625,9276.3896484375,6138.72021484375,1225.0,Individual,3,0
137476537,10000.0,10000.0,36.0,13.5600004196167,339.6499938964844,C,C1,10.0,MORTGAGE,72000.0,72000.0,Source Verified,2018-07-01,2018,7,2018-07,Current,0,0,debt_consolidation,NY,15.279999732971191,1,10-20,$60k-90k,25.746748802190282,Medium Risk,680.0,684.0,4,1,12,0,12475.0,27.700000762939453,38,2702.1298828125,1886.56005859375,815.5700073242188,0.0,Individual,1,0
54107964,9000.0,9000.0,36.0,7.889999866485596,281.5799865722656,A,A5,10.0,OWN,44600.0,44600.0,Not Verified,2015-07-01,2015,7,2015-07,Fully Paid,1,0,debt_consolidation,NH,27.049999237060547,1,20-30,$30k-60k,18.99794661190965,Low Risk,740.0,744.0,0,0,14,1,8142.0,25.799999237060547,32,10116.677734375,9000.0,1116.6800537109375,0.0,Individual,0,1
88443617,24000.0,24000.0,60.0,13.489999771118164,552.1199951171875,C,C2,10.0,OWN,80000.0,80000.0,Verified,2016-08-01,2016,8,2016-08,Charged Off,1,1,home_improvement,GA,19.3799991607666,1,10-20,$60k-90k,17.336071184120467,Medium Risk,710.0,714.0,0,1,16,0,24233.0,35.29999923706055,35,15339.0400390625,7973.52978515625,5189.259765625,2176.25,Individual,1,0
136894697,4400.0,4400.0,36.0,11.550000190734863,145.1999969482422,B,B4,4.0,MORTGAGE,110500.0,110500.0,Source Verified,2018-07-01,2018,7,2018-07,Fully Paid,1,0,credit_card,CA,12.550000190734863,1,10-20,$90k-120k,11.83025325119781,Low Risk,695.0,699.0,0,1,7,0,3568.0,42.0,15,4475.37548828125,4400.0,75.37999725341797,0.0,Individual,1,0
115688906,5000.0,5000.0,36.0,13.59000015258789,169.89999389648438,C,C2,10.0,MORTGAGE,80000.0,80000.0,Not Verified,2017-08-01,2017,8,2017-08,Current,0,0,other,NY,27.6200008392334,1,20-30,$60k-90k,20.0,Medium Risk,690.0,694.0,1,1,13,0,30786.0,70.0,25,3224.320068359375,2386.330078125,837.989990234375,0.0,Individual,5,0
90318125,6000.0,6000.0,36.0,10.989999771118164,196.41000366210938,B,B4,10.0,MORTGAGE,70000.0,70000.0,Not Verified,2016-09-01,2016,9,2016-09,Fully Paid,1,0,other,NJ,10.829999923706055,1,10-20,$60k-90k,19.750855578370977,Low Risk,775.0,779.0,0,0,8,0,1518.0,27.600000381469727,17,7007.2490234375,6000.0,1007.25,0.0,Individual,1,0
39740105,14000.0,14000.0,36.0,6.03000020980835,426.1000061035156,A,A1,10.0,MORTGAGE,60000.0,60000.0,Not Verified,2015-02-01,2015,2,2015-02,Fully Paid,1,0,debt_consolidation,CT,17.899999618530273,1,10-20,$60k-90k,18.921286789869953,Low Risk,755.0,759.0,0,0,22,0,13377.0,32.400001525878906,45,15334.8095703125,14000.0,1334.81005859375,0.0,Individual,4,0
85370158,35000.0,35000.0,36.0,7.989999771118164,1096.6199951171875,A,A4,10.0,MORTGAGE,560000.0,350000.0,Source Verified,2016-07-01,2016,7,2016-07,Current,0,0,debt_consolidation,AZ,10.65999984741211,1,10-20,$120k+,31.3347022587269,Low Risk,725.0,729.0,1,0,22,0,182108.0,36.70000076293945,38,35076.30078125,30685.919921875,4390.3798828125,0.0,Individual,4,0
37601295,15250.0,15250.0,36.0,15.989999771118164,536.0700073242188,D,D2,3.0,RENT,44000.0,44000.0,Not Verified,2015-01-01,2015,1,2015-01,Fully Paid,1,0,debt_consolidation,CT,14.399999618530273,1,10-20,$30k-60k,7.671457905544147,Medium Risk,685.0,689.0,0,0,10,0,8892.0,51.70000076293945,12,19192.681640625,15250.0,3942.679931640625,0.0,Individual,0,0
85107672,15000.0,15000.0,36.0,11.489999771118164,494.57000732421875,B,B5,7.0,RENT,44000.0,44000.0,Source Verified,2016-07-01,2016,7,2016-07,Current,0,0,debt_consolidation,FL,10.039999961853027,1,10-20,$30k-60k,9.582477754962355,Low Risk,700.0,704.0,0,0,6,0,10950.0,50.5,9,16316.66015625,13741.7900390625,2574.8701171875,0.0,Individual,0,0
74671952,10000.0,10000.0,36.0,8.390000343322754,315.1700134277344,B,B1,10.0,MORTGAGE,64300.0,64300.0,Source Verified,2016-03-01,2016,3,2016-03,Fully Paid,1,0,debt_consolidation,KS,16.459999084472656,1,10-20,$60k-90k,11.329226557152635,Low Risk,665.0,669.0,0,2,8,0,16076.0,83.69999694824219,28,11341.2939453125,10000.0,1341.2900390625,0.0,Individual,5,0
28372809,13000.0,13000.0,36.0,10.989999771118164,425.54998779296875,B,B3,4.0,OWN,55000.0,55000.0,Source Verified,2014-10-01,2014,10,2014-10,Fully Paid,1,0,home_improvement,CA,24.290000915527344,1,20-30,$30k-60k,40.832306639288156,Low Risk,660.0,664.0,0,0,8,1,9516.0,31.0,36,15068.2197265625,13000.0,2068.219970703125,0.0,Individual,0,1
129391428,20000.0,20000.0,36.0,20.389999389648438,747.260009765625,D,D4,10.0,MORTGAGE,65700.0,65700.0,Verified,2018-02-01,2018,2,2018-02,Current,0,0,debt_consolidation,GA,12.989999771118164,1,10-20,$60k-90k,22.50513347022587,Medium Risk,675.0,679.0,0,1,14,0,19163.0,87.0999984741211,31,8967.1201171875,5372.93017578125,3594.18994140625,0.0,Individual,4,0
21110959,2100.0,2100.0,36.0,10.989999771118164,68.75,B,B3,1.0,RENT,77000.0,77000.0,Not Verified,2014-07-01,2014,7,2014-07,Fully Paid,1,0,moving,IL,16.3799991607666,1,10-20,$60k-90k,12.580424366872005,Low Risk,785.0,789.0,0,2,16,0,561.0,2.0,33,2240.929931640625,2100.0,140.92999267578125,0.0,Individual,0,0
95268602,20000.0,20000.0,36.0,22.739999771118164,771.489990234375,E,E1,10.0,OWN,52000.0,52000.0,Verified,2016-12-01,2016,12,2016-12,Charged Off,1,1,debt_consolidation,KY,25.43000030517578,1,20-30,$30k-60k,18.587268993839835,High Risk,670.0,674.0,0,0,18,0,15252.0,55.29999923706055,19,10004.099609375,5711.72998046875,4292.3701171875,0.0,Individual,0,0
93116073,12000.0,12000.0,36.0,13.489999771118164,407.1700134277344,C,C2,3.0,MORTGAGE,89000.0,89000.0,Not Verified,2016-11-01,2016,11,2016-11,Current,0,0,debt_consolidation,MO,11.529999732971191,1,10-20,$60k-90k,6.253251197809719,Medium Risk,675.0,679.0,0,2,7,0,11481.0,56.599998474121094,9,11398.6396484375,8895.490234375,2482.7900390625,0.0,Individual,1,0
115697743,25000.0,25000.0,36.0,7.349999904632568,775.9400024414062,A,A4,10.0,RENT,80000.0,80000.0,Not Verified,2017-08-01,2017,8,2017-08,Current,0,0,debt_consolidation,CA,15.170000076293945,1,10-20,$60k-90k,34.496919917864474,Low Risk,760.0,764.0,0,0,15,0,14885.0,27.700000762939453,24,14732.650390625,12509.009765625,2223.639892578125,0.0,Individual,1,0
90083043,8000.0,8000.0,36.0,13.989999771118164,273.3900146484375,C,C3,0.0,RENT,40000.0,40000.0,Source Verified,2016-10-01,2016,10,2016-10,Fully Paid,1,0,debt_consolidation,TX,21.56999969482422,1,20-30,$30k-60k,13.587953456536619,Medium Risk,675.0,679.0,2,1,10,0,3892.0,37.099998474121094,21,9433.865234375,8000.0,1433.8599853515625,0.0,Individual,0,0
144332393,10000.0,10000.0,36.0,14.470000267028809,344.07000732421875,C,C2,10.0,MORTGAGE,52000.0,52000.0,Verified,2018-12-01,2018,12,2018-12,Current,0,0,other,AZ,52.849998474121094,1,40+,$30k-60k,11.915126625598905,Medium Risk,690.0,694.0,0,1,8,0,22558.0,72.80000305175781,15,1024.1700439453125,678.5800170898438,345.5899963378906,0.0,Joint App,2,0
95232334,18000.0,18000.0,60.0,19.989999771118164,476.7900085449219,D,D4,3.0,MORTGAGE,335000.0,335000.0,Source Verified,2016-12-01,2016,12,2016-12,Fully Paid,1,0,debt_consolidation,NJ,9.6899995803833,1,<10,$120k+,12.83230663928816,Medium Risk,665.0,669.0,0,0,19,0,55381.0,63.70000076293945,39,20068.771484375,18000.0,2068.77001953125,0.0,Individual,2,0
113894499,2000.0,2000.0,36.0,24.850000381469727,79.37000274658203,E,E3,2.0,OWN,30792.0,30792.0,Source Verified,2017-08-01,2017,8,2017-08,Current,0,0,other,AR,18.360000610351562,1,10-20,$30k-60k,7.252566735112937,High Risk,660.0,664.0,1,2,5,0,1752.0,46.099998474121094,14,1502.510009765625,872.6699829101562,629.8400268554688,0.0,Individual,0,0
132824990,15000.0,15000.0,36.0,15.039999961853027,520.280029296875,C,C4,4.0,RENT,80000.0,80000.0,Source Verified,2018-05-01,2018,5,2018-05,Current,0,0,debt_consolidation,CT,18.899999618530273,1,10-20,$60k-90k,21.746748802190282,Medium Risk,690.0,694.0,0,1,14,1,16669.0,60.400001525878906,22,5249.75,3516.610107421875,1733.1400146484375,0.0,Individual,0,1
39541377,24000.0,24000.0,60.0,12.989999771118164,545.9600219726562,C,C2,7.0,RENT,56052.0,56052.0,Source Verified,2015-01-01,2015,1,2015-01,Current,0,0,debt_consolidation,CA,20.079999923706055,1,20-30,$30k-60k,7.252566735112937,Medium Risk,725.0,729.0,0,1,9,0,13447.0,38.400001525878906,12,27263.359375,18851.16015625,8412.2001953125,0.0,Individual,0,0
42924515,15000.0,15000.0,36.0,7.889999866485596,469.2900085449219,A,A5,10.0,OWN,71000.0,71000.0,Source Verified,2015-03-01,2015,3,2015-03,Fully Paid,1,0,other,CA,19.469999313354492,1,10-20,$60k-90k,23.748117727583846,Low Risk,760.0,764.0,0,1,16,0,19998.0,17.200000762939453,22,16842.572265625,15000.0,1842.5699462890625,0.0,Individual,1,0
30745736,10000.0,10000.0,36.0,10.989999771118164,327.3399963378906,B,B3,9.0,OWN,53000.0,53000.0,Source Verified,2014-10-01,2014,10,2014-10,Fully Paid,1,0,debt_consolidation,TX,24.389999389648438,1,20-30,$30k-60k,11.663244353182751,Low Risk,700.0,704.0,4,1,11,0,72425.0,65.19999694824219,31,11772.0224609375,10000.0,1772.02001953125,0.0,Individual,2,0
94486149,3600.0,3600.0,36.0,11.489999771118164,118.69999694824219,B,B5,3.0,RENT,24000.0,24000.0,Source Verified,2016-12-01,2016,12,2016-12,Charged Off,1,1,credit_card,MI,6.650000095367432,1,<10,<$30k,9.670088980150581,Low Risk,660.0,664.0,0,1,9,1,1360.0,23.899999618530273,16,947.2999877929688,696.8599853515625,250.44000244140625,0.0,Individual,0,0
129616385,25000.0,25000.0,36.0,25.809999465942383,1004.739990234375,E,E4,10.0,RENT,75000.0,75000.0,Verified,2018-03-01,2018,3,2018-03,Current,0,0,debt_consolidation,FL,34.779998779296875,1,30-40,$60k-90k,29.66461327857632,High Risk,670.0,674.0,0,2,22,1,28894.0,58.599998474121094,35,12021.0302734375,6317.27001953125,5703.759765625,0.0,Individual,0,1
142004908,10000.0,10000.0,36.0,11.0600004196167,327.67999267578125,B,B3,,OWN,30000.0,30000.0,Not Verified,2018-10-01,2018,10,2018-10,Current,0,0,credit_card,NV,25.0,1,20-30,$30k-60k,35.082819986310746,Low Risk,695.0,699.0,0,2,18,0,15487.0,58.0,24,1632.260009765625,1199.469970703125,432.7900085449219,0.0,Individual,0,0
100460567,35000.0,35000.0,36.0,11.489999771118164,1154.0,B,B5,10.0,RENT,146500.0,146500.0,Source Verified,2017-04-01,2017,4,2017-04,Charged Off,1,1,debt_consolidation,CA,13.579999923706055,1,10-20,$120k+,10.16290212183436,Low Risk,700.0,704.0,0,1,12,0,26605.0,58.099998474121094,19,15156.8701171875,8550.740234375,2944.580078125,3661.550048828125,Individual,0,0
140387767,15000.0,15000.0,60.0,25.34000015258789,443.2699890136719,E,E3,2.0,RENT,55000.0,55000.0,Source Verified,2018-10-01,2018,10,2018-10,Current,0,0,debt_consolidation,CO,24.479999542236328,1,20-30,$30k-60k,9.500342231348391,High Risk,675.0,679.0,0,0,19,0,10517.0,35.29999923706055,43,2237.469970703125,659.8900146484375,1577.5799560546875,0.0,Individual,0,0
24134453,26775.0,26775.0,60.0,23.43000030517578,761.4299926757812,F,F1,,RENT,74400.0,74400.0,Verified,2014-08-01,2014,8,2014-08,Charged Off,1,1,other,TX,14.029999732971191,1,10-20,$60k-90k,21.333333333333332,High Risk,660.0,664.0,0,0,5,1,2906.0,30.0,12,12098.669921875,2607.4599609375,5006.83984375,4484.3701171875,Individual,1,0
66632777,9500.0,9500.0,36.0,9.760000228881836,305.4700012207031,B,B3,5.0,RENT,22000.0,22000.0,Verified,2015-12-01,2015,12,2015-12,Fully Paid,1,0,debt_consolidation,NY,29.770000457763672,1,20-30,<$30k,17.585215605749486,Low Risk,695.0,699.0,1,0,16,0,9601.0,55.79999923706055,32,10861.06640625,9500.0,1361.0699462890625,0.0,Individual,0,0
143589288,20000.0,20000.0,60.0,20.889999389648438,539.8400268554688,D,D4,10.0,MORTGAGE,110000.0,110000.0,Not Verified,2018-11-01,2018,11,2018-11,Current,0,0,debt_consolidation,NC,15.029999732971191,1,10-20,$90k-120k,18.16563997262149,Medium Risk,730.0,734.0,0,0,24,0,9861.0,20.799999237060547,42,2208.7900390625,784.4199829101562,1397.3800048828125,0.0,Individual,0,0
134988305,9700.0,9700.0,36.0,5.309999942779541,292.07000732421875,A,A1,9.0,OWN,45000.0,45000.0,Not Verified,2018-06-01,2018,6,2018-06,Current,0,0,credit_card,AZ,7.28000020980835,1,<10,$30k-60k,15.16769336071184,Low Risk,725.0,729.0,0,0,1,0,9092.0,67.30000305175781,2,2622.909912109375,2282.429931640625,340.4800109863281,0.0,Individual,0,0
131356265,19250.0,19250.0,60.0,18.450000762939453,493.54998779296875,D,D2,3.0,MORTGAGE,54000.0,54000.0,Verified,2018-04-01,2018,4,2018-04,Current,0,0,debt_consolidation,AL,16.219999313354492,1,10-20,$30k-60k,11.58110882956879,Medium Risk,695.0,699.0,0,0,8,1,11240.0,40.400001525878906,15,5300.7998046875,2348.419921875,2952.3798828125,0.0,Individual,1,1
57164382,30000.0,30000.0,36.0,13.989999771118164,1025.18994140625,C,C4,7.0,RENT,659000.0,350000.0,Source Verified,2015-07-01,2015,7,2015-07,Fully Paid,1,0,debt_consolidation,CA,10.390000343322754,1,10-20,$120k+,14.57905544147844,Medium Risk,780.0,784.0,0,5,19,0,19585.0,16.299999237060547,59,37130.41015625,30000.0,7079.14990234375,0.0,Individual,1,0
106366334,35000.0,35000.0,36.0,10.489999771118164,1137.4300537109375,B,B2,10.0,RENT,175000.0,175000.0,Verified,2017-04-01,2017,4,2017-04,Charged Off,1,1,debt_consolidation,NJ,12.729999542236328,1,10-20,$120k+,30.001368925393567,Low Risk,675.0,679.0,4,0,8,0,7154.0,83.19999694824219,32,5666.75,4230.68017578125,1436.0699462890625,0.0,Individual,6,0
121751956,26050.0,26050.0,60.0,16.020000457763672,633.77001953125,C,C5,5.0,MORTGAGE,65000.0,65000.0,Source Verified,2017-10-01,2017,10,2017-10,Fully Paid,1,0,debt_consolidation,NC,20.329999923706055,1,20-30,$60k-90k,11.832991101984941,Medium Risk,780.0,784.0,0,2,15,0,819.0,1.600000023841858,29,28896.05859375,26050.0,2846.06005859375,0.0,Individual,5,0
142125693,10000.0,10000.0,60.0,20.889999389648438,269.9200134277344,D,D4,1.0,MORTGAGE,55000.0,55000.0,Not Verified,2018-10-01,2018,10,2018-10,Current,0,0,debt_consolidation,KY,26.729999542236328,1,20-30,$30k-60k,18.250513347022586,Medium Risk,690.0,694.0,0,0,12,0,21057.0,53.29999923706055,14,1326.3900146484375,496.1600036621094,830.22998046875,0.0,Joint App,1,0
66250828,25000.0,25000.0,36.0,9.760000228881836,803.8699951171875,B,B3,10.0,RENT,65000.0,65000.0,Source Verified,2015-12-01,2015,12,2015-12,Fully Paid,1,0,debt_consolidation,NY,10.1899995803833,1,10-20,$60k-90k,11.58384668035592,Low Risk,715.0,719.0,0,0,11,1,9096.0,30.799999237060547,22,25775.119140625,25000.0,775.1199951171875,0.0,Individual,0,1
125312873,3600.0,3600.0,36.0,13.59000015258789,122.33000183105469,C,C2,4.0,RENT,48000.0,48000.0,Not Verified,2017-12-01,2017,12,2017-12,Fully Paid,1,0,credit_card,NY,11.029999732971191,1,10-20,$30k-60k,7.3347022587268995,Medium Risk,715.0,719.0,0,0,10,0,3831.0,25.5,13,3907.85888671875,3600.0,307.8599853515625,0.0,Individual,0,0
119185699,4000.0,4000.0,36.0,9.930000305175781,128.94000244140625,B,B2,9.0,RENT,50960.0,50960.0,Verified,2017-09-01,2017,9,2017-09,Current,0,0,debt_consolidation,FL,4.5,1,<10,$30k-60k,4.503764544832307,Low Risk,730.0,734.0,0,0,5,0,3473.0,24.100000381469727,5,2316.510009765625,1851.989990234375,464.5199890136719,0.0,Individual,0,0
20778695,15125.0,15125.0,60.0,18.989999771118164,392.2699890136719,E,E1,3.0,MORTGAGE,38000.0,38000.0,Source Verified,2014-07-01,2014,7,2014-07,Fully Paid,1,0,debt_consolidation,NC,8.460000038146973,1,<10,$30k-60k,10.412046543463381,High Risk,660.0,664.0,0,2,8,1,8531.0,61.400001525878906,26,23070.07421875,15125.0,7945.06982421875,0.0,Individual,1,1
8545041,35000.0,35000.0,36.0,16.200000762939453,1233.9599609375,C,C4,0.0,RENT,98000.0,98000.0,Verified,2013-11-01,2013,11,2013-11,Fully Paid,1,0,credit_card,MN,31.489999771118164,1,30-40,$90k-120k,14.168377823408624,Medium Risk,685.0,689.0,1,0,11,0,38270.0,83.69999694824219,50,41702.0,35000.0,6702.0,0.0,Individual,7,0
6606276,3125.0,3125.0,36.0,14.329999923706055,107.30999755859375,C,C2,6.0,MORTGAGE,33000.0,33000.0,Verified,2013-08-01,2013,8,2013-08,Charged Off,1,1,debt_consolidation,NY,25.420000076293945,1,20-30,$30k-60k,13.66735112936345,Medium Risk,680.0,684.0,0,0,10,0,5034.0,74.0,27,1931.5799560546875,1395.219970703125,534.7999877929688,1.559999942779541,Individual,6,0
7088514,28000.0,28000.0,36.0,13.680000305175781,952.6300048828125,C,C1,10.0,RENT,85000.0,85000.0,Source Verified,2013-09-01,2013,9,2013-09,Fully Paid,1,0,debt_consolidation,CA,12.520000457763672,1,10-20,$60k-90k,10.833675564681725,Medium Risk,690.0,694.0,0,0,10,0,18459.0,59.900001525878906,23,28948.439453125,28000.0,948.4400024414062,0.0,Individual,3,0
55008818,30000.0,30000.0,36.0,6.889999866485596,924.8099975585938,A,A3,10.0,OWN,120000.0,120000.0,Verified,2015-07-01,2015,7,2015-07,Fully Paid,1,0,credit_card,IL,29.360000610351562,1,20-30,$120k+,50.332648870636554,Low Risk,710.0,714.0,0,0,17,0,68580.0,70.30000305175781,35,33261.546875,30000.0,3261.550048828125,0.0,Individual,2,0
88118878,7200.0,7200.0,36.0,13.489999771118164,244.3000030517578,C,C2,5.0,RENT,65000.0,65000.0,Source Verified,2016-08-01,2016,8,2016-08,Fully Paid,1,0,debt_consolidation,NY,11.210000038146973,1,10-20,$60k-90k,9.42094455852156,Medium Risk,685.0,689.0,0,0,6,0,3207.0,59.400001525878906,7,8375.83984375,7200.0,1175.8399658203125,0.0,Individual,0,0
46406924,30000.0,30000.0,60.0,15.609999656677246,723.3400268554688,D,D1,4.0,MORTGAGE,170000.0,170000.0,Verified,2015-05-01,2015,5,2015-05,Current,0,0,debt_consolidation,OH,19.6200008392334,1,10-20,$120k+,32.41341546885695,Medium Risk,675.0,679.0,1,1,17,0,53294.0,73.80000305175781,34,33305.80859375,20795.560546875,12510.25,0.0,Individual,4,0
106336442,6000.0,6000.0,36.0,22.739999771118164,231.4499969482422,E,E1,7.0,MORTGAGE,175467.0,175467.0,Source Verified,2017-04-01,2017,4,2017-04,Charged Off,1,1,debt_consolidation,NY,12.699999809265137,1,10-20,$120k+,19.750855578370977,High Risk,670.0,674.0,0,0,8,1,3342.0,55.70000076293945,18,530.3200073242188,237.72999572753906,217.58999633789062,75.0,Individual,2,0
74524077,32000.0,32000.0,36.0,11.989999771118164,1062.7099609375,C,C1,10.0,MORTGAGE,70000.0,70000.0,Verified,2016-03-01,2016,3,2016-03,Fully Paid,1,0,credit_card,GA,27.899999618530273,1,20-30,$60k-90k,19.665982203969882,Medium Risk,665.0,669.0,0,0,16,0,31351.0,62.599998474121094,37,37169.68359375,32000.0,5169.68017578125,0.0,Individual,3,0
20278688,10000.0,10000.0,36.0,10.989999771118164,327.3399963378906,B,B3,0.0,RENT,60000.0,60000.0,Not Verified,2014-07-01,2014,7,2014-07,Fully Paid,1,0,debt_consolidation,NY,15.9399995803833,1,10-20,$60k-90k,14.663928815879535,Low Risk,700.0,704.0,0,1,11,0,5399.0,29.700000762939453,15,11784.232421875,10000.0,1784.22998046875,0.0,Individual,0,0
142634833,6000.0,6000.0,36.0,10.470000267028809,194.92999267578125,B,B2,,MORTGAGE,30000.0,30000.0,Not Verified,2018-10-01,2018,10,2018-10,Current,0,0,debt_consolidation,DE,29.8799991607666,1,20-30,$30k-60k,15.748117727583846,Low Risk,660.0,664.0,0,1,12,1,3204.0,25.799999237060547,32,967.6699829101562,725.4500122070312,242.22000122070312,0.0,Individual,2,1
13538363,5000.0,5000.0,36.0,20.489999771118164,187.07000732421875,E,E2,10.0,MORTGAGE,78058.8828125,78058.8828125,Verified,2014-04-01,2014,4,2014-04,Fully Paid,1,0,debt_consolidation,MD,7.960000038146973,1,<10,$60k-90k,14.833675564681725,High Risk,670.0,674.0,0,1,12,0,13113.0,84.5999984741211,22,6744.24365234375,5000.0,1744.239990234375,0.0,Individual,5,0
89778346,21300.0,21300.0,60.0,18.989999771118164,552.4199829101562,D,D3,0.0,RENT,57000.0,57000.0,Verified,2016-09-01,2016,9,2016-09,Current,0,0,major_purchase,NY,21.920000076293945,1,20-30,$30k-60k,9.582477754962355,Medium Risk,710.0,714.0,0,0,10,0,2286.0,22.600000381469727,18,16550.130859375,8187.25,8362.8798828125,0.0,Individual,1,0
80888313,30000.0,30000.0,60.0,16.290000915527344,734.1799926757812,D,D1,2.0,MORTGAGE,260000.0,260000.0,Source Verified,2016-06-01,2016,6,2016-06,Current,0,0,debt_consolidation,NH,13.630000114440918,1,10-20,$120k+,14.001368925393566,Medium Risk,705.0,709.0,0,2,13,0,37940.0,86.4000015258789,22,24246.66015625,13496.990234375,10749.669921875,0.0,Individual,2,0
137623945,12000.0,12000.0,36.0,15.020000457763672,416.1099853515625,C,C3,0.0,MORTGAGE,40000.0,40000.0,Source Verified,2018-07-01,2018,7,2018-07,Fully Paid,1,0,credit_card,IL,27.270000457763672,1,20-30,$30k-60k,15.16769336071184,Medium Risk,715.0,719.0,0,0,5,0,2327.0,59.70000076293945,15,12105.1435546875,12000.0,105.13999938964844,0.0,Individual,3,0
64691864,5000.0,5000.0,36.0,7.889999866485596,156.42999267578125,A,A5,6.0,MORTGAGE,42000.0,42000.0,Source Verified,2015-11-01,2015,11,2015-11,Fully Paid,1,0,debt_consolidation,TX,16.739999771118164,1,10-20,$30k-60k,4.747433264887063,Low Risk,700.0,704.0,0,0,6,0,10421.0,46.70000076293945,10,5627.36865234375,5000.0,627.3699951171875,0.0,Individual,2,0
72704647,15000.0,15000.0,36.0,12.989999771118164,505.3399963378906,C,C2,10.0,MORTGAGE,46500.0,46500.0,Not Verified,2016-02-01,2016,2,2016-02,Fully Paid,1,0,credit_card,AR,36.18000030517578,1,30-40,$30k-60k,17.418206707734427,Medium Risk,680.0,684.0,1,1,11,0,14726.0,72.19999694824219,22,18181.291015625,15000.0,3181.2900390625,0.0,Individual,3,0
20771144,6000.0,6000.0,36.0,15.609999656677246,209.7899932861328,D,D1,2.0,OWN,42627.1015625,42627.1015625,Not Verified,2014-07-01,2014,7,2014-07,Fully Paid,1,0,debt_consolidation,TX,7.739999771118164,1,<10,$30k-60k,23.249828884325805,Medium Risk,665.0,669.0,0,1,7,0,8276.0,64.69999694824219,10,7490.9609375,6000.0,1490.9599609375,0.0,Individual,0,0
39320575,13000.0,13000.0,36.0,8.1899995803833,408.5199890136719,A,A5,1.0,RENT,90000.0,90000.0,Not Verified,2015-01-01,2015,1,2015-01,Fully Paid,1,0,debt_consolidation,NY,7.389999866485596,1,<10,$90k-120k,12.251882272416154,Low Risk,715.0,719.0,0,0,14,0,19457.0,28.0,19,14700.5224609375,13000.0,1700.52001953125,0.0,Individual,0,0
79021970,3000.0,3000.0,36.0,7.389999866485596,93.16999816894531,A,A4,,MORTGAGE,55000.0,55000.0,Not Verified,2016-05-01,2016,5,2016-05,Current,0,0,major_purchase,MN,6.550000190734863,1,<10,$30k-60k,22.001368925393567,Low Risk,710.0,714.0,1,0,8,1,5615.0,24.200000762939453,17,3165.320068359375,2815.090087890625,350.2300109863281,0.0,Individual,2,1
77189391,20000.0,20000.0,36.0,8.390000343322754,630.3400268554688,B,B1,3.0,OWN,179000.0,179000.0,Not Verified,2016-04-01,2016,4,2016-04,Charged Off,1,1,credit_card,CA,15.069999694824219,1,10-20,$120k+,15.41409993155373,Low Risk,665.0,669.0,1,2,29,0,38439.0,58.20000076293945,46,7234.8701171875,4540.06005859375,1123.6800537109375,1571.1300048828125,Individual,2,0
77429391,10000.0,10000.0,60.0,19.989999771118164,264.8900146484375,E,E1,3.0,MORTGAGE,26000.0,26000.0,Source Verified,2016-04-01,2016,4,2016-04,Charged Off,1,1,credit_card,FL,13.430000305175781,1,10-20,<$30k,16.084873374401095,High Risk,670.0,674.0,0,1,13,0,9587.0,51.5,16,5010.7001953125,2176.14990234375,2834.550048828125,0.0,Individual,1,0
70884384,33125.0,33125.0,60.0,11.470000267028809,728.010009765625,B,B5,2.0,MORTGAGE,360000.0,350000.0,Source Verified,2016-02-01,2016,2,2016-02,Fully Paid,1,0,home_improvement,GA,14.600000381469727,1,10-20,$120k+,10.335386721423683,Low Risk,765.0,769.0,0,0,13,0,80557.0,14.800000190734863,17,37784.12109375,33125.0,4659.1201171875,0.0,Individual,2,0
143081966,35000.0,35000.0,60.0,10.079999923706055,745.030029296875,B,B1,10.0,MORTGAGE,45000.0,45000.0,Verified,2018-12-01,2018,12,2018-12,Current,0,0,debt_consolidation,CO,14.609999656677246,1,10-20,$30k-60k,18.49965776865161,Low Risk,760.0,764.0,0,0,5,0,8248.0,49.400001525878906,10,2362.489990234375,1364.489990234375,998.0,0.0,Individual,2,0
94198309,1000.0,1000.0,36.0,11.4399995803833,32.95000076293945,B,B4,7.0,OWN,65000.0,65000.0,Not Verified,2016-11-01,2016,11,2016-11,Current,0,0,other,MN,12.850000381469727,1,10-20,$60k-90k,8.670773442847365,Low Risk,690.0,694.0,0,1,9,1,8024.0,33.900001525878906,11,921.9600219726562,747.4600219726562,174.5,0.0,Individual,1,0
46214522,12000.0,12000.0,36.0,8.180000305175781,377.0400085449219,B,B1,3.0,MORTGAGE,75000.0,75000.0,Not Verified,2015-04-01,2015,4,2015-04,Fully Paid,1,0,debt_consolidation,AL,26.719999313354492,1,20-30,$60k-90k,19.082819986310746,Low Risk,675.0,679.0,2,0,9,0,8871.0,50.099998474121094,15,13562.271484375,12000.0,1562.27001953125,0.0,Individual,1,0
69762554,10000.0,10000.0,36.0,12.880000114440918,336.3699951171875,C,C2,,MORTGAGE,50400.0,50400.0,Verified,2016-02-01,2016,2,2016-02,Fully Paid,1,0,home_improvement,FL,21.309999465942383,1,20-30,$30k-60k,16.16974674880219,Medium Risk,660.0,664.0,0,1,6,1,3485.0,60.099998474121094,17,11922.857421875,10000.0,1922.8599853515625,0.0,Individual,3,1
115688515,6000.0,6000.0,36.0,7.210000038146973,185.83999633789062,A,A3,3.0,RENT,40000.0,40000.0,Source Verified,2017-08-01,2017,8,2017-08,Fully Paid,1,0,credit_card,OR,14.460000038146973,1,10-20,$30k-60k,4.6652977412731005,Low Risk,755.0,759.0,0,0,9,0,8936.0,24.799999237060547,14,6392.14111328125,6000.0,392.1400146484375,0.0,Joint App,0,0
125847499,22825.0,22825.0,60.0,16.020000457763672,555.3099975585938,C,C5,,MORTGAGE,42000.0,42000.0,Verified,2018-01-01,2018,1,2018-01,Charged Off,1,1,home_improvement,CA,2.6700000762939453,1,<10,$30k-60k,28.83778234086242,Medium Risk,665.0,669.0,0,3,17,0,1634.0,3.200000047683716,21,5758.490234375,1286.8900146484375,1438.8699951171875,3032.72998046875,Individual,3,0
52341218,19800.0,19800.0,60.0,19.989999771118164,524.469970703125,E,E4,0.0,RENT,45000.0,45000.0,Source Verified,2015-06-01,2015,6,2015-06,Fully Paid,1,0,debt_consolidation,NV,34.31999969482422,1,30-40,$30k-60k,20.16700889801506,High Risk,665.0,669.0,0,0,10,2,9074.0,47.29999923706055,51,29779.783203125,19800.0,9979.7802734375,0.0,Individual,2,2
41130593,13325.0,13325.0,60.0,18.84000015258789,344.489990234375,E,E2,10.0,MORTGAGE,58000.0,58000.0,Verified,2015-02-01,2015,2,2015-02,Fully Paid,1,0,credit_card,AZ,30.969999313354492,1,30-40,$30k-60k,11.000684462696784,High Risk,700.0,704.0,0,3,20,0,7460.0,28.399999618530273,42,17684.2109375,13325.0,4359.2099609375,0.0,Individual,6,0
5105561,6500.0,6500.0,36.0,13.109999656677246,219.36000061035156,B,B4,1.0,RENT,61500.0,61500.0,Not Verified,2013-05-01,2013,5,2013-05,Fully Paid,1,0,debt_consolidation,TX,11.470000267028809,1,10-20,$60k-90k,11.496235455167694,Low Risk,695.0,699.0,0,0,7,0,11764.0,86.5,21,7094.18017578125,6500.0,594.1799926757812,0.0,Individual,0,0
21081033,10000.0,10000.0,36.0,6.489999771118164,306.45001220703125,A,A2,,MORTGAGE,30000.0,30000.0,Source Verified,2014-07-01,2014,7,2014-07,Fully Paid,1,0,credit_card,CA,14.399999618530273,1,10-20,$30k-60k,42.58179329226557,Low Risk,675.0,679.0,0,0,14,0,12348.0,33.900001525878906,29,10572.16015625,10000.0,572.1599731445312,0.0,Individual,2,0
6616882,18000.0,18000.0,60.0,17.559999465942383,452.7900085449219,D,D1,10.0,OWN,92000.0,92000.0,Verified,2013-08-01,2013,8,2013-08,Fully Paid,1,0,other,TX,17.56999969482422,1,10-20,$90k-120k,17.582477754962355,Medium Risk,755.0,759.0,0,0,18,0,17616.0,42.0,34,27166.845703125,18000.0,9166.849609375,0.0,Individual,0,0
119135758,2000.0,2000.0,36.0,7.349999904632568,62.08000183105469,A,A4,0.0,RENT,45000.0,45000.0,Source Verified,2017-09-01,2017,9,2017-09,Fully Paid,1,0,major_purchase,TN,11.329999923706055,1,10-20,$30k-60k,9.66735112936345,Low Risk,775.0,779.0,0,0,9,0,891.0,17.799999237060547,12,2141.08251953125,2000.0,141.0800018310547,0.0,Individual,0,0
119655520,10000.0,10000.0,36.0,16.020000457763672,351.6700134277344,C,C5,3.0,RENT,55000.0,55000.0,Not Verified,2017-09-01,2017,9,2017-09,Fully Paid,1,0,credit_card,PA,19.15999984741211,1,10-20,$30k-60k,6.91854893908282,Medium Risk,660.0,664.0,0,0,10,0,12916.0,50.099998474121094,25,11624.86328125,10000.0,1624.8599853515625,0.0,Individual,0,0
72258388,35000.0,35000.0,36.0,14.460000038146973,1204.06005859375,C,C4,0.0,MORTGAGE,150000.0,150000.0,Source Verified,2016-02-01,2016,2,2016-02,Fully Paid,1,0,credit_card,WA,9.859999656677246,1,<10,$120k+,40.67077344284736,Medium Risk,675.0,679.0,0,0,13,1,23406.0,52.70000076293945,36,39319.671875,35000.0,4319.669921875,0.0,Individual,7,0
135779309,15000.0,15000.0,36.0,8.079999923706055,470.6000061035156,A,A5,5.0,RENT,180000.0,180000.0,Not Verified,2018-06-01,2018,6,2018-06,Current,0,0,debt_consolidation,CA,6.869999885559082,1,<10,$120k+,15.252566735112936,Low Risk,725.0,729.0,0,0,20,1,16727.0,42.599998474121094,40,4228.669921875,3417.409912109375,811.260009765625,0.0,Individual,5,1
70924761,5000.0,5000.0,36.0,11.470000267028809,164.80999755859375,B,B5,10.0,MORTGAGE,150000.0,150000.0,Not Verified,2016-02-01,2016,2,2016-02,Fully Paid,1,0,debt_consolidation,NY,18.780000686645508,1,10-20,$120k+,22.836413415468858,Low Risk,690.0,694.0,0,1,17,0,28846.0,66.9000015258789,30,5460.64990234375,5000.0,460.6499938964844,0.0,Individual,3,0
24776139,10000.0,10000.0,60.0,13.350000381469727,229.3300018310547,C,C2,8.0,MORTGAGE,42500.0,42500.0,Verified,2014-08-01,2014,8,2014-08,Fully Paid,1,0,other,FL,7.650000095367432,1,<10,$30k-60k,12.747433264887064,Medium Risk,670.0,674.0,0,1,8,1,32705.0,17.600000381469727,15,11051.599609375,10000.0,1051.5999755859375,0.0,Individual,1,1
118077446,12000.0,12000.0,36.0,15.050000190734863,416.2799987792969,C,C4,10.0,OWN,80000.0,80000.0,Not Verified,2017-09-01,2017,9,2017-09,Late (31-120 days),0,0,debt_consolidation,TX,21.209999084472656,1,20-30,$60k-90k,19.83299110198494,Medium Risk,695.0,699.0,0,0,10,0,10329.0,55.5,39,6234.169921875,4356.4599609375,1877.7099609375,0.0,Individual,2,0
1447533,17475.0,17475.0,60.0,21.489999771118164,477.5899963378906,E,E3,10.0,RENT,44700.0,44700.0,Verified,2012-08-01,2012,8,2012-08,Charged Off,1,1,debt_consolidation,WA,23.40999984741211,1,20-30,$30k-60k,20.334017796030118,High Risk,670.0,674.0,0,1,11,0,25872.0,89.80000305175781,21,9551.7998046875,3915.85009765625,5630.3701171875,5.579999923706055,Individual,0,0
79400971,15000.0,15000.0,36.0,9.75,482.25,B,B3,9.0,MORTGAGE,150000.0,150000.0,Source Verified,2016-05-01,2016,5,2016-05,Fully Paid,1,0,debt_consolidation,CA,14.819999694824219,1,10-20,$120k+,18.168377823408623,Low Risk,665.0,669.0,1,2,9,0,24952.0,75.5999984741211,23,16462.982421875,15000.0,1462.97998046875,0.0,Individual,0,0
94486908,32075.0,32075.0,36.0,11.489999771118164,1057.56005859375,B,B5,10.0,RENT,115400.0,115400.0,Not Verified,2016-12-01,2016,12,2016-12,Fully Paid,1,0,credit_card,NJ,23.8799991607666,1,20-30,$90k-120k,6.168377823408624,Low Risk,710.0,714.0,0,0,14,0,21913.0,56.20000076293945,23,36913.8125,32075.0,4838.81005859375,0.0,Individual,0,0
96889056,9800.0,9800.0,36.0,6.989999771118164,302.55999755859375,A,A2,2.0,MORTGAGE,65000.0,65000.0,Not Verified,2017-01-01,2017,1,2017-01,Current,0,0,credit_card,MD,21.420000076293945,1,20-30,$60k-90k,10.587268993839835,Low Risk,720.0,724.0,0,0,24,0,9628.0,39.0,34,7862.27978515625,6869.47021484375,992.8099975585938,0.0,Individual,1,0
102299462,25000.0,25000.0,36.0,11.4399995803833,823.6900024414062,B,B4,10.0,MORTGAGE,106000.0,106000.0,Not Verified,2017-03-01,2017,3,2017-03,Current,0,0,home_improvement,IL,8.850000381469727,1,<10,$90k-120k,16.413415468856947,Low Risk,675.0,679.0,0,2,10,0,1060.0,8.899999618530273,31,19736.779296875,15702.0302734375,4034.75,0.0,Individual,2,0
93413905,4200.0,4200.0,36.0,5.320000171661377,126.48999786376953,A,A1,0.0,OWN,70000.0,70000.0,Source Verified,2016-11-01,2016,11,2016-11,Fully Paid,1,0,major_purchase,KS,26.1299991607666,1,20-30,$60k-90k,17.086926762491444,Low Risk,760.0,764.0,2,2,12,0,2010.0,6.199999809265137,37,4510.34716796875,4200.0,310.3500061035156,0.0,Individual,1,0
106827191,7200.0,7200.0,36.0,10.420000076293945,233.75,B,B3,2.0,RENT,75000.0,75000.0,Source Verified,2017-05-01,2017,5,2017-05,Current,0,0,credit_card,TX,14.819999694824219,1,10-20,$60k-90k,10.74880219028063,Low Risk,660.0,664.0,2,0,3,0,4943.0,98.9000015258789,11,5137.2998046875,4131.18994140625,1006.1099853515625,0.0,Individual,0,0
144574288,16000.0,16000.0,60.0,18.940000534057617,414.5299987792969,D,D2,10.0,RENT,35000.0,35000.0,Source Verified,2018-12-01,2018,12,2018-12,Current,0,0,debt_consolidation,FL,34.09000015258789,1,30-40,$30k-60k,22.33264887063655,Medium Risk,700.0,704.0,0,0,13,0,18113.0,56.099998474121094,21,1226.75,493.70001220703125,733.0499877929688,0.0,Individual,0,0
12387416,14400.0,14400.0,36.0,11.989999771118164,478.2200012207031,B,B3,10.0,MORTGAGE,99000.0,99000.0,Not Verified,2014-03-01,2014,3,2014-03,Fully Paid,1,0,other,NY,19.969999313354492,1,10-20,$90k-120k,18.748802190280628,Low Risk,700.0,704.0,1,0,16,0,9912.0,50.79999923706055,29,17211.546875,14400.0,2811.550048828125,0.0,Individual,1,0
38415755,7500.0,7500.0,36.0,8.1899995803833,235.69000244140625,A,A5,10.0,MORTGAGE,90000.0,90000.0,Source Verified,2015-01-01,2015,1,2015-01,Fully Paid,1,0,debt_consolidation,MD,10.930000305175781,1,10-20,$90k-120k,16.334017796030118,Low Risk,665.0,669.0,1,0,10,1,3344.0,13.800000190734863,37,8134.490234375,7500.0,634.489990234375,0.0,Individual,5,1
65707190,17850.0,17850.0,36.0,12.59000015258789,597.9199829101562,C,C2,3.0,MORTGAGE,61994.0,61994.0,Source Verified,2015-11-01,2015,11,2015-11,Fully Paid,1,0,debt_consolidation,IL,27.860000610351562,1,20-30,$60k-90k,17.831622176591377,Medium Risk,705.0,709.0,2,3,26,0,3584.0,16.200000762939453,38,21512.544921875,17850.0,3662.550048828125,0.0,Individual,2,0
14489125,10000.0,10000.0,36.0,8.899999618530273,317.5400085449219,A,A5,10.0,RENT,115000.0,115000.0,Verified,2014-04-01,2014,4,2014-04,Fully Paid,1,0,debt_consolidation,TX,19.1200008392334,1,10-20,$90k-120k,10.751540041067761,Low Risk,705.0,709.0,1,3,12,0,12709.0,47.099998474121094,22,11371.6904296875,10000.0,1371.68994140625,0.0,Individual,0,0
27652187,4925.0,4925.0,36.0,18.239999771118164,178.64999389648438,D,D5,6.0,MORTGAGE,40000.0,40000.0,Not Verified,2014-09-01,2014,9,2014-09,Fully Paid,1,0,debt_consolidation,NV,27.56999969482422,1,20-30,$30k-60k,12.16974674880219,Medium Risk,670.0,674.0,0,0,11,0,10319.0,74.19999694824219,16,5442.47021484375,4925.0,517.469970703125,0.0,Individual,2,0
1424194,8000.0,8000.0,36.0,17.770000457763672,288.29998779296875,D,D1,3.0,RENT,86000.0,86000.0,Not Verified,2012-07-01,2012,7,2012-07,Fully Paid,1,0,debt_consolidation,NY,10.229999542236328,1,10-20,$60k-90k,9.664613278576317,Medium Risk,670.0,674.0,0,2,5,0,13306.0,83.69999694824219,22,10269.900390625,8000.0,2269.89990234375,0.0,Individual,0,0
3255332,12000.0,12000.0,36.0,7.690000057220459,374.3299865722656,A,A4,2.0,RENT,35000.0,35000.0,Source Verified,2014-07-01,2014,7,2014-07,Fully Paid,1,0,debt_consolidation,MD,25.239999771118164,1,20-30,$30k-60k,10.915811088295689,Low Risk,680.0,684.0,0,0,9,0,2443.0,55.5,16,13475.5830078125,12000.0,1475.5799560546875,0.0,Individual,0,0
125920572,3000.0,3000.0,36.0,9.4399995803833,96.0199966430664,B,B1,,RENT,41592.0,41592.0,Verified,2017-12-01,2017,12,2017-12,Current,0,0,other,CA,3.8399999141693115,1,<10,$30k-60k,27.668720054757017,Low Risk,665.0,669.0,0,1,7,0,3968.0,36.099998474121094,20,1438.72998046875,1148.2099609375,290.5199890136719,0.0,Individual,0,0
134388467,15000.0,15000.0,60.0,9.579999923706055,315.6199951171875,B,B1,7.0,MORTGAGE,300000.0,300000.0,Source Verified,2018-06-01,2018,6,2018-06,Current,0,0,debt_consolidation,MN,11.479999542236328,1,10-20,$120k+,21.084188911704313,Low Risk,830.0,834.0,0,1,22,0,596.0,0.6000000238418579,39,2832.60009765625,1820.1800537109375,1012.4199829101562,0.0,Individual,4,0
110754791,6000.0,6000.0,36.0,9.4399995803833,192.02999877929688,B,B1,10.0,RENT,38000.0,38000.0,Not Verified,2017-06-01,2017,6,2017-06,Charged Off,1,1,credit_card,NY,15.510000228881836,1,10-20,$30k-60k,23.498973305954827,Low Risk,695.0,699.0,0,1,11,0,5560.0,38.099998474121094,17,2551.110107421875,1974.0699462890625,527.0399780273438,50.0,Individual,0,0
54316830,19350.0,19350.0,36.0,11.529999732971191,638.3699951171875,B,B5,10.0,OWN,55000.0,55000.0,Source Verified,2015-07-01,2015,7,2015-07,Fully Paid,1,0,debt_consolidation,MO,29.760000228881836,1,20-30,$30k-60k,26.913073237508556,Low Risk,660.0,664.0,0,0,6,1,6116.0,38.20000076293945,20,23030.556640625,19350.0,3680.56005859375,0.0,Individual,1,1
73334379,3000.0,3000.0,36.0,11.989999771118164,99.62999725341797,C,C1,6.0,OWN,20000.0,20000.0,Source Verified,2016-03-01,2016,3,2016-03,Fully Paid,1,0,debt_consolidation,WA,19.450000762939453,1,10-20,<$30k,9.749486652977414,Medium Risk,660.0,664.0,2,0,5,0,2859.0,71.5,7,3584.619873046875,3000.0,584.6199951171875,0.0,Individual,0,0
125830626,3200.0,3200.0,36.0,7.349999904632568,99.31999969482422,A,A4,0.0,OWN,15600.0,15600.0,Source Verified,2017-12-01,2017,12,2017-12,Current,0,0,other,NC,11.880000114440918,1,10-20,<$30k,31.16769336071184,Low Risk,760.0,764.0,0,0,6,0,4246.0,29.700000762939453,7,2987.18994140625,2851.389892578125,135.8000030517578,0.0,Individual,0,0
102351735,12000.0,12000.0,36.0,11.489999771118164,395.6600036621094,B,B5,0.0,RENT,50000.0,50000.0,Source Verified,2017-03-01,2017,3,2017-03,Current,0,0,car,NJ,10.520000457763672,1,10-20,$30k-60k,8.914442162902121,Low Risk,700.0,704.0,0,1,12,2,14753.0,23.200000762939453,17,9480.51953125,7533.81005859375,1946.7099609375,0.0,Individual,0,2
134081964,25000.0,25000.0,36.0,6.829999923706055,769.989990234375,A,A3,10.0,RENT,225000.0,225000.0,Source Verified,2018-06-01,2018,6,2018-06,Current,0,0,debt_consolidation,HI,11.630000114440918,1,10-20,$120k+,16.747433264887064,Low Risk,735.0,739.0,1,1,14,0,41254.0,34.29999923706055,26,6920.419921875,5779.6201171875,1140.800048828125,0.0,Individual,0,0
143378907,12000.0,12000.0,60.0,20.889999389648438,323.8999938964844,D,D4,5.0,RENT,45656.0,45656.0,Source Verified,2018-11-01,2018,11,2018-11,Current,0,0,debt_consolidation,TN,31.649999618530273,1,30-40,$30k-60k,11.419575633127995,Medium Risk,680.0,684.0,1,0,13,0,5974.0,21.5,19,1281.6700439453125,472.1499938964844,809.52001953125,0.0,Individual,0,0
415631,16000.0,16000.0,36.0,14.739999771118164,552.5900268554688,D,D3,4.0,MORTGAGE,50000.0,50000.0,Verified,2009-06-01,2009,6,2009-06,Charged Off,1,1,small_business,GA,18.530000686645508,1,10-20,$30k-60k,11.58110882956879,Medium Risk,670.0,674.0,1,1,6,0,3364.0,44.900001525878906,15,2210.360107421875,1449.52001953125,758.8400268554688,2.0,Individual,-1,0
115074055,9600.0,9600.0,36.0,7.96999979019165,300.70001220703125,A,A5,2.0,MORTGAGE,150000.0,150000.0,Source Verified,2017-08-01,2017,8,2017-08,Fully Paid,1,0,debt_consolidation,IL,7.539999961853027,1,<10,$120k+,11.915126625598905,Low Risk,680.0,684.0,1,0,11,0,12539.0,57.5,51,9644.6337890625,9600.0,44.630001068115234,0.0,Individual,1,0
98817927,11000.0,11000.0,36.0,12.739999771118164,369.260009765625,C,C1,10.0,MORTGAGE,90000.0,90000.0,Source Verified,2017-02-01,2017,2,2017-02,Current,0,0,debt_consolidation,NY,28.59000015258789,1,20-30,$90k-120k,26.420260095824776,Medium Risk,795.0,799.0,0,0,14,0,5184.0,14.600000381469727,25,9223.7099609375,7185.509765625,2038.199951171875,0.0,Individual,2,0
110016824,1500.0,1500.0,36.0,14.079999923706055,51.33000183105469,C,C3,,MORTGAGE,35000.0,35000.0,Verified,2017-05-01,2017,5,2017-05,Current,0,0,debt_consolidation,MD,24.25,1,20-30,$30k-60k,11.082819986310746,Medium Risk,710.0,714.0,0,0,11,0,9848.0,38.79999923706055,14,1076.760009765625,797.9600219726562,278.79998779296875,0.0,Individual,4,0
120012886,6000.0,6000.0,36.0,13.59000015258789,203.8800048828125,C,C2,4.0,RENT,70000.0,70000.0,Not Verified,2017-09-01,2017,9,2017-09,Current,0,0,other,NY,27.260000228881836,1,20-30,$60k-90k,22.833675564681723,Medium Risk,675.0,679.0,3,2,10,0,3742.0,36.0,23,3646.469970703125,2697.1201171875,949.3499755859375,0.0,Individual,0,0
65804632,5200.0,5200.0,36.0,13.670000076293945,176.89999389648438,C,C4,10.0,MORTGAGE,35828.0,35828.0,Source Verified,2015-11-01,2015,11,2015-11,Fully Paid,1,0,credit_card,NM,38.130001068115234,1,30-40,$30k-60k,33.41820670773443,Medium Risk,705.0,709.0,0,0,7,0,38733.0,92.0,9,6364.068359375,5200.0,1164.0699462890625,0.0,Individual,1,0
132484285,12800.0,12800.0,36.0,6.070000171661377,389.80999755859375,A,A2,10.0,MORTGAGE,84000.0,84000.0,Not Verified,2018-05-01,2018,5,2018-05,Current,0,0,debt_consolidation,CO,31.170000076293945,1,30-40,$60k-90k,16.082135523613964,Low Risk,780.0,784.0,0,1,8,0,9732.0,21.700000762939453,17,3917.530029296875,3325.639892578125,591.8900146484375,0.0,Individual,1,0
53584764,6200.0,6200.0,36.0,7.889999866485596,193.97999572753906,A,A5,1.0,RENT,80000.0,80000.0,Verified,2015-06-01,2015,6,2015-06,Fully Paid,1,0,debt_consolidation,CA,7.550000190734863,1,<10,$60k-90k,19.748117727583846,Low Risk,675.0,679.0,0,0,7,1,6257.0,14.899999618530273,23,6965.94970703125,6200.0,765.9500122070312,0.0,Individual,0,1
8668717,28000.0,28000.0,60.0,16.200000762939453,683.8900146484375,C,C4,4.0,RENT,150000.0,150000.0,Verified,2013-11-01,2013,11,2013-11,Fully Paid,1,0,debt_consolidation,CA,20.829999923706055,1,20-30,$120k+,26.50513347022587,Medium Risk,725.0,729.0,0,0,12,0,53050.0,62.599998474121094,30,38923.55078125,28000.0,10923.5498046875,0.0,Individual,1,0
34363233,9000.0,9000.0,36.0,6.989999771118164,277.8599853515625,A,A3,10.0,MORTGAGE,47000.0,47000.0,Source Verified,2014-11-01,2014,11,2014-11,Fully Paid,1,0,debt_consolidation,WI,11.619999885559082,1,10-20,$30k-60k,16.58590006844627,Low Risk,740.0,744.0,0,0,11,2,6583.0,13.199999809265137,21,9872.1025390625,9000.0,872.0999755859375,0.0,Individual,5,0
757135,5000.0,5000.0,36.0,10.59000015258789,162.72999572753906,B,B2,10.0,OWN,40000.0,40000.0,Source Verified,2011-05-01,2011,5,2011-05,Fully Paid,1,0,home_improvement,IL,23.100000381469727,1,20-30,$30k-60k,18.830937713894592,Low Risk,715.0,719.0,0,1,5,0,7146.0,71.5,23,5858.0478515625,5000.0,858.0499877929688,0.0,Individual,-1,0
46324877,8950.0,8950.0,36.0,20.489999771118164,334.8599853515625,E,E4,,MORTGAGE,41592.0,41592.0,Verified,2015-04-01,2015,4,2015-04,Fully Paid,1,0,debt_consolidation,CA,25.59000015258789,1,20-30,$30k-60k,8.084873374401095,High Risk,690.0,694.0,0,0,7,0,6957.0,67.5,14,9906.75,8950.0,956.75,0.0,Individual,1,0
92155019,8400.0,8400.0,36.0,7.239999771118164,260.29998779296875,A,A3,6.0,OWN,73000.0,73000.0,Verified,2016-10-01,2016,10,2016-10,Fully Paid,1,0,credit_card,MS,17.739999771118164,1,10-20,$60k-90k,13.169062286105408,Low Risk,680.0,684.0,0,0,9,0,12635.0,71.80000305175781,27,8652.056640625,8400.0,252.05999755859375,0.0,Individual,2,0
7629060,7500.0,7500.0,36.0,13.670000076293945,255.13999938964844,B,B5,10.0,OWN,120000.0,120000.0,Not Verified,2013-10-01,2013,10,2013-10,Fully Paid,1,0,debt_consolidation,IN,10.739999771118164,1,10-20,$120k+,9.91649555099247,Low Risk,660.0,664.0,0,0,9,0,15313.0,85.0999984741211,33,9182.669921875,7500.0,1682.6700439453125,0.0,Individual,0,0
121786418,10000.0,10000.0,36.0,17.09000015258789,356.9800109863281,D,D1,3.0,OWN,53000.0,53000.0,Source Verified,2017-10-01,2017,10,2017-10,Current,0,0,debt_consolidation,NJ,23.3700008392334,1,20-30,$30k-60k,7.082819986310746,Medium Risk,665.0,669.0,0,0,12,0,10442.0,53.79999923706055,15,6049.669921875,4094.280029296875,1955.3900146484375,0.0,Individual,0,0
129860053,20000.0,20000.0,36.0,6.070000171661377,609.0800170898438,A,A2,6.0,MORTGAGE,135000.0,135000.0,Source Verified,2018-03-01,2018,3,2018-03,Current,0,0,debt_consolidation,UT,17.260000228881836,1,10-20,$120k+,13.494866529774127,Low Risk,715.0,719.0,0,1,12,0,21776.0,41.79999923706055,26,7295.47021484375,6267.419921875,1028.050048828125,0.0,Individual,0,0
99727756,20000.0,20000.0,36.0,11.4399995803833,658.9500122070312,B,B4,2.0,MORTGAGE,85000.0,85000.0,Verified,2017-03-01,2017,3,2017-03,Fully Paid,1,0,debt_consolidation,ID,25.68000030517578,1,20-30,$60k-90k,18.496919917864478,Low Risk,670.0,674.0,0,0,20,2,24536.0,78.4000015258789,34,22240.75390625,20000.0,2240.75,0.0,Individual,5,2
127798554,7000.0,7000.0,36.0,15.050000190734863,242.8300018310547,C,C4,1.0,MORTGAGE,39000.0,39000.0,Source Verified,2018-02-01,2018,2,2018-02,Current,0,0,credit_card,WA,33.83000183105469,1,30-40,$30k-60k,15.756331279945243,Medium Risk,680.0,684.0,0,2,9,1,5483.0,35.79999923706055,23,3160.64990234375,2174.3701171875,986.280029296875,0.0,Individual,1,1
52027701,10000.0,10000.0,60.0,10.989999771118164,217.3800048828125,B,B4,10.0,RENT,70000.0,70000.0,Source Verified,2015-06-01,2015,6,2015-06,Fully Paid,1,0,debt_consolidation,PA,12.460000038146973,1,10-20,$60k-90k,19.665982203969882,Low Risk,665.0,669.0,0,1,10,0,9819.0,59.900001525878906,18,12480.7431640625,10000.0,2480.739990234375,0.0,Individual,0,0
6704985,8000.0,8000.0,36.0,13.050000190734863,269.75,B,B5,5.0,OWN,100000.0,100000.0,Verified,2013-09-01,2013,9,2013-09,Fully Paid,1,0,credit_card,CA,18.020000457763672,1,10-20,$90k-120k,10.91854893908282,Low Risk,690.0,694.0,0,4,10,0,51435.0,85.0,23,9710.7509765625,8000.0,1710.75,0.0,Individual,6,0
143340431,29000.0,29000.0,60.0,11.3100004196167,635.030029296875,B,B3,8.0,MORTGAGE,91250.0,91250.0,Verified,2018-11-01,2018,11,2018-11,Current,0,0,credit_card,MD,17.030000686645508,1,10-20,$90k-120k,13.166324435318275,Low Risk,695.0,699.0,0,1,8,0,53329.0,82.0,13,2503.679931640625,1467.4000244140625,1036.280029296875,0.0,Individual,1,0
133202903,24000.0,24000.0,36.0,6.190000057220459,732.2000122070312,A,A2,1.0,RENT,140000.0,140000.0,Not Verified,2018-05-01,2018,5,2018-05,Current,0,0,credit_card,CT,18.860000610351562,1,10-20,$120k+,15.58110882956879,Low Risk,680.0,684.0,1,0,10,0,25965.0,78.19999694824219,28,7313.75,6227.18994140625,1086.56005859375,0.0,Individual,1,0
114012402,40000.0,40000.0,60.0,11.989999771118164,889.5800170898438,B,B5,,MORTGAGE,200000.0,200000.0,Source Verified,2017-07-01,2017,7,2017-07,Current,0,0,debt_consolidation,VA,13.640000343322754,1,10-20,$120k+,24.0,Low Risk,710.0,714.0,0,1,14,0,52273.0,79.30000305175781,28,17946.7109375,11112.5,6834.2099609375,0.0,Individual,3,0
55867159,28000.0,28000.0,36.0,7.889999866485596,876.0,A,A5,2.0,MORTGAGE,160000.0,160000.0,Source Verified,2015-07-01,2015,7,2015-07,Fully Paid,1,0,small_business,CA,11.279999732971191,1,10-20,$120k+,29.661875427789184,Low Risk,710.0,714.0,0,0,11,0,131705.0,18.0,19,28491.970703125,28000.0,491.9700012207031,0.0,Individual,1,0
117009906,10000.0,10000.0,60.0,16.020000457763672,243.2899932861328,C,C5,1.0,RENT,40000.0,40000.0,Source Verified,2017-09-01,2017,9,2017-09,Current,0,0,debt_consolidation,PA,13.739999771118164,1,10-20,$30k-60k,4.16974674880219,Medium Risk,685.0,689.0,0,0,6,0,4697.0,51.599998474121094,7,4604.490234375,2507.169921875,2097.320068359375,0.0,Individual,0,0
57254898,5000.0,5000.0,36.0,7.260000228881836,154.99000549316406,A,A4,10.0,MORTGAGE,85000.0,85000.0,Not Verified,2015-09-01,2015,9,2015-09,Fully Paid,1,0,home_improvement,NE,14.880000114440918,1,10-20,$60k-90k,11.249828884325805,Low Risk,690.0,694.0,0,0,9,0,7879.0,39.79999923706055,18,5348.10009765625,5000.0,348.1000061035156,0.0,Individual,2,0
78508913,20000.0,20000.0,60.0,14.460000038146973,470.1499938964844,C,C4,8.0,MORTGAGE,99000.0,99000.0,Verified,2016-05-01,2016,5,2016-05,Current,0,0,debt_consolidation,IN,19.549999237060547,1,10-20,$90k-120k,14.329911019849419,Medium Risk,695.0,699.0,0,1,22,0,28073.0,93.9000015258789,26,15969.0302734375,9559.2900390625,6409.740234375,0.0,Individual,3,0
26088168,24000.0,24000.0,60.0,10.989999771118164,521.7000122070312,B,B3,10.0,MORTGAGE,100000.0,100000.0,Source Verified,2014-09-01,2014,9,2014-09,Fully Paid,1,0,debt_consolidation,SC,9.079999923706055,1,<10,$90k-120k,29.336071184120467,Low Risk,740.0,744.0,0,0,7,0,23512.0,32.400001525878906,17,30502.03125,24000.0,6502.02978515625,0.0,Individual,3,0
77142188,9000.0,9000.0,36.0,11.470000267028809,296.6600036621094,B,B5,10.0,MORTGAGE,36000.0,36000.0,Source Verified,2016-05-01,2016,5,2016-05,Current,0,0,credit_card,TX,42.06999969482422,1,40+,$30k-60k,18.496919917864478,Low Risk,685.0,689.0,0,0,7,0,6561.0,83.0999984741211,20,10080.7001953125,8415.259765625,1665.43994140625,0.0,Individual,0,0
49237706,18000.0,18000.0,60.0,16.989999771118164,447.25,D,D3,4.0,OWN,115000.0,115000.0,Source Verified,2015-05-01,2015,5,2015-05,In Grace Period,0,0,home_improvement,TX,18.90999984741211,1,10-20,$90k-120k,10.57905544147844,Medium Risk,705.0,709.0,0,0,8,2,1967.0,31.200000762939453,13,20106.130859375,11977.490234375,8106.27978515625,0.0,Individual,0,1
67347146,6000.0,6000.0,36.0,9.760000228881836,192.92999267578125,B,B3,7.0,RENT,60000.0,60000.0,Source Verified,2015-12-01,2015,12,2015-12,Fully Paid,1,0,debt_consolidation,SC,11.220000267028809,1,10-20,$60k-90k,13.828884325804244,Low Risk,675.0,679.0,0,1,22,0,8874.0,50.400001525878906,29,6933.62158203125,6000.0,933.6199951171875,0.0,Individual,0,0
125639822,18000.0,18000.0,36.0,7.349999904632568,558.6799926757812,A,A4,3.0,OWN,100000.0,100000.0,Source Verified,2017-12-01,2017,12,2017-12,Current,0,0,debt_consolidation,PA,19.040000915527344,1,10-20,$90k-120k,23.000684462696782,Low Risk,705.0,709.0,0,0,9,0,28686.0,60.0,10,8365.5,7022.64013671875,1342.8599853515625,0.0,Individual,1,0
94022653,15000.0,15000.0,36.0,16.989999771118164,534.719970703125,D,D1,1.0,RENT,66100.0,66100.0,Source Verified,2016-12-01,2016,12,2016-12,Fully Paid,1,0,other,TX,18.5,1,10-20,$60k-90k,7.4195756331279945,Medium Risk,680.0,684.0,0,1,12,0,6575.0,23.399999618530273,49,18298.875,15000.0,3298.8701171875,0.0,Joint App,0,0
11355606,5300.0,5300.0,36.0,19.219999313354492,194.8699951171875,D,D4,0.0,RENT,20000.0,20000.0,Not Verified,2014-02-01,2014,2,2014-02,Fully Paid,1,0,debt_consolidation,CA,20.770000457763672,1,20-30,<$30k,4.503764544832307,Medium Risk,680.0,684.0,0,2,12,0,4058.0,32.70000076293945,14,7015.17236328125,5300.0,1715.1700439453125,0.0,Individual,0,0
60596932,12000.0,12000.0,36.0,8.180000305175781,377.0400085449219,B,B1,3.0,MORTGAGE,52000.0,52000.0,Not Verified,2015-09-01,2015,9,2015-09,Fully Paid,1,0,home_improvement,FL,34.470001220703125,1,30-40,$30k-60k,13.91649555099247,Low Risk,720.0,724.0,1,0,24,0,12938.0,36.900001525878906,40,13595.181640625,12000.0,1595.1800537109375,0.0,Individual,3,0
92299849,33625.0,33625.0,60.0,28.690000534057617,1060.989990234375,F,F1,10.0,OWN,125000.0,125000.0,Source Verified,2016-11-01,2016,11,2016-11,Charged Off,1,1,debt_consolidation,WI,23.770000457763672,1,20-30,$120k+,20.670773442847366,High Risk,705.0,709.0,0,1,26,0,32915.0,35.400001525878906,66,7257.08984375,789.7999877929688,2285.97998046875,4181.31005859375,Individual,9,0
65716153,25000.0,25000.0,36.0,11.220000267028809,821.0800170898438,B,B5,9.0,RENT,60500.0,60500.0,Not Verified,2015-11-01,2015,11,2015-11,Fully Paid,1,0,credit_card,NY,28.43000030517578,1,20-30,$60k-90k,10.250513347022586,Low Risk,700.0,704.0,0,0,12,0,29065.0,70.69999694824219,13,28704.931640625,25000.0,3704.929931640625,0.0,Individual,0,0
60385325,25450.0,25450.0,36.0,6.239999771118164,777.010009765625,A,A2,10.0,RENT,68000.0,68000.0,Not Verified,2015-09-01,2015,9,2015-09,Fully Paid,1,0,debt_consolidation,VA,20.469999313354492,1,20-30,$60k-90k,18.663928815879533,Low Risk,765.0,769.0,0,0,8,0,6609.0,21.0,32,27731.859375,25450.0,2281.860107421875,0.0,Individual,0,0
128090433,10000.0,10000.0,36.0,6.71999979019165,307.5,A,A3,1.0,MORTGAGE,177000.0,177000.0,Not Verified,2018-02-01,2018,2,2018-02,Fully Paid,1,0,car,IL,24.329999923706055,1,20-30,$120k+,13.83709787816564,Low Risk,765.0,769.0,0,0,32,0,7768.0,4.599999904632568,61,10175.5625,10000.0,175.55999755859375,0.0,Individual,1,0
94209503,3000.0,3000.0,36.0,8.239999771118164,94.3499984741211,B,B1,2.0,RENT,36000.0,36000.0,Source Verified,2016-12-01,2016,12,2016-12,Fully Paid,1,0,debt_consolidation,RI,26.3700008392334,1,20-30,$30k-60k,10.335386721423683,Low Risk,700.0,704.0,2,0,12,0,4575.0,38.79999923706055,25,3169.21728515625,3000.0,169.22000122070312,0.0,Individual,0,0
60095225,22500.0,22500.0,60.0,18.25,574.4199829101562,E,E1,6.0,RENT,45000.0,45000.0,Verified,2015-09-01,2015,9,2015-09,Charged Off,1,1,credit_card,FL,31.760000228881836,1,30-40,$30k-60k,14.830937713894592,High Risk,700.0,704.0,0,1,14,0,23334.0,65.9000015258789,20,7444.64990234375,3310.469970703125,4134.18017578125,0.0,Individual,1,0
144656879,15000.0,15000.0,60.0,10.329999923706055,321.1499938964844,B,B1,0.0,RENT,99700.0,99700.0,Not Verified,2018-12-01,2018,12,2018-12,Current,0,0,debt_consolidation,TX,19.06999969482422,1,10-20,$90k-120k,7.668720054757015,Low Risk,760.0,764.0,0,0,10,0,9818.0,21.100000381469727,27,1211.4300537109375,778.0800170898438,433.3500061035156,0.0,Individual,0,0
102947723,6000.0,6000.0,36.0,11.489999771118164,197.8300018310547,B,B5,8.0,OWN,66000.0,66000.0,Source Verified,2017-03-01,2017,3,2017-03,Charged Off,1,1,debt_consolidation,CA,17.360000610351562,1,10-20,$60k-90k,31.665982203969882,Low Risk,690.0,694.0,0,0,9,0,18369.0,74.69999694824219,15,2085.469970703125,959.3300170898438,421.6499938964844,689.489990234375,Individual,0,0
111736364,24000.0,24000.0,60.0,16.020000457763672,583.8900146484375,C,C5,10.0,OWN,75000.0,75000.0,Not Verified,2017-06-01,2017,6,2017-06,Fully Paid,1,0,medical,TX,11.229999542236328,1,10-20,$60k-90k,32.917180013689254,Medium Risk,805.0,809.0,0,0,18,0,41408.0,5.0,27,24478.373046875,24000.0,478.3699951171875,0.0,Individual,1,0
107389901,10000.0,10000.0,36.0,11.4399995803833,329.4800109863281,B,B4,1.0,MORTGAGE,52000.0,52000.0,Verified,2017-05-01,2017,5,2017-05,Current,0,0,credit_card,OK,24.290000915527344,1,20-30,$30k-60k,12.580424366872005,Low Risk,660.0,664.0,0,1,13,0,9498.0,70.9000015258789,27,7530.3701171875,5989.669921875,1540.699951171875,0.0,Individual,0,0
90091007,20000.0,20000.0,60.0,14.489999771118164,470.4700012207031,C,C4,10.0,OWN,38000.0,38000.0,Verified,2016-09-01,2016,9,2016-09,Current,0,0,debt_consolidation,GA,31.360000610351562,1,30-40,$30k-60k,32.0848733744011,Medium Risk,670.0,674.0,0,0,17,0,25436.0,43.29999923706055,29,14098.0,8218.8603515625,5879.14013671875,0.0,Joint App,0,0
132499954,10000.0,10000.0,36.0,6.070000171661377,304.5400085449219,A,A2,7.0,RENT,60000.0,60000.0,Source Verified,2018-05-01,2018,5,2018-05,Fully Paid,1,0,other,NY,1.5,1,<10,$60k-90k,10.414784394250514,Low Risk,790.0,794.0,0,0,10,0,2274.0,3.299999952316284,14,10143.4609375,10000.0,143.4600067138672,0.0,Individual,0,0
76101967,10000.0,10000.0,60.0,12.989999771118164,227.47999572753906,C,C2,10.0,MORTGAGE,60000.0,60000.0,Not Verified,2016-04-01,2016,4,2016-04,Charged Off,1,1,debt_consolidation,TN,20.079999923706055,1,20-30,$60k-90k,15.75085557837098,Medium Risk,785.0,789.0,0,0,8,0,2827.0,14.100000381469727,68,6177.52001953125,3715.659912109375,2461.860107421875,0.0,Individual,3,0
60636407,15600.0,15600.0,60.0,13.329999923706055,357.5899963378906,C,C3,10.0,RENT,60000.0,60000.0,Source Verified,2015-10-01,2015,10,2015-10,Fully Paid,1,0,debt_consolidation,CA,14.819999694824219,1,10-20,$60k-90k,18.913073237508556,Medium Risk,670.0,674.0,0,0,12,1,13891.0,69.5,30,18865.6015625,15600.0,3265.60009765625,0.0,Individual,2,1
87184138,23000.0,23000.0,36.0,15.59000015258789,803.969970703125,C,C5,1.0,RENT,150000.0,150000.0,Verified,2016-08-01,2016,8,2016-08,Fully Paid,1,0,debt_consolidation,CA,17.809999465942383,1,10-20,$120k+,14.74880219028063,Medium Risk,695.0,699.0,0,4,12,0,24308.0,52.79999923706055,35,25940.8671875,23000.0,2940.8701171875,0.0,Individual,2,0
88880299,11225.0,11225.0,36.0,17.989999771118164,405.760009765625,D,D2,9.0,RENT,35000.0,35000.0,Verified,2016-09-01,2016,9,2016-09,Charged Off,1,1,debt_consolidation,CA,23.299999237060547,1,20-30,$30k-60k,8.583162217659138,Medium Risk,675.0,679.0,0,1,11,0,11288.0,39.29999923706055,13,5242.39013671875,2541.570068359375,1493.5899658203125,1207.22998046875,Individual,0,0
44905261,16000.0,16000.0,36.0,6.389999866485596,489.5899963378906,A,A2,10.0,OWN,109000.0,109000.0,Not Verified,2015-04-01,2015,4,2015-04,Fully Paid,1,0,debt_consolidation,LA,14.479999542236328,1,10-20,$90k-120k,19.917864476386036,Low Risk,715.0,719.0,1,0,10,0,10525.0,65.4000015258789,27,17566.6484375,16000.0,1566.6500244140625,0.0,Individual,2,0
39805716,12000.0,12000.0,36.0,7.489999771118164,373.2200012207031,A,A4,10.0,RENT,60000.0,60000.0,Source Verified,2015-01-01,2015,1,2015-01,Fully Paid,1,0,debt_consolidation,MA,10.979999542236328,1,10-20,$60k-90k,21.251197809719372,Low Risk,715.0,719.0,0,2,6,1,7511.0,56.900001525878906,13,13430.91015625,12000.0,1430.9100341796875,0.0,Individual,0,1
6928701,5000.0,5000.0,36.0,12.350000381469727,166.91000366210938,B,B4,9.0,MORTGAGE,62000.0,62000.0,Not Verified,2013-09-01,2013,9,2013-09,Fully Paid,1,0,debt_consolidation,MN,13.779999732971191,1,10-20,$60k-90k,29.66735112936345,Low Risk,675.0,679.0,0,0,9,0,7269.0,90.9000015258789,24,5641.37548828125,5000.0,641.3800048828125,0.0,Individual,4,0
4674729,17475.0,17475.0,36.0,13.109999656677246,589.72998046875,B,B4,6.0,OWN,39500.0,39500.0,Source Verified,2013-05-01,2013,5,2013-05,Fully Paid,1,0,home_improvement,TX,9.329999923706055,1,<10,$30k-60k,10.245037645448322,Low Risk,690.0,694.0,0,1,12,0,13924.0,34.900001525878906,15,21141.2890625,17475.0,3666.2900390625,0.0,Individual,0,0
74111131,30000.0,30000.0,36.0,12.989999771118164,1010.6799926757812,C,C2,10.0,OWN,70000.0,70000.0,Source Verified,2016-03-01,2016,3,2016-03,Fully Paid,1,0,debt_consolidation,MI,34.77000045776367,1,30-40,$60k-90k,16.583162217659137,Medium Risk,675.0,679.0,0,0,35,0,64572.0,80.4000015258789,52,32164.099609375,30000.0,2164.10009765625,0.0,Individual,4,0
1320069,23950.0,23950.0,60.0,20.5,641.2100219726562,E,E2,6.0,MORTGAGE,52000.0,52000.0,Source Verified,2012-06-01,2012,6,2012-06,Charged Off,1,1,house,NC,21.389999389648438,1,20-30,$30k-60k,18.168377823408623,High Risk,680.0,684.0,0,3,10,1,13945.0,74.19999694824219,28,19086.580078125,6458.2099609375,8414.6201171875,4213.75,Individual,4,1
27120381,30000.0,30000.0,60.0,12.989999771118164,682.4400024414062,C,C1,3.0,MORTGAGE,395000.0,350000.0,Verified,2014-09-01,2014,9,2014-09,Fully Paid,1,0,home_improvement,CA,5.070000171661377,1,<10,$120k+,16.503764544832308,Medium Risk,695.0,699.0,1,0,12,2,32866.0,65.19999694824219,23,40193.06640625,30000.0,10193.0703125,0.0,Individual,1,0
17843293,7000.0,7000.0,36.0,13.979999542236328,239.17999267578125,C,C3,10.0,OWN,60000.0,60000.0,Source Verified,2014-06-01,2014,6,2014-06,Fully Paid,1,0,other,NY,11.039999961853027,1,10-20,$60k-90k,16.580424366872005,Medium Risk,665.0,669.0,1,0,9,1,894.0,14.0,38,8486.2998046875,7000.0,1486.300048828125,0.0,Individual,3,1
138516458,35000.0,35000.0,60.0,10.079999923706055,745.030029296875,B,B1,2.0,MORTGAGE,140000.0,140000.0,Verified,2018-08-01,2018,8,2018-08,Current,0,0,home_improvement,VA,17.200000762939453,1,10-20,$120k+,12.251882272416154,Low Risk,805.0,809.0,0,0,14,0,14414.0,14.0,22,5176.009765625,3237.889892578125,1938.1199951171875,0.0,Individual,2,0
102435081,26550.0,26550.0,36.0,11.489999771118164,875.3900146484375,B,B5,2.0,MORTGAGE,140700.0,140700.0,Source Verified,2017-03-01,2017,3,2017-03,Current,0,0,home_improvement,DE,17.100000381469727,1,10-20,$120k+,12.161533196440795,Low Risk,740.0,744.0,0,0,9,0,7407.0,15.899999618530273,11,20992.41015625,16671.029296875,4321.3798828125,0.0,Individual,0,0
97366275,30000.0,30000.0,36.0,5.320000171661377,903.4500122070312,A,A1,0.0,MORTGAGE,141000.0,141000.0,Verified,2017-03-01,2017,3,2017-03,Fully Paid,1,0,debt_consolidation,WA,18.850000381469727,1,10-20,$120k+,30.581793292265573,Low Risk,750.0,754.0,0,1,11,0,18279.0,38.70000076293945,27,31172.13671875,30000.0,1172.1400146484375,0.0,Individual,4,0
56582843,7500.0,7500.0,36.0,9.989999771118164,241.97000122070312,B,B3,6.0,RENT,45000.0,45000.0,Not Verified,2015-08-01,2015,8,2015-08,Fully Paid,1,0,debt_consolidation,MD,19.68000030517578,1,10-20,$30k-60k,14.494182067077345,Low Risk,705.0,709.0,0,0,11,0,4610.0,31.799999237060547,13,8546.2578125,7500.0,1046.260009765625,0.0,Individual,0,0
139203997,20000.0,20000.0,60.0,12.729999542236328,452.30999755859375,B,B5,10.0,RENT,100000.0,100000.0,Not Verified,2018-08-01,2018,8,2018-08,Current,0,0,credit_card,AZ,9.699999809265137,1,<10,$90k-120k,17.998631074606433,Low Risk,740.0,744.0,0,0,8,0,14932.0,22.200000762939453,20,3067.169921875,1735.4599609375,1331.7099609375,0.0,Individual,1,0
55351464,6000.0,6000.0,36.0,7.889999866485596,187.72000122070312,A,A5,3.0,RENT,25000.0,25000.0,Not Verified,2015-07-01,2015,7,2015-07,Fully Paid,1,0,debt_consolidation,IN,8.260000228881836,1,<10,<$30k,17.746748802190282,Low Risk,710.0,714.0,0,0,6,1,4606.0,34.099998474121094,12,6755.0419921875,6000.0,755.0399780273438,0.0,Individual,0,0
106773257,15000.0,15000.0,36.0,11.390000343322754,493.8599853515625,B,B3,,MORTGAGE,91000.0,91000.0,Verified,2017-04-01,2017,4,2017-04,Fully Paid,1,0,debt_consolidation,NV,22.149999618530273,1,20-30,$90k-120k,34.247775496235455,Low Risk,665.0,669.0,1,0,20,0,17329.0,28.299999237060547,54,17226.32421875,15000.0,2226.320068359375,0.0,Individual,4,0
96850242,12000.0,12000.0,36.0,8.239999771118164,377.3699951171875,B,B1,2.0,MORTGAGE,131000.0,131000.0,Not Verified,2017-01-01,2017,1,2017-01,Fully Paid,1,0,credit_card,VA,4.75,1,<10,$120k+,23.50444900752909,Low Risk,665.0,669.0,0,0,7,1,11283.0,44.79999923706055,17,13097.38671875,12000.0,1097.3900146484375,0.0,Individual,4,1
87125932,20000.0,20000.0,36.0,10.989999771118164,654.6799926757812,B,B4,2.0,RENT,64000.0,64000.0,Verified,2016-08-01,2016,8,2016-08,Current,0,0,debt_consolidation,MI,17.940000534057617,1,10-20,$60k-90k,15.085557837097879,Low Risk,680.0,684.0,1,0,14,0,18256.0,67.5999984741211,27,20294.19921875,16814.669921875,3479.530029296875,0.0,Individual,0,0
118619668,15000.0,15000.0,36.0,9.4399995803833,480.0799865722656,B,B1,10.0,OWN,100000.0,100000.0,Not Verified,2017-09-01,2017,9,2017-09,Current,0,0,debt_consolidation,IL,12.420000076293945,1,10-20,$90k-120k,14.001368925393566,Low Risk,680.0,684.0,0,0,7,0,14918.0,74.5999984741211,25,8625.7099609375,6972.080078125,1653.6300048828125,0.0,Individual,2,0
89032751,5000.0,5000.0,36.0,11.489999771118164,164.86000061035156,B,B5,2.0,MORTGAGE,67200.0,67200.0,Source Verified,2016-09-01,2016,9,2016-09,Fully Paid,1,0,small_business,LA,29.020000457763672,1,20-30,$60k-90k,13.253935660506503,Low Risk,720.0,724.0,0,0,11,0,14670.0,48.70000076293945,37,5687.90771484375,5000.0,687.9099731445312,0.0,Individual,2,0
129818723,22000.0,22000.0,36.0,7.960000038146973,689.0,A,A5,10.0,MORTGAGE,65000.0,65000.0,Verified,2018-03-01,2018,3,2018-03,Current,0,0,credit_card,IL,54.58000183105469,1,40+,$60k-90k,16.161533196440793,Low Risk,730.0,734.0,0,1,23,0,13911.0,22.700000762939453,47,7569.27001953125,6175.85986328125,1393.4100341796875,0.0,Joint App,5,0
998596,4000.0,4000.0,36.0,13.489999771118164,135.72999572753906,C,C1,6.0,RENT,34800.0,34800.0,Not Verified,2011-10-01,2011,10,2011-10,Fully Paid,1,0,debt_consolidation,KY,21.209999084472656,1,20-30,$30k-60k,6.997946611909651,Medium Risk,675.0,679.0,0,3,6,0,2441.0,55.5,13,4643.75048828125,4000.0,643.75,0.0,Individual,-1,0
91973372,24000.0,24000.0,36.0,11.390000343322754,790.1699829101562,B,B3,2.0,MORTGAGE,130000.0,130000.0,Verified,2016-10-01,2016,10,2016-10,Fully Paid,1,0,debt_consolidation,CA,30.90999984741211,1,30-40,$120k+,19.16769336071184,Low Risk,775.0,779.0,0,1,23,0,20127.0,3.799999952316284,51,24877.5234375,24000.0,877.52001953125,0.0,Individual,5,0
137920638,20000.0,20000.0,60.0,10.470000267028809,429.5899963378906,B,B2,10.0,MORTGAGE,80000.0,80000.0,Not Verified,2018-08-01,2018,8,2018-08,Current,0,0,credit_card,CO,14.460000038146973,1,10-20,$60k-90k,13.74674880219028,Low Risk,720.0,724.0,0,0,11,0,27707.0,58.29999923706055,21,2983.860107421875,1833.050048828125,1150.81005859375,0.0,Individual,0,0
5766998,5000.0,5000.0,36.0,13.109999656677246,168.74000549316406,B,B4,10.0,MORTGAGE,55000.0,55000.0,Verified,2013-06-01,2013,6,2013-06,Fully Paid,1,0,other,CA,26.889999389648438,1,20-30,$30k-60k,13.330595482546201,Low Risk,715.0,719.0,0,2,8,0,21156.0,68.19999694824219,22,5981.3798828125,5000.0,981.3800048828125,0.0,Individual,4,0
1429453,24450.0,24450.0,36.0,17.270000457763672,875.0,C,C5,10.0,OWN,62000.0,62000.0,Verified,2012-08-01,2012,8,2012-08,Fully Paid,1,0,debt_consolidation,TX,25.68000030517578,1,20-30,$60k-90k,21.169062286105408,Medium Risk,690.0,694.0,1,1,14,0,25493.0,46.29999923706055,22,31499.919921875,24450.0,7049.919921875,0.0,Individual,0,0
14599381,30225.0,30225.0,60.0,20.489999771118164,809.0499877929688,E,E2,10.0,RENT,72000.0,72000.0,Verified,2014-04-01,2014,4,2014-04,Charged Off,1,1,debt_consolidation,NY,23.030000686645508,1,20-30,$60k-90k,16.917180013689254,High Risk,660.0,664.0,2,0,19,0,7628.0,74.0999984741211,60,25772.890625,12419.6103515625,11345.740234375,2007.5400390625,Individual,0,0
72523272,14075.0,14075.0,60.0,21.18000030517578,382.2099914550781,E,E3,10.0,RENT,40000.0,40000.0,Verified,2016-03-01,2016,3,2016-03,Fully Paid,1,0,debt_consolidation,FL,19.1200008392334,1,10-20,$30k-60k,4.41615331964408,High Risk,670.0,674.0,0,0,17,0,3267.0,23.799999237060547,18,20260.05078125,14075.0,6185.0498046875,0.0,Individual,0,0
12436823,20000.0,20000.0,36.0,6.619999885559082,614.0800170898438,A,A2,10.0,MORTGAGE,87000.0,87000.0,Not Verified,2014-02-01,2014,2,2014-02,Fully Paid,1,0,debt_consolidation,PA,19.139999389648438,1,10-20,$60k-90k,25.67008898015058,Low Risk,730.0,734.0,0,1,8,0,18675.0,86.0999984741211,26,21891.890625,20000.0,1891.8900146484375,0.0,Individual,4,0
65875716,20000.0,20000.0,36.0,13.670000076293945,680.3599853515625,C,C4,10.0,RENT,65000.0,65000.0,Source Verified,2015-12-01,2015,12,2015-12,Fully Paid,1,0,debt_consolidation,NY,19.09000015258789,1,10-20,$60k-90k,24.249144421629023,Medium Risk,680.0,684.0,0,1,21,0,19312.0,30.100000381469727,26,24568.298828125,20000.0,4568.2998046875,0.0,Individual,0,0
144040008,15000.0,15000.0,60.0,19.920000076293945,396.75,D,D3,8.0,MORTGAGE,58000.0,58000.0,Not Verified,2018-11-01,2018,11,2018-11,Current,0,0,debt_consolidation,VA,21.260000228881836,1,20-30,$30k-60k,13.503080082135524,Medium Risk,660.0,664.0,0,0,13,0,32907.0,77.5999984741211,23,1570.4000244140625,605.8800048828125,964.52001953125,0.0,Individual,2,0
3186352,4800.0,4800.0,36.0,21.0,180.85000610351562,E,E2,,MORTGAGE,16152.0,16152.0,Verified,2013-01-01,2013,1,2013-01,Fully Paid,1,0,debt_consolidation,MI,17.010000228881836,1,10-20,<$30k,9.00205338809035,High Risk,670.0,674.0,0,0,6,0,3233.0,67.4000015258789,9,6026.81201171875,4800.0,1226.81005859375,0.0,Individual,0,0
97883361,8000.0,8000.0,36.0,7.489999771118164,248.82000732421875,A,A4,3.0,OWN,60000.0,60000.0,Source Verified,2017-02-01,2017,2,2017-02,Charged Off,1,1,major_purchase,NE,19.790000915527344,1,10-20,$60k-90k,28.418891170431213,Low Risk,740.0,744.0,0,2,16,0,32964.0,26.100000381469727,28,2982.510009765625,2470.260009765625,512.25,0.0,Individual,4,0
51006547,14400.0,14400.0,60.0,14.649999618530273,339.94000244140625,C,C5,10.0,MORTGAGE,81000.0,81000.0,Not Verified,2015-06-01,2015,6,2015-06,Fully Paid,1,0,debt_consolidation,WA,8.930000305175781,1,<10,$60k-90k,21.166324435318277,Medium Risk,680.0,684.0,1,0,9,0,10785.0,61.599998474121094,25,15863.3203125,14400.0,1463.3199462890625,0.0,Individual,8,0
24926050,4000.0,4000.0,36.0,8.390000343322754,126.06999969482422,A,A5,10.0,OWN,54000.0,54000.0,Not Verified,2014-08-01,2014,8,2014-08,Fully Paid,1,0,debt_consolidation,GA,22.600000381469727,1,20-30,$30k-60k,16.084873374401095,Low Risk,715.0,719.0,0,0,10,0,5266.0,42.79999923706055,25,4178.02978515625,4000.0,178.02999877929688,0.0,Individual,3,0
144693058,23000.0,23000.0,60.0,10.329999923706055,492.42999267578125,B,B1,6.0,MORTGAGE,125000.0,125000.0,Not Verified,2018-12-01,2018,12,2018-12,Current,0,0,home_improvement,FL,25.719999313354492,1,20-30,$120k+,12.914442162902121,Low Risk,775.0,779.0,0,0,23,0,22040.0,17.600000381469727,36,1450.8900146484375,890.9400024414062,559.9500122070312,0.0,Individual,3,0
75284023,7000.0,7000.0,36.0,6.96999979019165,216.0500030517578,A,A3,6.0,MORTGAGE,75000.0,75000.0,Not Verified,2016-03-01,2016,3,2016-03,Fully Paid,1,0,debt_consolidation,VA,12.479999542236328,1,10-20,$60k-90k,27.915126625598905,Low Risk,665.0,669.0,0,1,9,1,9705.0,63.400001525878906,23,7678.52490234375,7000.0,678.52001953125,0.0,Individual,2,1
38565529,29375.0,29375.0,36.0,14.3100004196167,1008.4000244140625,C,C4,7.0,MORTGAGE,72000.0,72000.0,Verified,2015-01-01,2015,1,2015-01,Fully Paid,1,0,debt_consolidation,TX,29.6200008392334,1,20-30,$60k-90k,16.58590006844627,Medium Risk,710.0,714.0,0,0,12,0,19785.0,60.5,21,36292.01953125,29375.0,6917.02001953125,0.0,Individual,1,0
139719405,18000.0,18000.0,36.0,11.0600004196167,589.8099975585938,B,B3,6.0,RENT,134207.0,134207.0,Not Verified,2018-09-01,2018,9,2018-09,Late (31-120 days),0,0,debt_consolidation,CA,17.610000610351562,1,10-20,$120k+,11.000684462696784,Low Risk,685.0,689.0,0,0,5,1,12266.0,76.69999694824219,14,2375.830078125,1719.22998046875,656.5999755859375,0.0,Individual,0,1
84434930,14400.0,14400.0,60.0,21.489999771118164,393.54998779296875,D,D5,3.0,MORTGAGE,65000.0,65000.0,Verified,2016-07-01,2016,7,2016-07,Fully Paid,1,0,debt_consolidation,IL,18.93000030517578,1,10-20,$60k-90k,15.748117727583846,Medium Risk,690.0,694.0,0,2,13,0,30045.0,45.20000076293945,17,16455.38671875,14400.0,2055.389892578125,0.0,Individual,1,0
76321582,4000.0,4000.0,36.0,5.320000171661377,120.45999908447266,A,A1,10.0,OWN,57000.0,57000.0,Not Verified,2016-04-01,2016,4,2016-04,Current,0,0,debt_consolidation,ID,13.039999961853027,1,10-20,$30k-60k,17.00205338809035,Low Risk,800.0,804.0,0,1,20,0,3140.0,6.199999809265137,52,4214.919921875,3880.110107421875,334.80999755859375,0.0,Individual,4,0
40360510,19650.0,19650.0,60.0,25.989999771118164,588.219970703125,G,G4,10.0,MORTGAGE,58000.0,58000.0,Verified,2015-01-01,2015,1,2015-01,Charged Off,1,1,debt_consolidation,GA,27.5,1,20-30,$30k-60k,13.25119780971937,High Risk,670.0,674.0,0,1,12,2,6116.0,63.099998474121094,46,8660.3896484375,1995.8499755859375,4446.2001953125,2218.340087890625,Individual,1,0
130796795,19200.0,19200.0,60.0,11.979999542236328,426.8999938964844,B,B5,,MORTGAGE,95000.0,95000.0,Not Verified,2018-03-01,2018,3,2018-03,Current,0,0,other,LA,23.110000610351562,1,20-30,$90k-120k,28.0,Low Risk,715.0,719.0,0,2,15,0,34577.0,52.599998474121094,28,4670.33984375,2720.52001953125,1949.8199462890625,0.0,Individual,3,0
24825718,10000.0,10000.0,36.0,12.489999771118164,334.489990234375,B,B5,10.0,MORTGAGE,60000.0,60000.0,Source Verified,2014-08-01,2014,8,2014-08,Charged Off,1,1,debt_consolidation,AL,34.84000015258789,1,30-40,$60k-90k,12.167008898015059,Low Risk,675.0,679.0,0,0,26,0,28772.0,52.70000076293945,57,5113.509765625,2928.780029296875,1085.0999755859375,1099.6300048828125,Individual,1,0
112758175,25000.0,25000.0,36.0,25.81999969482422,1004.8699951171875,E,E4,2.0,MORTGAGE,65000.0,65000.0,Source Verified,2017-07-01,2017,7,2017-07,Current,0,0,debt_consolidation,SC,21.579999923706055,1,20-30,$60k-90k,11.748117727583846,High Risk,665.0,669.0,0,1,10,1,15574.0,66.30000305175781,15,20025.6796875,11518.6796875,8507.0,0.0,Individual,0,0
63570519,21000.0,21000.0,36.0,12.050000190734863,698.010009765625,C,C1,6.0,RENT,130000.0,130000.0,Verified,2015-11-01,2015,11,2015-11,Fully Paid,1,0,debt_consolidation,FL,11.069999694824219,1,10-20,$120k+,16.418891170431213,Medium Risk,660.0,664.0,0,1,6,0,9718.0,60.400001525878906,20,24341.31640625,21000.0,3341.320068359375,0.0,Individual,1,0
68354964,8000.0,8000.0,36.0,10.779999732971191,261.0799865722656,B,B4,3.0,MORTGAGE,35000.0,35000.0,Source Verified,2015-12-01,2015,12,2015-12,Fully Paid,1,0,debt_consolidation,OH,11.829999923706055,1,10-20,$30k-60k,18.16563997262149,Low Risk,680.0,684.0,0,0,27,0,6436.0,41.79999923706055,40,8446.669921875,8000.0,446.6700134277344,0.0,Individual,3,0
51306678,3000.0,3000.0,36.0,9.170000076293945,95.63999938964844,B,B2,0.0,RENT,52000.0,52000.0,Not Verified,2015-06-01,2015,6,2015-06,Fully Paid,1,0,credit_card,CA,7.590000152587891,1,<10,$30k-60k,10.663928815879535,Low Risk,670.0,674.0,0,0,9,0,3768.0,45.400001525878906,31,3455.569580078125,3000.0,440.57000732421875,0.0,Individual,0,0
137584660,7000.0,7000.0,36.0,8.460000038146973,220.85000610351562,A,A5,0.0,MORTGAGE,25920.0,25920.0,Source Verified,2018-07-01,2018,7,2018-07,Current,0,0,debt_consolidation,WA,13.010000228881836,1,10-20,<$30k,14.663928815879535,Low Risk,670.0,674.0,0,0,10,1,3820.0,8.300000190734863,28,1760.219970703125,1406.3399658203125,353.8800048828125,0.0,Individual,0,1
101452494,13000.0,13000.0,36.0,13.489999771118164,441.1000061035156,C,C2,6.0,MORTGAGE,35000.0,35000.0,Not Verified,2017-03-01,2017,3,2017-03,Current,0,0,debt_consolidation,WI,18.860000610351562,1,10-20,$30k-60k,12.161533196440795,Medium Risk,665.0,669.0,0,0,10,0,14158.0,35.29999923706055,13,10566.91015625,8074.27001953125,2492.639892578125,0.0,Individual,1,0
1626430,21000.0,21000.0,36.0,14.09000015258789,718.6500244140625,B,B5,8.0,MORTGAGE,330000.0,330000.0,Verified,2012-10-01,2012,10,2012-10,Fully Paid,1,0,credit_card,NY,12.010000228881836,1,10-20,$120k+,15.252566735112936,Low Risk,705.0,709.0,0,1,12,0,39570.0,81.5,46,24800.298828125,21000.0,3800.300048828125,0.0,Individual,1,0
101911380,8000.0,8000.0,36.0,5.320000171661377,240.9199981689453,A,A1,6.0,MORTGAGE,230000.0,230000.0,Source Verified,2017-03-01,2017,3,2017-03,Fully Paid,1,0,debt_consolidation,CA,15.039999961853027,1,10-20,$120k+,21.248459958932237,Low Risk,815.0,819.0,0,1,32,0,89634.0,3.0999999046325684,62,8170.65771484375,8000.0,170.66000366210938,0.0,Individual,4,0
123937016,20000.0,20000.0,36.0,10.420000076293945,649.2999877929688,B,B3,,MORTGAGE,0.0,0.0,Not Verified,2017-11-01,2017,11,2017-11,Current,0,0,debt_consolidation,IL,,0,Invalid/Unknown,<$30k,15.586584531143053,Low Risk,700.0,704.0,1,0,2,0,0.0,,13,10383.009765625,8126.41015625,2256.60009765625,0.0,Joint App,3,0
1110990,8900.0,8900.0,36.0,6.03000020980835,270.8800048828125,A,A1,5.0,MORTGAGE,185000.0,185000.0,Verified,2012-01-01,2012,1,2012-01,Fully Paid,1,0,home_improvement,MD,1.2599999904632568,1,<10,$120k+,10.50239561943874,Low Risk,780.0,784.0,0,1,7,0,7265.0,19.899999618530273,31,9751.5322265625,8900.0,851.530029296875,0.0,Individual,-1,0
145212618,7000.0,7000.0,36.0,18.940000534057617,256.3800048828125,D,D2,0.0,OWN,140000.0,140000.0,Not Verified,2018-12-01,2018,12,2018-12,Current,0,0,debt_consolidation,TX,7.059999942779541,1,<10,$120k+,23.50171115674196,Medium Risk,745.0,749.0,0,3,25,0,26043.0,17.399999618530273,53,542.22998046875,294.1000061035156,248.1300048828125,0.0,Joint App,0,0
125711770,22000.0,22000.0,60.0,18.059999465942383,559.3800048828125,D,D2,6.0,RENT,48000.0,48000.0,Verified,2017-12-01,2017,12,2017-12,Current,0,0,debt_consolidation,VA,22.530000686645508,1,20-30,$30k-60k,14.915811088295689,Medium Risk,690.0,694.0,0,0,6,0,14534.0,90.30000305175781,12,8335.51953125,3809.56005859375,4525.9599609375,0.0,Individual,0,0
35104504,6000.0,6000.0,36.0,13.65999984741211,204.0800018310547,C,C3,10.0,MORTGAGE,64593.0,64593.0,Source Verified,2014-11-01,2014,11,2014-11,Fully Paid,1,0,home_improvement,VA,11.199999809265137,1,10-20,$60k-90k,9.585215605749486,Medium Risk,685.0,689.0,1,0,12,0,6647.0,59.900001525878906,25,7337.609375,6000.0,1337.6099853515625,0.0,Individual,2,0
10568524,16000.0,16000.0,60.0,14.470000267028809,376.2099914550781,C,C2,10.0,MORTGAGE,60000.0,60000.0,Source Verified,2014-01-01,2014,1,2014-01,Fully Paid,1,0,debt_consolidation,SC,29.68000030517578,1,20-30,$60k-90k,27.085557837097877,Medium Risk,715.0,719.0,0,0,27,0,22213.0,44.79999923706055,54,20556.349609375,16000.0,4556.35009765625,0.0,Individual,2,0
92360150,35000.0,35000.0,36.0,11.489999771118164,1154.0,B,B5,5.0,RENT,90000.0,90000.0,Verified,2016-11-01,2016,11,2016-11,Current,0,0,debt_consolidation,CA,18.8799991607666,1,10-20,$90k-120k,18.91854893908282,Low Risk,695.0,699.0,0,0,7,0,48353.0,83.69999694824219,20,32289.66015625,26153.66015625,6136.0,0.0,Individual,0,0
11445380,30000.0,30000.0,36.0,12.989999771118164,1010.6799926757812,B,B5,2.0,RENT,100000.0,100000.0,Verified,2014-04-01,2014,4,2014-04,Fully Paid,1,0,credit_card,CA,6.449999809265137,1,<10,$90k-120k,8.498288843258042,Low Risk,700.0,704.0,0,2,5,0,13973.0,79.80000305175781,12,31835.501953125,30000.0,1835.5,0.0,Individual,0,0
120150568,10000.0,10000.0,36.0,15.050000190734863,346.8999938964844,C,C4,3.0,RENT,55000.0,55000.0,Source Verified,2017-10-01,2017,10,2017-10,Fully Paid,1,0,debt_consolidation,TX,25.940000534057617,1,20-30,$30k-60k,6.587268993839836,Medium Risk,690.0,694.0,0,0,6,0,21360.0,55.20000076293945,13,10946.376953125,10000.0,946.3800048828125,0.0,Individual,0,0
102366580,10000.0,10000.0,36.0,11.390000343322754,329.239990234375,B,B3,8.0,MORTGAGE,72000.0,72000.0,Not Verified,2017-03-01,2017,3,2017-03,Current,0,0,debt_consolidation,TX,12.800000190734863,1,10-20,$60k-90k,12.0,Low Risk,665.0,669.0,0,0,27,0,17436.0,36.20000076293945,53,7889.10009765625,6282.56005859375,1606.5400390625,0.0,Individual,0,0
62295369,16800.0,16800.0,36.0,8.180000305175781,527.8499755859375,B,B1,2.0,MORTGAGE,51715.0,51715.0,Source Verified,2015-10-01,2015,10,2015-10,Fully Paid,1,0,debt_consolidation,WI,24.459999084472656,1,20-30,$30k-60k,27.498973305954827,Low Risk,685.0,689.0,0,0,12,0,8804.0,66.69999694824219,39,18974.38671875,16800.0,2174.389892578125,0.0,Individual,4,0
